{ "name" : "default-best-best" , "od-/const" : 0.05729463873143567 , "od-/wiki-categories-word-count" : 0.09090909090909091 , "od-/wiki-infobox-word-count-16" : 0.04339853963914114 , "score" : "0.12416968325754933" , "uni-/const" : 0.4211181908595297 , "uni-/wiki-categories-word-count" : 0.07794079100138795 , "uni-/wiki-infobox-word-count-16" : 0.2729459558596952 , "uww-/const" : 0.018907854432409225 , "uww-/wiki-categories-word-count" : 0.0 , "uww-/wiki-infobox-word-count-16" : 0.017484938567310166 }
