{ "name" : "default-best-best" , "od-/const" : 0.09519836040679591 , "od-/wiki-categories-word-count" : 0.012900025023586652 , "od-/wiki-infobox-word-count-16" : 0.0 , "score" : "0.12862121781229643" , "uni-/const" : 0.4392759798296188 , "uni-/wiki-categories-word-count" : 0.02712044441510218 , "uni-/wiki-infobox-word-count-16" : 0.3520385004279581 , "uww-/const" : 0.0734666898969384 , "uww-/wiki-categories-word-count" : 0.0 , "uww-/wiki-infobox-word-count-16" : 0.0 }
