{ "name" : "default-best-best" , "od-/const" : 0.04804251727841414 , "od-/wiki-categories-word-count" : 0.0 , "od-/wiki-infobox-word-count-16" : 0.04489266204994572 , "score" : "0.2113872799479127" , "uni-/const" : 0.2586286019379168 , "uni-/wiki-categories-word-count" : 0.29482213654421185 , "uni-/wiki-infobox-word-count-16" : 0.33601902354950824 , "uww-/const" : 0.017595058640003127 , "uww-/wiki-categories-word-count" : 0.0 , "uww-/wiki-infobox-word-count-16" : 0.0 }
