{ "name" : "default-best-best" , "od-/const" : 0.07761792254959753 , "od-/wiki-categories-word-count" : 0.0 , "od-/wiki-infobox-word-count-16" : 0.0 , "score" : "0.24664459009202816" , "uni-/const" : 0.2311302672104165 , "uni-/wiki-categories-word-count" : 0.19589277893437504 , "uni-/wiki-infobox-word-count-16" : 0.3763108603166694 , "uww-/const" : 0.07635958526104074 , "uww-/wiki-categories-word-count" : 0.0 , "uww-/wiki-infobox-word-count-16" : 0.042688585727901074 }
