{ "name" : "default-best-best" , "od-/const" : 0.06004027985242597 , "od-/wiki-categories-word-count" : 0.0 , "od-/wiki-infobox-word-count-16" : 0.0 , "score" : "0.22151830432030226" , "uni-/const" : 0.21212046517353383 , "uni-/wiki-categories-word-count" : 0.36267248737020735 , "uni-/wiki-infobox-word-count-16" : 0.20553680271238134 , "uww-/const" : 0.037283461285437136 , "uww-/wiki-categories-word-count" : 0.03734128873903519 , "uww-/wiki-infobox-word-count-16" : 0.08500521486697908 }
