{ "name" : "default-best-best" , "od-/const" : 0.09743796772668688 , "od-/wiki-categories-word-count" : 0.0 , "od-/wiki-infobox-word-count-16" : 0.0 , "score" : "0.21184108366171808" , "uni-/const" : 0.18041272205721412 , "uni-/wiki-categories-word-count" : 0.242832422273579 , "uni-/wiki-infobox-word-count-16" : 0.310065080696802 , "uww-/const" : 0.16925180724571798 , "uww-/wiki-categories-word-count" : 0.0 , "uww-/wiki-infobox-word-count-16" : 0.0 }
