{ "name" : "default-best-best" , "od-/const" : 0.11967477407546456 , "od-/wiki-categories-word-count" : 0.0 , "od-/wiki-infobox-word-count-16" : 0.0 , "score" : "0.22458779400469994" , "uni-/const" : 0.20825117016130432 , "uni-/wiki-categories-word-count" : 0.312532881869723 , "uni-/wiki-infobox-word-count-16" : 0.180276680493369 , "uww-/const" : 0.08185934924153415 , "uww-/wiki-categories-word-count" : 0.04013698773904387 , "uww-/wiki-infobox-word-count-16" : 0.05726815641956101 }
