{ "name" : "default-best-best" , "od-/const" : 0.18918278151349502 , "od-/wiki-categories-word-count" : 0.009367757930388078 , "od-/wiki-infobox-word-count-16" : 0.0 , "score" : "0.24830675093155982" , "uni-/const" : 0.06397699276867615 , "uni-/wiki-categories-word-count" : 0.1708466368204878 , "uni-/wiki-infobox-word-count-16" : 0.3694834018360025 , "uww-/const" : 0.1971424291309504 , "uww-/wiki-categories-word-count" : 0.0 , "uww-/wiki-infobox-word-count-16" : 0.0 }
