{ "name" : "default-best-best" , "od-/const" : 0.19557200799354116 , "od-/wiki-categories-word-count" : 0.0 , "od-/wiki-infobox-word-count-16" : 0.02231578510746796 , "score" : "0.23155558364873136" , "uni-/const" : 0.16035011130921129 , "uni-/wiki-categories-word-count" : 0.23956823658289672 , "uni-/wiki-infobox-word-count-16" : 0.2550133270472562 , "uww-/const" : 0.0 , "uww-/wiki-categories-word-count" : 0.0 , "uww-/wiki-infobox-word-count-16" : 0.12718053195962672 }
