{ "name" : "default-best-best" , "od-/const" : 0.16076970475082475 , "od-/wiki-categories-word-count" : 0.06069154931145112 , "od-/wiki-infobox-word-count-16" : 0.06519255603024443 , "score" : "0.2206855551245423" , "uni-/const" : 0.11345040857158616 , "uni-/wiki-categories-word-count" : 0.1643754607191569 , "uni-/wiki-infobox-word-count-16" : 0.3160928929421415 , "uww-/const" : 0.11118691724517232 , "uww-/wiki-categories-word-count" : 0.0 , "uww-/wiki-infobox-word-count-16" : 0.008240510429422813 }
