{ "name" : "default-best-best" , "od-/const" : 0.14068420857132183 , "od-/wiki-categories-word-count" : 0.042575497731766145 , "od-/wiki-infobox-word-count-16" : 0.20521283201412652 , "score" : "0.20907983124439508" , "uni-/const" : 0.14770796323585997 , "uni-/wiki-categories-word-count" : 0.0 , "uni-/wiki-infobox-word-count-16" : 0.33820969702453535 , "uww-/const" : 0.09325905353566064 , "uww-/wiki-categories-word-count" : 0.0 , "uww-/wiki-infobox-word-count-16" : 0.0323507478867295 }
