{ "name" : "default-best-best" , "od-/const" : 0.058794404272241065 , "od-/wiki-categories-word-count" : 0.04857118762187143 , "od-/wiki-infobox-word-count-16" : 0.19908096453113777 , "score" : "0.3863983993254921" , "uni-/const" : 0.1556698254190272 , "uni-/wiki-categories-word-count" : 0.18083067317609974 , "uni-/wiki-infobox-word-count-16" : 0.0018809022055404508 , "uww-/const" : 0.1610898902150382 , "uww-/wiki-categories-word-count" : 0.0 , "uww-/wiki-infobox-word-count-16" : 0.19408215255904415 }
