{ "name" : "default-best-best" , "od-/const" : 0.01389895115131317 , "od-/wiki-categories-word-count" : 0.0 , "od-/wiki-infobox-word-count-16" : 0.1729564289807886 , "score" : "0.4152112990082906" , "uni-/const" : 0.263461216648421 , "uni-/wiki-categories-word-count" : 0.15600667083858766 , "uni-/wiki-infobox-word-count-16" : 0.0 , "uww-/const" : 0.06429724399908798 , "uww-/wiki-categories-word-count" : 0.03519990970321449 , "uww-/wiki-infobox-word-count-16" : 0.294179578678587 }
