{ "name" : "default-best-best" , "od-/const" : 0.08649914984464624 , "od-/wiki-categories-word-count" : 0.025322699208987425 , "od-/wiki-infobox-word-count-16" : 0.08635151982574822 , "score" : "0.4045974772479379" , "uni-/const" : 0.2571826471809593 , "uni-/wiki-categories-word-count" : 0.20094404071816307 , "uni-/wiki-infobox-word-count-16" : 0.08944436872166238 , "uww-/const" : 0.026810739331591855 , "uww-/wiki-categories-word-count" : 0.14050500602874091 , "uww-/wiki-infobox-word-count-16" : 0.08693982913950069 }
