{ "bi-attributes-/np-part" : 0.0666039860501076 , "bi-attributes-baselinetopscore" : 0.11630752284618505 , "bi-attributes-fieldlikelihood" : 0.0666039860501076 , "bi-categories-/np-part" : 0.11394068776065752 , "bi-categories-baselinetopscore" : 0.2637672714636164 , "bi-categories-fieldlikelihood" : 0.05933889057573055 , "bi-names-/np-part" : 0.0 , "bi-names-baselinetopscore" : 0.0 , "bi-names-fieldlikelihood" : 0.0 , "bi-outgoingentitynames-/np-part" : 0.11527636017084833 , "bi-outgoingentitynames-baselinetopscore" : 0.0666039860501076 , "bi-outgoingentitynames-fieldlikelihood" : 0.06495332298253183 , "bi-similarentitynames-/np-part" : 0.0 , "bi-similarentitynames-baselinetopscore" : 0.0666039860501076 , "bi-similarentitynames-fieldlikelihood" : 0.0 , "name" : "default-best" , "score" : "0.17977491207195093" }
