{ "bi-attributes-/np-part" : 0.021655292423888684 , "bi-attributes-baselinetopscore" : 0.03423322674018213 , "bi-attributes-fieldlikelihood" : 0.03147596658463618 , "bi-categories-/np-part" : 0.043635414234135715 , "bi-categories-baselinetopscore" : 0.05656451506182607 , "bi-categories-fieldlikelihood" : 0.1337946136163252 , "bi-names-/np-part" : 0.05714717494707043 , "bi-names-baselinetopscore" : 0.14818445914511727 , "bi-names-fieldlikelihood" : 0.08662116969555475 , "bi-outgoingentitynames-/np-part" : 0.0 , "bi-outgoingentitynames-baselinetopscore" : 0.0 , "bi-outgoingentitynames-fieldlikelihood" : 0.0 , "bi-similarentitynames-/np-part" : 0.14204313625196432 , "bi-similarentitynames-baselinetopscore" : 0.14833875310363748 , "bi-similarentitynames-fieldlikelihood" : 0.09630627819566165 , "name" : "default-best" , "score" : "0.30079225065787246" }
