{ "name" : "default-best-best" , "od-/const" : 0.11613413765625341 , "od-/google-ngrams-word-invcount" : 0.11573741887530631 , "score" : "0.12806189716033028" , "uni-/const" : 0.31979062422002597 , "uni-/google-ngrams-word-invcount" : 0.2672534702845132 , "uww-/const" : 0.11851477596882687 , "uww-/google-ngrams-word-invcount" : 0.06256957299507417 }
