{ "name" : "default-best-best" , "od-/const" : 0.05888970282069625 , "od-/google-ngrams-word-invcount" : 0.0 , "score" : "0.1390176837298966" , "uni-/const" : 0.3906450282163318 , "uni-/google-ngrams-word-invcount" : 0.37675856459868895 , "uww-/const" : 0.11589313950912825 , "uww-/google-ngrams-word-invcount" : 0.057813564855154875 }
