{ "name" : "default-best-best" , "od-/const" : 0.05949106981076551 , "od-/google-ngrams-word-invcount" : 0.11600100117148616 , "score" : "0.1445051913828031" , "uni-/const" : 0.39747774225932575 , "uni-/google-ngrams-word-invcount" : 0.3541519443804257 , "uww-/const" : 0.07287824237799677 , "uww-/google-ngrams-word-invcount" : 0.0 }
