{ "name" : "default-best-best" , "od-/const" : 0.07493176493953121 , "od-/google-ngrams-word-invcount" : 0.023933108619674195 , "score" : "0.14374627695437642" , "uni-/const" : 0.465853323070747 , "uni-/google-ngrams-word-invcount" : 0.37394378290011937 , "uww-/const" : 0.030913896527134346 , "uww-/google-ngrams-word-invcount" : 0.03042412394279372 }
