{ "name" : "default-best-best" , "od-/const" : 0.1387095830665679 , "od-/google-ngrams-word-invcount" : 0.0 , "score" : "0.12788105240735773" , "uni-/const" : 0.7492863634997835 , "uni-/google-ngrams-word-invcount" : 0.052547383307852524 , "uww-/const" : 0.006560943141801406 , "uww-/google-ngrams-word-invcount" : 0.052895726983994744 }
