{ "name" : "default-best-best" , "od-/const" : 0.0 , "od-/google-ngrams-word-invcount" : 0.0260435856859337 , "score" : "0.24628253517157558" , "uni-/const" : 0.37352588671926235 , "uni-/google-ngrams-word-invcount" : 0.35490407418135533 , "uww-/const" : 0.14992930389963138 , "uww-/google-ngrams-word-invcount" : 0.09559714951381736 }
