{ "name" : "default-best-best" , "od-/const" : 0.06569397633286889 , "od-/google-ngrams-word-invcount" : 0.0 , "score" : "0.29003562274575084" , "uni-/const" : 0.3357716994898555 , "uni-/google-ngrams-word-invcount" : 0.36426323067245303 , "uww-/const" : 0.061037938926486325 , "uww-/google-ngrams-word-invcount" : 0.17323315457833627 }
