{ "name" : "default-best-best" , "od-/const" : 0.09717221288870759 , "od-/google-ngrams-word-invcount" : 0.0 , "score" : "0.2723847593923265" , "uni-/const" : 0.2664568538856921 , "uni-/google-ngrams-word-invcount" : 0.42530447877351857 , "uww-/const" : 0.025836687462720304 , "uww-/google-ngrams-word-invcount" : 0.18522976698936133 }
