{ "name" : "default-best-best" , "od-/const" : 0.06787177199279533 , "od-/google-ngrams-word-invcount" : 0.049836721203785746 , "score" : "0.26141022249129225" , "uni-/const" : 0.3185012148416573 , "uni-/google-ngrams-word-invcount" : 0.3279694883082621 , "uww-/const" : 0.023666245985009812 , "uww-/google-ngrams-word-invcount" : 0.21215455766848992 }
