{ "name" : "default-best-best" , "od-/const" : 0.0635209216913883 , "od-/google-ngrams-word-invcount" : 0.025212505582410085 , "score" : "0.24278596312892872" , "uni-/const" : 0.36838468129549695 , "uni-/google-ngrams-word-invcount" : 0.4254875145655691 , "uww-/const" : 0.05152997874913919 , "uww-/google-ngrams-word-invcount" : 0.06586439811599627 }
