{ "name" : "default-best-best" , "od-/const" : 0.1793698070590888 , "od-/google-ngrams-word-invcount" : 0.1534598707546537 , "score" : "0.21846470443238494" , "uni-/const" : 0.3362648147207066 , "uni-/google-ngrams-word-invcount" : 0.22061838897196828 , "uww-/const" : 0.016227522178950946 , "uww-/google-ngrams-word-invcount" : 0.0940595963146318 }
