{ "name" : "default-best-best" , "od-/const" : 0.0429855883962911 , "od-/google-ngrams-word-invcount" : 0.18711676263604748 , "score" : "0.26824901749774216" , "uni-/const" : 0.16954850516937367 , "uni-/google-ngrams-word-invcount" : 0.4557192965260597 , "uww-/const" : 0.09927837334932559 , "uww-/google-ngrams-word-invcount" : 0.0453514739229025 }
