{ "name" : "default-best-best" , "od-/const" : 0.306249476752044 , "od-/google-ngrams-word-invcount" : 0.008204496749946038 , "score" : "0.24765666868638778" , "uni-/const" : 0.2810567761557583 , "uni-/google-ngrams-word-invcount" : 0.15392809326391582 , "uww-/const" : 0.19676128219303746 , "uww-/google-ngrams-word-invcount" : 0.053799874885298506 }
