{ "name" : "default-best-best" , "od-/const" : 0.2883426156609094 , "od-/google-ngrams-word-invcount" : 0.10863313426002667 , "score" : "0.24514837185185456" , "uni-/const" : 0.13624651523337386 , "uni-/google-ngrams-word-invcount" : 0.10916527863110007 , "uww-/const" : 0.2273854625121148 , "uww-/google-ngrams-word-invcount" : 0.13022699370247529 }
