{ "name" : "default-best-best" , "od-/const" : 0.20513578331743118 , "od-/google-ngrams-word-invcount" : 0.19679739835517127 , "score" : "0.25716585631001043" , "uni-/const" : 0.15250420437006276 , "uni-/google-ngrams-word-invcount" : 0.1435950483222018 , "uww-/const" : 0.20513578331743118 , "uww-/google-ngrams-word-invcount" : 0.09683178231770193 }
