{ "name" : "default-best-best" , "od-/const" : 0.0 , "od-/google-ngrams-word-invcount" : 0.08639386557834058 , "score" : "0.4318637614939473" , "uni-/const" : 0.2775214941927592 , "uni-/google-ngrams-word-invcount" : 0.3017104899713214 , "uww-/const" : 0.11731869300336266 , "uww-/google-ngrams-word-invcount" : 0.21705545725421624 }
