{ "name" : "default-best-best" , "od-/const" : 0.0 , "od-/google-ngrams-word-invcount" : 0.30923473308541094 , "score" : "0.3929629353134618" , "uni-/const" : 0.32769188318381726 , "uni-/google-ngrams-word-invcount" : 0.0 , "uww-/const" : 0.21211486397569687 , "uww-/google-ngrams-word-invcount" : 0.15095851975507485 }
