{ "name" : "default-best-best" , "od-/const" : 0.05489145565450466 , "od-/google-ngrams-word-invcount" : 0.07309615422869971 , "score" : "0.4404773237043665" , "uni-/const" : 0.27286670880411834 , "uni-/google-ngrams-word-invcount" : 0.37055513484601305 , "uww-/const" : 0.0941576335487287 , "uww-/google-ngrams-word-invcount" : 0.13443291291793544 }
