{ "name" : "default-best-best" , "od-/const" : 0.06059795071375833 , "od-/google-ngrams-word-invcount" : 0.06299254471588525 , "score" : "0.3975922456444728" , "uni-/const" : 0.26768368842481804 , "uni-/google-ngrams-word-invcount" : 0.32033324103758665 , "uww-/const" : 0.06590944996132238 , "uww-/google-ngrams-word-invcount" : 0.22248312514662935 }
