{ "name" : "default-best-best" , "od-/const" : 0.09783739213156487 , "od-/google-ngrams-word-invcount" : 0.11923536416447507 , "score" : "0.4118426646471977" , "uni-/const" : 0.27958121807134967 , "uni-/google-ngrams-word-invcount" : 0.11906313786061576 , "uww-/const" : 0.12005523465381066 , "uww-/google-ngrams-word-invcount" : 0.2642276531181839 }
