{ "name" : "default-best" , "score" : "0.10721222087808535" , "uni-attributes-baselinetopscore" : 0.5094653122917103 , "uni-categories-baselinetopscore" : 0.37731834425107624 , "uni-names-baselinetopscore" : 0.05488585880872892 , "uni-outgoingentitynames-baselinetopscore" : 0.010004490112707742 , "uni-similarentitynames-baselinetopscore" : 0.04832599453577665 }
