{ "name" : "default-best" , "score" : "0.12003551094180617" , "uni-attributes-baselinetopscore" : 0.45446757567396406 , "uni-categories-baselinetopscore" : 0.33078392883353985 , "uni-names-baselinetopscore" : 0.0316000063515637 , "uni-outgoingentitynames-baselinetopscore" : 0.02596712916225251 , "uni-similarentitynames-baselinetopscore" : 0.1571813599786798 }
