{ "name" : "default-best" , "score" : "0.11302159541063757" , "uni-attributes-baselinetopscore" : 0.5119255885513704 , "uni-categories-baselinetopscore" : 0.24321578297966062 , "uni-names-baselinetopscore" : 0.10876971122803497 , "uni-outgoingentitynames-baselinetopscore" : 0.04761904761904763 , "uni-similarentitynames-baselinetopscore" : 0.08846986962188642 }
