{ "name" : "default-best" , "score" : "0.11832332016291061" , "uni-attributes-baselinetopscore" : 0.4859123824734671 , "uni-categories-baselinetopscore" : 0.34766421494310285 , "uni-names-baselinetopscore" : 0.0 , "uni-outgoingentitynames-baselinetopscore" : 0.011317806044063237 , "uni-similarentitynames-baselinetopscore" : 0.15510559653936698 }
