{ "name" : "default-best" , "score" : "0.12525875425403038" , "uni-attributes-baselinetopscore" : 0.4631056129095989 , "uni-categories-baselinetopscore" : 0.3260347744982021 , "uni-names-baselinetopscore" : 0.04460907357967456 , "uni-outgoingentitynames-baselinetopscore" : 0.007459509905303383 , "uni-similarentitynames-baselinetopscore" : 0.1587910291072211 }
