{ "name" : "default-best" , "score" : "0.2017706129450192" , "uni-attributes-baselinetopscore" : 0.3639112410561663 , "uni-categories-baselinetopscore" : 0.6136323580333107 , "uni-names-baselinetopscore" : -0.05012531328320802 , "uni-outgoingentitynames-baselinetopscore" : 0.06687407880092462 , "uni-similarentitynames-baselinetopscore" : 0.005707635392806295 }
