{ "name" : "default-best" , "score" : "0.21059393083209682" , "uni-attributes-baselinetopscore" : 0.3937052130049486 , "uni-categories-baselinetopscore" : 0.5100165458971925 , "uni-names-baselinetopscore" : -0.05554051333319449 , "uni-outgoingentitynames-baselinetopscore" : 0.08025105147501783 , "uni-similarentitynames-baselinetopscore" : 0.07156770295603561 }
