{ "name" : "default-best" , "score" : "0.1861537923352412" , "uni-attributes-baselinetopscore" : 0.40168941424278637 , "uni-categories-baselinetopscore" : 0.59193173784581 , "uni-names-baselinetopscore" : -0.11417231394259775 , "uni-outgoingentitynames-baselinetopscore" : 0.05108763999738128 , "uni-similarentitynames-baselinetopscore" : 0.06946352185662019 }
