{ "name" : "default-best" , "score" : "0.18023016032097752" , "uni-attributes-baselinetopscore" : 0.41767852912785847 , "uni-categories-baselinetopscore" : 0.46943923150615274 , "uni-names-baselinetopscore" : -0.01326543546537256 , "uni-outgoingentitynames-baselinetopscore" : 0.05741724041370206 , "uni-similarentitynames-baselinetopscore" : 0.0687304344176593 }
