{ "name" : "default-best" , "score" : "0.2045104505173664" , "uni-attributes-baselinetopscore" : 0.34134330646811756 , "uni-categories-baselinetopscore" : 0.5560242404152711 , "uni-names-baselinetopscore" : 0.0 , "uni-outgoingentitynames-baselinetopscore" : 0.040706985329188254 , "uni-similarentitynames-baselinetopscore" : 0.06192546778742302 }
