{ "name" : "default-best" , "score" : "0.2015296678189009" , "uni-attributes-baselinetopscore" : 0.28514777474066355 , "uni-categories-baselinetopscore" : 0.18575160319198947 , "uni-names-baselinetopscore" : -0.12030519623127542 , "uni-outgoingentitynames-baselinetopscore" : 0.4486440260226336 , "uni-similarentitynames-baselinetopscore" : 0.20076179227598875 }
