{ "name" : "default-best" , "score" : "0.15996129772072187" , "uni-attributes-baselinetopscore" : 0.48680739319278243 , "uni-categories-baselinetopscore" : 0.1347713469281076 , "uni-names-baselinetopscore" : -0.09594465135255437 , "uni-outgoingentitynames-baselinetopscore" : 0.34812585941053664 , "uni-similarentitynames-baselinetopscore" : 0.12624005182112763 }
