{ "name" : "default-best" , "score" : "0.16792393980317244" , "uni-attributes-baselinetopscore" : 0.2990996206505841 , "uni-categories-baselinetopscore" : 0.15629089831045723 , "uni-names-baselinetopscore" : 0.008846841535719754 , "uni-outgoingentitynames-baselinetopscore" : 0.413460856849293 , "uni-similarentitynames-baselinetopscore" : 0.12230178265394588 }
