{ "name" : "default-best" , "score" : "0.17665079586370064" , "uni-attributes-baselinetopscore" : 0.2690534200182113 , "uni-categories-baselinetopscore" : 0.2235170192712236 , "uni-names-baselinetopscore" : -0.10539506661390319 , "uni-outgoingentitynames-baselinetopscore" : 0.43011458376404893 , "uni-similarentitynames-baselinetopscore" : 0.18271004356041934 }
