{ "name" : "default-best" , "score" : "0.18520592705502414" , "uni-attributes-baselinetopscore" : 0.2969293814394819 , "uni-categories-baselinetopscore" : 0.21549024736587485 , "uni-names-baselinetopscore" : -0.05276348766653476 , "uni-outgoingentitynames-baselinetopscore" : 0.34817360470692144 , "uni-similarentitynames-baselinetopscore" : 0.19217025415425654 }
