{ "name" : "default-best" , "score" : "0.3567926327403969" , "uni-attributes-baselinetopscore" : 0.3147320512479868 , "uni-categories-baselinetopscore" : 0.1054240477905436 , "uni-names-baselinetopscore" : 0.2666527146409367 , "uni-outgoingentitynames-baselinetopscore" : 0.0088575488284192 , "uni-similarentitynames-baselinetopscore" : 0.3043336374921137 }
