{ "name" : "default-best" , "score" : "0.32884468982139664" , "uni-attributes-baselinetopscore" : 0.33671337723944533 , "uni-categories-baselinetopscore" : 0.10023296755510228 , "uni-names-baselinetopscore" : 0.2443688176891229 , "uni-outgoingentitynames-baselinetopscore" : 0.007281071599558668 , "uni-similarentitynames-baselinetopscore" : 0.3114037659167707 }
