{ "name" : "default-best" , "score" : "0.3282173384834382" , "uni-attributes-baselinetopscore" : 0.36641737957541554 , "uni-categories-baselinetopscore" : 0.10297666128937503 , "uni-names-baselinetopscore" : 0.31347608771303315 , "uni-outgoingentitynames-baselinetopscore" : 0.0 , "uni-similarentitynames-baselinetopscore" : 0.21712987142217627 }
