{ "name" : "default-best" , "score" : "0.3418075979645575" , "uni-attributes-baselinetopscore" : 0.3203922218811618 , "uni-categories-baselinetopscore" : 0.0640255243191791 , "uni-names-baselinetopscore" : 0.2764705695794632 , "uni-outgoingentitynames-baselinetopscore" : 0.02147993515355946 , "uni-similarentitynames-baselinetopscore" : 0.3176317490666365 }
