{ "name" : "default-best" , "score" : "0.32651899063714535" , "uni-attributes-baselinetopscore" : 0.4132576681994031 , "uni-categories-baselinetopscore" : 0.05721401661391577 , "uni-names-baselinetopscore" : 0.29616681186472155 , "uni-outgoingentitynames-baselinetopscore" : 0.05137335128597237 , "uni-similarentitynames-baselinetopscore" : 0.18198815203598717 }
