{ "name" : "default-best" , "score" : "0.1212559633638173" , "uni-attributes-/nnp" : 0.21045428630130483 , "uni-attributes-/nns" : 0.22965753087656637 , "uni-attributes-fieldlikelihood" : 0.11876972314244388 , "uni-categories-/nnp" : 2.746220952902655E-4 , "uni-categories-/nns" : 0.18262101319341387 , "uni-categories-fieldlikelihood" : 0.09308286267539448 , "uni-names-/nnp" : 0.05354838366349036 , "uni-names-/nns" : 0.0 , "uni-names-fieldlikelihood" : 0.0 , "uni-outgoingentitynames-/nnp" : 0.026821113062886228 , "uni-outgoingentitynames-/nns" : 0.005198053566541577 , "uni-outgoingentitynames-fieldlikelihood" : 0.0 , "uni-similarentitynames-/nnp" : 0.01710448614653043 , "uni-similarentitynames-/nns" : 0.011966983584810211 , "uni-similarentitynames-fieldlikelihood" : 0.05050094169132752 }
