{ "name" : "default-best" , "score" : "0.18193826621943696" , "uni-attributes-/nnp" : 0.12255394736194487 , "uni-attributes-/nns" : 0.12487409019322246 , "uni-attributes-fieldlikelihood" : 0.11990401003930144 , "uni-categories-/nnp" : 0.21878661516187567 , "uni-categories-/nns" : 0.21441095286786113 , "uni-categories-fieldlikelihood" : 0.12232222309667097 , "uni-names-/nnp" : 0.0 , "uni-names-/nns" : 0.0 , "uni-names-fieldlikelihood" : 0.0 , "uni-outgoingentitynames-/nnp" : 0.027549898778205024 , "uni-outgoingentitynames-/nns" : 0.0 , "uni-outgoingentitynames-fieldlikelihood" : 0.024991941306721468 , "uni-similarentitynames-/nnp" : 0.0 , "uni-similarentitynames-/nns" : 0.0 , "uni-similarentitynames-fieldlikelihood" : 0.024606321194196895 }
