{ "name" : "default-best" , "score" : "0.21221230968129773" , "uni-attributes-/nnp" : 0.0 , "uni-attributes-/nns" : 0.06561640223687731 , "uni-attributes-fieldlikelihood" : 0.10833159516954632 , "uni-categories-/nnp" : 0.0 , "uni-categories-/nns" : 0.13557311670272906 , "uni-categories-fieldlikelihood" : 0.18874730201357467 , "uni-names-/nnp" : 0.0 , "uni-names-/nns" : 0.0 , "uni-names-fieldlikelihood" : 0.0 , "uni-outgoingentitynames-/nnp" : 0.2740493777616522 , "uni-outgoingentitynames-/nns" : 0.01736054837741454 , "uni-outgoingentitynames-fieldlikelihood" : 0.05218737776948959 , "uni-similarentitynames-/nnp" : 0.11198809856436838 , "uni-similarentitynames-/nns" : 0.0 , "uni-similarentitynames-fieldlikelihood" : 0.04614618140434799 }
