{ "name" : "default-best" , "score" : "0.20446890276408444" , "uni-attributes-/nnp" : 0.0 , "uni-attributes-/nns" : 0.12605883124949155 , "uni-attributes-fieldlikelihood" : 0.15645269009229526 , "uni-categories-/nnp" : 0.0 , "uni-categories-/nns" : 0.2761358084135258 , "uni-categories-fieldlikelihood" : 0.13048735981649276 , "uni-names-/nnp" : 0.0 , "uni-names-/nns" : 0.0 , "uni-names-fieldlikelihood" : 0.0 , "uni-outgoingentitynames-/nnp" : 0.15202411263962526 , "uni-outgoingentitynames-/nns" : 0.0 , "uni-outgoingentitynames-fieldlikelihood" : 0.09685443687155448 , "uni-similarentitynames-/nnp" : 0.04354018656441869 , "uni-similarentitynames-/nns" : 0.0 , "uni-similarentitynames-fieldlikelihood" : 0.018446574352596338 }
