{ "name" : "default-best" , "score" : "0.13100826564786408" , "uni-attributes-/nnp" : 0.1823664460687911 , "uni-attributes-/nns" : 0.05209218828565027 , "uni-attributes-baselinetopscore" : 0.12325321579056184 , "uni-attributes-fieldlikelihood" : 0.09029552637549249 , "uni-categories-/nnp" : 0.0 , "uni-categories-/nns" : 0.16875308477331746 , "uni-categories-baselinetopscore" : 0.0911826803004164 , "uni-categories-fieldlikelihood" : 0.10204102074864714 , "uni-names-/nnp" : 0.04761904761904763 , "uni-names-/nns" : 0.045179892933781614 , "uni-names-baselinetopscore" : 0.014057530419486765 , "uni-names-fieldlikelihood" : 0.0 , "uni-outgoingentitynames-/nnp" : 0.0 , "uni-outgoingentitynames-/nns" : 0.0 , "uni-outgoingentitynames-baselinetopscore" : 0.0 , "uni-outgoingentitynames-fieldlikelihood" : 0.0 , "uni-similarentitynames-/nnp" : 0.016831348127426336 , "uni-similarentitynames-/nns" : 0.0 , "uni-similarentitynames-baselinetopscore" : 0.06632801855738121 , "uni-similarentitynames-fieldlikelihood" : 0.0 }
