{ "name" : "default-best" , "score" : "0.12170415399984955" , "uni-attributes-/nnp" : 0.18119850438200003 , "uni-attributes-/nns" : 0.058876541521056966 , "uni-attributes-baselinetopscore" : 0.16819817321874472 , "uni-attributes-fieldlikelihood" : 0.04040049269714062 , "uni-categories-/nnp" : 0.0 , "uni-categories-/nns" : 0.11893606478852499 , "uni-categories-baselinetopscore" : 0.09441277388773563 , "uni-categories-fieldlikelihood" : 0.10015404544628893 , "uni-names-/nnp" : 0.03605896572071835 , "uni-names-/nns" : 0.0 , "uni-names-baselinetopscore" : 0.0 , "uni-names-fieldlikelihood" : 0.0 , "uni-outgoingentitynames-/nnp" : 0.04347692746777789 , "uni-outgoingentitynames-/nns" : 0.04169721460932867 , "uni-outgoingentitynames-baselinetopscore" : 0.0 , "uni-outgoingentitynames-fieldlikelihood" : 0.0 , "uni-similarentitynames-/nnp" : 0.0 , "uni-similarentitynames-/nns" : 0.05664732163321563 , "uni-similarentitynames-baselinetopscore" : 0.028928872006116053 , "uni-similarentitynames-fieldlikelihood" : 0.03101410262135155 }
