{ "name" : "default-best" , "score" : "0.19080961174548422" , "uni-attributes-/nnp" : 0.048111898681208604 , "uni-attributes-/nns" : 0.08305740374463609 , "uni-attributes-baselinetopscore" : 0.0380583375724969 , "uni-attributes-fieldlikelihood" : 0.04772209689853162 , "uni-categories-/nnp" : 0.0 , "uni-categories-/nns" : 0.21381521535471956 , "uni-categories-baselinetopscore" : 0.06993627624021406 , "uni-categories-fieldlikelihood" : 0.11516547362791492 , "uni-names-/nnp" : 0.0 , "uni-names-/nns" : 0.0 , "uni-names-baselinetopscore" : 0.0 , "uni-names-fieldlikelihood" : 0.0 , "uni-outgoingentitynames-/nnp" : 0.17000187147945114 , "uni-outgoingentitynames-/nns" : 0.053731608693328915 , "uni-outgoingentitynames-baselinetopscore" : 0.05637185313910391 , "uni-outgoingentitynames-fieldlikelihood" : 0.0 , "uni-similarentitynames-/nnp" : 0.0 , "uni-similarentitynames-/nns" : 0.0 , "uni-similarentitynames-baselinetopscore" : 0.03989549933540503 , "uni-similarentitynames-fieldlikelihood" : 0.06413246523298925 }
