{ "name" : "default-best" , "score" : "0.20160803348481396" , "uni-attributes-/nnp" : 0.0 , "uni-attributes-/nns" : 0.07710545977696931 , "uni-attributes-baselinetopscore" : 0.028616318509332682 , "uni-attributes-fieldlikelihood" : 0.04281083984967855 , "uni-categories-/nnp" : 0.05418494126723156 , "uni-categories-/nns" : 0.2736644933413976 , "uni-categories-baselinetopscore" : 0.026580002656019855 , "uni-categories-fieldlikelihood" : 0.0 , "uni-names-/nnp" : 0.0 , "uni-names-/nns" : 0.0 , "uni-names-baselinetopscore" : 0.0 , "uni-names-fieldlikelihood" : 0.0 , "uni-outgoingentitynames-/nnp" : 0.2013522038685301 , "uni-outgoingentitynames-/nns" : 0.0 , "uni-outgoingentitynames-baselinetopscore" : 0.0 , "uni-outgoingentitynames-fieldlikelihood" : 0.11771126189737709 , "uni-similarentitynames-/nnp" : 0.11040685820602227 , "uni-similarentitynames-/nns" : 0.0 , "uni-similarentitynames-baselinetopscore" : 0.01655723797341342 , "uni-similarentitynames-fieldlikelihood" : 0.051010382654027575 }
