{ "name" : "default-best" , "score" : "0.37667575413367904" , "uni-attributes-/nnp" : 0.047619047619047616 , "uni-attributes-/nns" : 0.14914690117105414 , "uni-attributes-baselinetopscore" : 0.113693812222642 , "uni-attributes-fieldlikelihood" : 0.06436899006943575 , "uni-categories-/nnp" : 0.04598185911011461 , "uni-categories-/nns" : 0.011990544219767932 , "uni-categories-baselinetopscore" : 0.01928335011262605 , "uni-categories-fieldlikelihood" : 0.03428558644437301 , "uni-names-/nnp" : 0.0 , "uni-names-/nns" : 0.029907592336593722 , "uni-names-baselinetopscore" : 0.08662809203265663 , "uni-names-fieldlikelihood" : 0.046999011506173895 , "uni-outgoingentitynames-/nnp" : 0.0 , "uni-outgoingentitynames-/nns" : 0.052177114438358714 , "uni-outgoingentitynames-baselinetopscore" : 0.0029459023956693977 , "uni-outgoingentitynames-fieldlikelihood" : 0.0 , "uni-similarentitynames-/nnp" : 0.14068754674873388 , "uni-similarentitynames-/nns" : 0.05010452428370571 , "uni-similarentitynames-baselinetopscore" : 0.0 , "uni-similarentitynames-fieldlikelihood" : 0.104180125289047 }
