{ "name" : "default-best" , "score" : "0.33695022170876526" , "uni-attributes-/nnp" : 0.0 , "uni-attributes-/nns" : 0.08039498388134214 , "uni-attributes-baselinetopscore" : 0.14112415651095497 , "uni-attributes-fieldlikelihood" : 0.11303051846801042 , "uni-categories-/nnp" : 0.04052852874417554 , "uni-categories-/nns" : 0.04000532187389178 , "uni-categories-baselinetopscore" : 0.0 , "uni-categories-fieldlikelihood" : 0.018607567485924886 , "uni-names-/nnp" : 0.009313981241049735 , "uni-names-/nns" : 0.0423217436389315 , "uni-names-baselinetopscore" : 0.030157190803710026 , "uni-names-fieldlikelihood" : 0.13264230057003812 , "uni-outgoingentitynames-/nnp" : 0.04739728616092738 , "uni-outgoingentitynames-/nns" : 0.0 , "uni-outgoingentitynames-baselinetopscore" : 0.014674894874106947 , "uni-outgoingentitynames-fieldlikelihood" : 0.003600911845432252 , "uni-similarentitynames-/nnp" : 0.17066353704868303 , "uni-similarentitynames-/nns" : 0.0 , "uni-similarentitynames-baselinetopscore" : 0.006040166845089788 , "uni-similarentitynames-fieldlikelihood" : 0.10949691000773142 }
