{ "name" : "default-best" , "score" : "0.13167794373236003" , "uni-attributes-/const" : 0.14359737006956919 , "uni-attributes-/nnp" : 0.31566339431600676 , "uni-attributes-fieldlikelihood" : 0.12230761201614725 , "uni-categories-/const" : 0.1392655468128157 , "uni-categories-/nnp" : 0.0 , "uni-categories-fieldlikelihood" : 0.011032742249989914 , "uni-incomingentitynames-/const" : 0.02003376212682189 , "uni-incomingentitynames-/nnp" : 0.07010299323603009 , "uni-incomingentitynames-fieldlikelihood" : 0.0 , "uni-names-/const" : 0.0 , "uni-names-/nnp" : 0.04773839360305526 , "uni-names-fieldlikelihood" : 0.0 , "uni-outgoingentitynames-/const" : 0.0 , "uni-outgoingentitynames-/nnp" : 0.0 , "uni-outgoingentitynames-fieldlikelihood" : 0.015650885763159195 , "uni-similarentitynames-/const" : 0.029886358750957357 , "uni-similarentitynames-/nnp" : 0.0 , "uni-similarentitynames-fieldlikelihood" : 0.08472094105544742 }
