{ "name" : "default-best" , "score" : "0.12096700197670332" , "uni-attributes-/const" : 0.14352679797864856 , "uni-attributes-/nnp" : 0.25603519632680194 , "uni-attributes-fieldlikelihood" : 0.044788648535184064 , "uni-categories-/const" : 0.04545459884157926 , "uni-categories-/nnp" : 0.0 , "uni-categories-fieldlikelihood" : 0.1728349167634431 , "uni-incomingentitynames-/const" : 0.05432824591909401 , "uni-incomingentitynames-/nnp" : 0.10063306610210633 , "uni-incomingentitynames-fieldlikelihood" : 0.0 , "uni-names-/const" : 0.0 , "uni-names-/nnp" : 0.06016139709161399 , "uni-names-fieldlikelihood" : 0.07605049903894817 , "uni-outgoingentitynames-/const" : 0.0 , "uni-outgoingentitynames-/nnp" : 0.04618663340258063 , "uni-outgoingentitynames-fieldlikelihood" : 0.0 , "uni-similarentitynames-/const" : 0.0 , "uni-similarentitynames-/nnp" : 0.0 , "uni-similarentitynames-fieldlikelihood" : 0.0 }
