{ "name" : "default-best" , "score" : "0.23225142413219602" , "uni-attributes-/const" : 0.1061576404497405 , "uni-attributes-/nnp" : 0.01096640019237907 , "uni-attributes-fieldlikelihood" : 0.10055289965427992 , "uni-categories-/const" : 0.10665965287189863 , "uni-categories-/nnp" : 0.2047897939268734 , "uni-categories-fieldlikelihood" : 0.14993781333399933 , "uni-incomingentitynames-/const" : 0.05626976331019786 , "uni-incomingentitynames-/nnp" : 0.15253148459003088 , "uni-incomingentitynames-fieldlikelihood" : 0.05626976331019786 , "uni-names-/const" : 0.0 , "uni-names-/nnp" : 0.0 , "uni-names-fieldlikelihood" : 0.0 , "uni-outgoingentitynames-/const" : 0.0 , "uni-outgoingentitynames-/nnp" : 0.05586478836040265 , "uni-outgoingentitynames-fieldlikelihood" : 0.0 , "uni-similarentitynames-/const" : 0.0 , "uni-similarentitynames-/nnp" : 0.0 , "uni-similarentitynames-fieldlikelihood" : 0.0 }
