{ "name" : "default-best" , "score" : "0.25150841387052136" , "uni-attributes-/const" : 0.10019997101410472 , "uni-attributes-/nnp" : 0.10575828439249609 , "uni-attributes-fieldlikelihood" : 0.1006481457612382 , "uni-categories-/const" : 0.09616052199034307 , "uni-categories-/nnp" : 0.15223733681803164 , "uni-categories-fieldlikelihood" : 0.10031159436265283 , "uni-incomingentitynames-/const" : 0.05566225494341897 , "uni-incomingentitynames-/nnp" : 0.09231845826954095 , "uni-incomingentitynames-fieldlikelihood" : 0.10656860350188747 , "uni-names-/const" : 0.0061228480437760455 , "uni-names-/nnp" : 0.0 , "uni-names-fieldlikelihood" : 0.010788828852644313 , "uni-outgoingentitynames-/const" : 0.0 , "uni-outgoingentitynames-/nnp" : 0.05566225494341897 , "uni-outgoingentitynames-fieldlikelihood" : 0.017560897106446833 , "uni-similarentitynames-/const" : 0.0 , "uni-similarentitynames-/nnp" : 0.0 , "uni-similarentitynames-fieldlikelihood" : 0.0 }
