{ "name" : "default-best" , "score" : "0.21751955199897058" , "uni-attributes-/const" : 0.06442196224451964 , "uni-attributes-/nnp" : 4.963871643194819E-5 , "uni-attributes-fieldlikelihood" : 0.09648212794281305 , "uni-categories-/const" : 0.0755410579814067 , "uni-categories-/nnp" : 0.0 , "uni-categories-fieldlikelihood" : 0.17783734185765138 , "uni-incomingentitynames-/const" : 0.0 , "uni-incomingentitynames-/nnp" : 0.186061017378038 , "uni-incomingentitynames-fieldlikelihood" : 0.03531455563533456 , "uni-names-/const" : 0.0 , "uni-names-/nnp" : 0.0 , "uni-names-fieldlikelihood" : 0.0 , "uni-outgoingentitynames-/const" : 0.024097632668788713 , "uni-outgoingentitynames-/nnp" : 0.15571786464158355 , "uni-outgoingentitynames-fieldlikelihood" : 0.07771771633322652 , "uni-similarentitynames-/const" : 0.024076224250119408 , "uni-similarentitynames-/nnp" : 0.0 , "uni-similarentitynames-fieldlikelihood" : 0.08268286035008668 }
