{ "name" : "default-best" , "score" : "0.19803260070160747" , "uni-attributes-/const" : 0.18953035308361932 , "uni-attributes-/nnp" : 0.0 , "uni-attributes-fieldlikelihood" : 0.10107276952311568 , "uni-categories-/const" : 0.06267219457171189 , "uni-categories-/nnp" : 0.0 , "uni-categories-fieldlikelihood" : 0.09813728307857354 , "uni-incomingentitynames-/const" : 0.05684517663278805 , "uni-incomingentitynames-/nnp" : 0.1814581014984324 , "uni-incomingentitynames-fieldlikelihood" : 0.04530573212440598 , "uni-names-/const" : 0.0 , "uni-names-/nnp" : 0.0 , "uni-names-fieldlikelihood" : 0.0 , "uni-outgoingentitynames-/const" : 0.09901946431732554 , "uni-outgoingentitynames-/nnp" : 0.12843962769925957 , "uni-outgoingentitynames-fieldlikelihood" : 0.03751929747076801 , "uni-similarentitynames-/const" : 0.0 , "uni-similarentitynames-/nnp" : 0.0 , "uni-similarentitynames-fieldlikelihood" : 0.0 }
