{ "name" : "default-best" , "score" : "0.21706580868299413" , "uni-attributes-/const" : 0.11055385110657127 , "uni-attributes-/nnp" : 0.04548586266338887 , "uni-attributes-fieldlikelihood" : 0.0401066023460745 , "uni-categories-/const" : 0.02221001773066161 , "uni-categories-/nnp" : 0.060356480628567515 , "uni-categories-fieldlikelihood" : 0.10437757069797482 , "uni-incomingentitynames-/const" : 0.0 , "uni-incomingentitynames-/nnp" : 0.2062568824500452 , "uni-incomingentitynames-fieldlikelihood" : 0.0 , "uni-names-/const" : 0.0 , "uni-names-/nnp" : 0.0 , "uni-names-fieldlikelihood" : 0.0 , "uni-outgoingentitynames-/const" : 0.030268876751897215 , "uni-outgoingentitynames-/nnp" : 0.21539849767902092 , "uni-outgoingentitynames-fieldlikelihood" : 0.0954105853421887 , "uni-similarentitynames-/const" : 0.0 , "uni-similarentitynames-/nnp" : 0.05920955878434994 , "uni-similarentitynames-fieldlikelihood" : 0.010365213819259351 }
