{ "name" : "default-best" , "score" : "0.3915374746690951" , "uni-attributes-/const" : 0.13662790395251082 , "uni-attributes-/nnp" : 0.0 , "uni-attributes-fieldlikelihood" : 0.09910352682594342 , "uni-categories-/const" : 0.0 , "uni-categories-/nnp" : 0.06217474885022192 , "uni-categories-fieldlikelihood" : 0.07423405008158915 , "uni-incomingentitynames-/const" : 0.09223664169311019 , "uni-incomingentitynames-/nnp" : 0.03884560389991203 , "uni-incomingentitynames-fieldlikelihood" : 0.022980689612380596 , "uni-names-/const" : 0.10334612374201618 , "uni-names-/nnp" : 7.146722093361723E-4 , "uni-names-fieldlikelihood" : 0.08657359633049809 , "uni-outgoingentitynames-/const" : 0.0 , "uni-outgoingentitynames-/nnp" : 0.0 , "uni-outgoingentitynames-fieldlikelihood" : 0.0 , "uni-similarentitynames-/const" : 0.07189196888631447 , "uni-similarentitynames-/nnp" : 0.211270473916167 , "uni-similarentitynames-fieldlikelihood" : 0.0 }
