{ "name" : "default-best" , "score" : "0.3798011271540342" , "uni-attributes-/const" : 0.11335583725969686 , "uni-attributes-/nnp" : 0.0 , "uni-attributes-fieldlikelihood" : 0.06335265922687623 , "uni-categories-/const" : 0.006122028858659986 , "uni-categories-/nnp" : 0.02634418286367123 , "uni-categories-fieldlikelihood" : 0.018383209205641324 , "uni-incomingentitynames-/const" : 0.0 , "uni-incomingentitynames-/nnp" : 0.21669617103015673 , "uni-incomingentitynames-fieldlikelihood" : 0.11375897145676288 , "uni-names-/const" : 0.052939611952727145 , "uni-names-/nnp" : 0.010248516989380398 , "uni-names-fieldlikelihood" : 0.05987314287198044 , "uni-outgoingentitynames-/const" : 0.00743262752975639 , "uni-outgoingentitynames-/nnp" : 0.0 , "uni-outgoingentitynames-fieldlikelihood" : 0.0 , "uni-similarentitynames-/const" : 0.0 , "uni-similarentitynames-/nnp" : 0.2031095174856883 , "uni-similarentitynames-fieldlikelihood" : 0.10838352326900215 }
