{ "name" : "default-best" , "score" : "0.3585509663580008" , "uni-attributes-/const" : 0.1687322673523549 , "uni-attributes-/nnp" : 0.0 , "uni-attributes-fieldlikelihood" : 0.09845484711856378 , "uni-categories-/const" : 0.0 , "uni-categories-/nnp" : 0.07155867676797596 , "uni-categories-fieldlikelihood" : 0.0 , "uni-incomingentitynames-/const" : 0.07316995862041709 , "uni-incomingentitynames-/nnp" : 0.15691782666637316 , "uni-incomingentitynames-fieldlikelihood" : 0.05404269562757473 , "uni-names-/const" : 0.07137034677289548 , "uni-names-/nnp" : 0.02474883070116833 , "uni-names-fieldlikelihood" : 0.08247560590236346 , "uni-outgoingentitynames-/const" : 0.01909658755534025 , "uni-outgoingentitynames-/nnp" : 0.0 , "uni-outgoingentitynames-fieldlikelihood" : 0.0 , "uni-similarentitynames-/const" : 0.07494230696166616 , "uni-similarentitynames-/nnp" : 0.08097783942102825 , "uni-similarentitynames-fieldlikelihood" : 0.02351221053227848 }
