{ "name" : "default-best" , "score" : "0.356483321336035" , "uni-attributes-/const" : 0.1495439596638636 , "uni-attributes-/nnp" : 0.0 , "uni-attributes-fieldlikelihood" : 0.0936692700009402 , "uni-categories-/const" : 0.018793100758592897 , "uni-categories-/nnp" : 0.11109048753008181 , "uni-categories-fieldlikelihood" : 0.025153439111101586 , "uni-incomingentitynames-/const" : 0.06199142964697673 , "uni-incomingentitynames-/nnp" : 0.2691682166772296 , "uni-incomingentitynames-fieldlikelihood" : 0.0 , "uni-names-/const" : 0.10559488625357086 , "uni-names-/nnp" : 0.018570071131754465 , "uni-names-fieldlikelihood" : 0.02901940201465749 , "uni-outgoingentitynames-/const" : 0.0 , "uni-outgoingentitynames-/nnp" : 0.0 , "uni-outgoingentitynames-fieldlikelihood" : 0.0 , "uni-similarentitynames-/const" : 0.07749990458739174 , "uni-similarentitynames-/nnp" : 0.0 , "uni-similarentitynames-fieldlikelihood" : 0.039905832623839094 }
