{ "name" : "default-best" , "score" : "0.34558949493324437" , "uni-attributes-/const" : 0.1260776651874662 , "uni-attributes-/nnp" : 0.0 , "uni-attributes-fieldlikelihood" : 0.07453605894637211 , "uni-categories-/const" : 0.0 , "uni-categories-/nnp" : 0.11761333471381008 , "uni-categories-fieldlikelihood" : 0.03766311319834085 , "uni-incomingentitynames-/const" : 0.036542529744103075 , "uni-incomingentitynames-/nnp" : 0.2456331639609892 , "uni-incomingentitynames-fieldlikelihood" : 0.07846469076928853 , "uni-names-/const" : 0.0705301728256977 , "uni-names-/nnp" : 0.0 , "uni-names-fieldlikelihood" : 0.07305046690408545 , "uni-outgoingentitynames-/const" : 0.0 , "uni-outgoingentitynames-/nnp" : 0.0 , "uni-outgoingentitynames-fieldlikelihood" : 0.0 , "uni-similarentitynames-/const" : 0.031336095894999555 , "uni-similarentitynames-/nnp" : 0.08264131279496638 , "uni-similarentitynames-fieldlikelihood" : 0.025911395059880958 }
