{ "bi-attributes-baselinetopscore" : 0.1721968475157191 , "bi-attributes-fieldlikelihood" : 0.0 , "bi-categories-baselinetopscore" : 0.2611262293240555 , "bi-categories-fieldlikelihood" : 0.0 , "bi-names-baselinetopscore" : 0.18898820279272543 , "bi-names-fieldlikelihood" : 0.04460502020920256 , "bi-outgoingentitynames-baselinetopscore" : 0.028845936310789327 , "bi-outgoingentitynames-fieldlikelihood" : 0.0 , "bi-similarentitynames-baselinetopscore" : 0.15589894995464715 , "bi-similarentitynames-fieldlikelihood" : 0.14833881389286097 , "name" : "default-best" , "score" : "0.07520648664071714" }
