{ "bi-attributes-baselinetopscore" : 0.07835957295509384 , "bi-attributes-fieldlikelihood" : 0.07023662358765097 , "bi-categories-baselinetopscore" : 0.21062626992391614 , "bi-categories-fieldlikelihood" : 0.025127372511563953 , "bi-names-baselinetopscore" : 0.0867008961204043 , "bi-names-fieldlikelihood" : 0.047392222329558226 , "bi-outgoingentitynames-baselinetopscore" : 0.0 , "bi-outgoingentitynames-fieldlikelihood" : 0.10355365839921435 , "bi-similarentitynames-baselinetopscore" : 0.19741199725041367 , "bi-similarentitynames-fieldlikelihood" : 0.18059138692218477 , "name" : "default-best" , "score" : "0.06688604875683998" }
