{ "bi-attributes-baselinetopscore" : 0.14197287241012166 , "bi-attributes-fieldlikelihood" : 0.02625920491714417 , "bi-categories-baselinetopscore" : 0.3154113471783382 , "bi-categories-fieldlikelihood" : 0.009398190718039889 , "bi-names-baselinetopscore" : 0.1428404038116242 , "bi-names-fieldlikelihood" : 0.029728633144230764 , "bi-outgoingentitynames-baselinetopscore" : 0.013710845938297949 , "bi-outgoingentitynames-fieldlikelihood" : 0.0 , "bi-similarentitynames-baselinetopscore" : 0.32067850188220326 , "bi-similarentitynames-fieldlikelihood" : 0.0 , "name" : "default-best" , "score" : "0.06576842084366744" }
