{ "bi-attributes-baselinetopscore" : 0.014879559685842975 , "bi-attributes-fieldlikelihood" : 0.056536749091879876 , "bi-categories-baselinetopscore" : 0.22241521184926086 , "bi-categories-fieldlikelihood" : 0.11100069308362756 , "bi-names-baselinetopscore" : 0.059644749489733556 , "bi-names-fieldlikelihood" : 0.01806830307211206 , "bi-outgoingentitynames-baselinetopscore" : 0.056380959598253115 , "bi-outgoingentitynames-fieldlikelihood" : 0.011814395849679471 , "bi-similarentitynames-baselinetopscore" : 0.2712142427061795 , "bi-similarentitynames-fieldlikelihood" : 0.17804513557343088 , "name" : "default-best" , "score" : "0.07302348370536643" }
