{ "bi-attributes-baselinetopscore" : 0.09293468301924859 , "bi-attributes-fieldlikelihood" : 0.14129462535080178 , "bi-categories-baselinetopscore" : 0.3159408950804223 , "bi-categories-fieldlikelihood" : 0.025856301387474193 , "bi-names-baselinetopscore" : 0.11733873882469194 , "bi-names-fieldlikelihood" : 0.098148085530216 , "bi-outgoingentitynames-baselinetopscore" : 0.03790187023912861 , "bi-outgoingentitynames-fieldlikelihood" : 0.0 , "bi-similarentitynames-baselinetopscore" : 0.10677863413632688 , "bi-similarentitynames-fieldlikelihood" : 0.06380616643168976 , "name" : "default-best" , "score" : "0.07090392558569904" }
