{ "bi-attributes-baselinetopscore" : 0.03473778042249025 , "bi-attributes-fieldlikelihood" : 0.2100733729935491 , "bi-categories-baselinetopscore" : 0.39915565907149425 , "bi-categories-fieldlikelihood" : 0.15844476247105194 , "bi-names-baselinetopscore" : 0.0 , "bi-names-fieldlikelihood" : 0.0 , "bi-outgoingentitynames-baselinetopscore" : 0.03199498002807698 , "bi-outgoingentitynames-fieldlikelihood" : 0.10816145520644195 , "bi-similarentitynames-baselinetopscore" : 0.0376599721888507 , "bi-similarentitynames-fieldlikelihood" : 0.019772017618044847 , "name" : "default-best" , "score" : "0.1865439433622649" }
