{ "bi-attributes-baselinetopscore" : 0.110668994736802 , "bi-attributes-fieldlikelihood" : 0.11030659174768026 , "bi-categories-baselinetopscore" : 0.2900114187349815 , "bi-categories-fieldlikelihood" : 0.18777757002006995 , "bi-names-baselinetopscore" : 0.0 , "bi-names-fieldlikelihood" : 0.0 , "bi-outgoingentitynames-baselinetopscore" : 0.15279795840915986 , "bi-outgoingentitynames-fieldlikelihood" : 0.08867046671056401 , "bi-similarentitynames-baselinetopscore" : 0.02555349974600539 , "bi-similarentitynames-fieldlikelihood" : 0.03421349989473689 , "name" : "default-best" , "score" : "0.17614161075590642" }
