{ "bi-attributes-baselinetopscore" : 0.10913297909630024 , "bi-attributes-fieldlikelihood" : 0.04237091220036348 , "bi-categories-baselinetopscore" : 0.36085186176158934 , "bi-categories-fieldlikelihood" : 0.25410882832894566 , "bi-names-baselinetopscore" : 0.0 , "bi-names-fieldlikelihood" : 0.0 , "bi-outgoingentitynames-baselinetopscore" : 0.13241820316902372 , "bi-outgoingentitynames-fieldlikelihood" : 0.0528883212599029 , "bi-similarentitynames-baselinetopscore" : 0.04822889418387468 , "bi-similarentitynames-fieldlikelihood" : 0.0 , "name" : "default-best" , "score" : "0.17942213192990594" }
