{ "bi-attributes-baselinetopscore" : 0.0 , "bi-attributes-fieldlikelihood" : 0.01035648226290192 , "bi-categories-baselinetopscore" : 0.26524765578757925 , "bi-categories-fieldlikelihood" : 0.22131023021413504 , "bi-names-baselinetopscore" : 0.0 , "bi-names-fieldlikelihood" : 0.0 , "bi-outgoingentitynames-baselinetopscore" : 0.1358364663170824 , "bi-outgoingentitynames-fieldlikelihood" : 0.1364109087457401 , "bi-similarentitynames-baselinetopscore" : 0.13598907067242458 , "bi-similarentitynames-fieldlikelihood" : 0.09484918600013677 , "name" : "default-best" , "score" : "0.16640739068479551" }
