{ "bi-attributes-baselinetopscore" : 0.0 , "bi-attributes-fieldlikelihood" : 0.010978597328077789 , "bi-categories-baselinetopscore" : 0.3426020928165933 , "bi-categories-fieldlikelihood" : 0.1725424770193911 , "bi-names-baselinetopscore" : 0.0 , "bi-names-fieldlikelihood" : 0.0 , "bi-outgoingentitynames-baselinetopscore" : 0.15015178994555256 , "bi-outgoingentitynames-fieldlikelihood" : 0.16854724460553977 , "bi-similarentitynames-baselinetopscore" : 0.07563755768510219 , "bi-similarentitynames-fieldlikelihood" : 0.07954024059974332 , "name" : "default-best" , "score" : "0.18014652730692474" }
