{ "bi-attributes-baselinetopscore" : 0.010150507487293143 , "bi-attributes-fieldlikelihood" : 0.0 , "bi-categories-baselinetopscore" : 0.3382113865550105 , "bi-categories-fieldlikelihood" : 0.2924246202999975 , "bi-names-baselinetopscore" : 0.0 , "bi-names-fieldlikelihood" : 0.0 , "bi-outgoingentitynames-baselinetopscore" : 0.1292442051748931 , "bi-outgoingentitynames-fieldlikelihood" : 0.08286949299481566 , "bi-similarentitynames-baselinetopscore" : 0.04706104769496681 , "bi-similarentitynames-fieldlikelihood" : 0.10003873979302327 , "name" : "default-best" , "score" : "0.14599160664931612" }
