{ "bi-attributes-baselinetopscore" : 0.04455332032730674 , "bi-attributes-fieldlikelihood" : 0.0 , "bi-categories-baselinetopscore" : 0.3089065826093349 , "bi-categories-fieldlikelihood" : 0.12193558800530747 , "bi-names-baselinetopscore" : 0.0 , "bi-names-fieldlikelihood" : 0.0 , "bi-outgoingentitynames-baselinetopscore" : 0.13487856462917597 , "bi-outgoingentitynames-fieldlikelihood" : 0.13255855495460464 , "bi-similarentitynames-baselinetopscore" : 0.12110338144264833 , "bi-similarentitynames-fieldlikelihood" : 0.13606400803162194 , "name" : "default-best" , "score" : "0.18347852552843583" }
