{ "bi-attributes-baselinetopscore" : 0.09023357860562091 , "bi-attributes-fieldlikelihood" : 0.0 , "bi-categories-baselinetopscore" : 0.02944978568413016 , "bi-categories-fieldlikelihood" : 0.2272913015561185 , "bi-names-baselinetopscore" : 0.18731311099690057 , "bi-names-fieldlikelihood" : 0.10341384012544393 , "bi-outgoingentitynames-baselinetopscore" : 0.0 , "bi-outgoingentitynames-fieldlikelihood" : 0.0 , "bi-similarentitynames-baselinetopscore" : 0.29102440092960824 , "bi-similarentitynames-fieldlikelihood" : 0.07127398210217775 , "name" : "default-best" , "score" : "0.2915124563297835" }
