{ "bi-attributes-baselinetopscore" : 0.06956970398408695 , "bi-attributes-fieldlikelihood" : 0.05901693986355221 , "bi-categories-baselinetopscore" : 0.0 , "bi-categories-fieldlikelihood" : 0.24456235688027494 , "bi-names-baselinetopscore" : 0.20225537944573801 , "bi-names-fieldlikelihood" : 0.05613612105883227 , "bi-outgoingentitynames-baselinetopscore" : 0.012105772143692187 , "bi-outgoingentitynames-fieldlikelihood" : 0.0 , "bi-similarentitynames-baselinetopscore" : 0.25420997423032493 , "bi-similarentitynames-fieldlikelihood" : 0.10214375239349847 , "name" : "default-best" , "score" : "0.2962901366439532" }
