{ "bi-attributes-baselinetopscore" : 0.13772533505836704 , "bi-attributes-fieldlikelihood" : 0.0 , "bi-categories-baselinetopscore" : 0.06487413940540097 , "bi-categories-fieldlikelihood" : 0.09074940523612106 , "bi-names-baselinetopscore" : 0.14377837057332504 , "bi-names-fieldlikelihood" : 0.1352861991571685 , "bi-outgoingentitynames-baselinetopscore" : 0.0 , "bi-outgoingentitynames-fieldlikelihood" : 0.0 , "bi-similarentitynames-baselinetopscore" : 0.1664474606915819 , "bi-similarentitynames-fieldlikelihood" : 0.2611390898780355 , "name" : "default-best" , "score" : "0.3148911300430053" }
