{ "bi-attributes-baselinetopscore" : 0.13786508962137675 , "bi-attributes-fieldlikelihood" : 0.05426747875367738 , "bi-categories-baselinetopscore" : 0.0 , "bi-categories-fieldlikelihood" : 0.08959562806375117 , "bi-names-baselinetopscore" : 0.10890426260121457 , "bi-names-fieldlikelihood" : 0.1566913514844137 , "bi-outgoingentitynames-baselinetopscore" : 0.0 , "bi-outgoingentitynames-fieldlikelihood" : 0.0 , "bi-similarentitynames-baselinetopscore" : 0.27013665923867713 , "bi-similarentitynames-fieldlikelihood" : 0.1825395302368893 , "name" : "default-best" , "score" : "0.3384525482617029" }
