{ "bi-attributes-baselinetopscore" : 0.09322611363482303 , "bi-attributes-fieldlikelihood" : 0.0 , "bi-categories-baselinetopscore" : 0.03057486158573427 , "bi-categories-fieldlikelihood" : 0.2233307929713476 , "bi-names-baselinetopscore" : 0.09709727455217065 , "bi-names-fieldlikelihood" : 0.19864700436651503 , "bi-outgoingentitynames-baselinetopscore" : 0.0 , "bi-outgoingentitynames-fieldlikelihood" : 0.0 , "bi-similarentitynames-baselinetopscore" : 0.17014968261343566 , "bi-similarentitynames-fieldlikelihood" : 0.18697427027597383 , "name" : "default-best" , "score" : "0.3242452838748831" }
