{ "bi-attributes-baselinetopscore" : 0.16184365382220403 , "bi-categories-baselinetopscore" : 0.24232652183265768 , "bi-names-baselinetopscore" : 0.16989715795087634 , "bi-outgoingentitynames-baselinetopscore" : 0.0712957517579983 , "bi-similarentitynames-baselinetopscore" : 0.3546369146362636 , "name" : "default-best" , "score" : "0.07216690403981309" }
