{ "bi-attributes-baselinetopscore" : 0.28934939973781365 , "bi-categories-baselinetopscore" : 0.4243795294978632 , "bi-names-baselinetopscore" : 0.14577507632768386 , "bi-outgoingentitynames-baselinetopscore" : 0.0 , "bi-similarentitynames-baselinetopscore" : 0.14049599443663927 , "name" : "default-best" , "score" : "0.07643506209238052" }
