{ "bi-attributes-baselinetopscore" : 0.09106796131681137 , "bi-categories-baselinetopscore" : 0.3216765490162913 , "bi-names-baselinetopscore" : 0.08115763564587139 , "bi-outgoingentitynames-baselinetopscore" : 0.06021665736964278 , "bi-similarentitynames-baselinetopscore" : 0.4458811966513832 , "name" : "default-best" , "score" : "0.07391070156946963" }
