{ "bi-attributes-baselinetopscore" : 0.1792914274636959 , "bi-categories-baselinetopscore" : 0.272338697686999 , "bi-names-baselinetopscore" : 0.1599635582652859 , "bi-outgoingentitynames-baselinetopscore" : 0.03736450747046027 , "bi-similarentitynames-baselinetopscore" : 0.35104180911355903 , "name" : "default-best" , "score" : "0.0687431448175028" }
