{ "bi-attributes-baselinetopscore" : 0.25984144044750207 , "bi-categories-baselinetopscore" : 0.4176563073711306 , "bi-names-baselinetopscore" : 0.13881509115114807 , "bi-outgoingentitynames-baselinetopscore" : 0.04156751654008475 , "bi-similarentitynames-baselinetopscore" : 0.14211964449013456 , "name" : "default-best" , "score" : "0.06582533708203084" }
