{ "bi-attributes-baselinetopscore" : 0.15714416391836822 , "bi-categories-baselinetopscore" : 0.5898901577760316 , "bi-names-baselinetopscore" : 0.0 , "bi-outgoingentitynames-baselinetopscore" : 0.1613163604322295 , "bi-similarentitynames-baselinetopscore" : 0.09164931787337062 , "name" : "default-best" , "score" : "0.18046327145907298" }
