{ "bi-attributes-baselinetopscore" : 0.24807899010131867 , "bi-categories-baselinetopscore" : 0.4886280979111413 , "bi-names-baselinetopscore" : 0.011647314757594502 , "bi-outgoingentitynames-baselinetopscore" : 0.18306462479687013 , "bi-similarentitynames-baselinetopscore" : 0.06858097243307533 , "name" : "default-best" , "score" : "0.20871034509664774" }
