{ "bi-attributes-baselinetopscore" : 0.2751766195730307 , "bi-categories-baselinetopscore" : 0.4649617380806252 , "bi-names-baselinetopscore" : 0.024391582361271088 , "bi-outgoingentitynames-baselinetopscore" : 0.1722254575189427 , "bi-similarentitynames-baselinetopscore" : 0.06324460246613028 , "name" : "default-best" , "score" : "0.18727790065462832" }
