{ "bi-attributes-baselinetopscore" : 0.28029212398874637 , "bi-categories-baselinetopscore" : 0.4872113959130577 , "bi-names-baselinetopscore" : -0.0958420196067143 , "bi-outgoingentitynames-baselinetopscore" : 0.2218285233638672 , "bi-similarentitynames-baselinetopscore" : 0.10650997634104316 , "name" : "default-best" , "score" : "0.18268194201844787" }
