{ "bi-attributes-baselinetopscore" : 0.31486916827310774 , "bi-categories-baselinetopscore" : 0.47526940206027246 , "bi-names-baselinetopscore" : -0.11094217538305601 , "bi-outgoingentitynames-baselinetopscore" : 0.19479168526872578 , "bi-similarentitynames-baselinetopscore" : 0.12601191978095005 , "name" : "default-best" , "score" : "0.1780167131215196" }
