{ "bi-attributes-baselinetopscore" : 0.08304681202317493 , "bi-categories-baselinetopscore" : 0.39919554606171964 , "bi-names-baselinetopscore" : 0.03170662643983206 , "bi-outgoingentitynames-baselinetopscore" : 0.341806551733971 , "bi-similarentitynames-baselinetopscore" : 0.14424446374130237 , "name" : "default-best" , "score" : "0.1778410624957027" }
