{ "bi-attributes-baselinetopscore" : 0.06549405136772352 , "bi-categories-baselinetopscore" : 0.568091086723323 , "bi-names-baselinetopscore" : -0.04546513676481453 , "bi-outgoingentitynames-baselinetopscore" : 0.26374758059261955 , "bi-similarentitynames-baselinetopscore" : 0.14813241808114844 , "name" : "default-best" , "score" : "0.18590841136547634" }
