{ "bi-attributes-baselinetopscore" : 0.04887312313910995 , "bi-categories-baselinetopscore" : 0.5747231049646131 , "bi-names-baselinetopscore" : -0.05329443682219637 , "bi-outgoingentitynames-baselinetopscore" : 0.20427557459988946 , "bi-similarentitynames-baselinetopscore" : 0.22542263411858376 , "name" : "default-best" , "score" : "0.1485832009867567" }
