{ "bi-attributes-baselinetopscore" : 0.08508461198279232 , "bi-categories-baselinetopscore" : 0.5099099068051691 , "bi-names-baselinetopscore" : -0.05263157894736841 , "bi-outgoingentitynames-baselinetopscore" : 0.3258852532284775 , "bi-similarentitynames-baselinetopscore" : 0.13175180693092933 , "name" : "default-best" , "score" : "0.1639737605528065" }
