{ "bi-attributes-baselinetopscore" : 0.03396835028980615 , "bi-categories-baselinetopscore" : 0.47427479889811797 , "bi-names-baselinetopscore" : -0.045465136764814534 , "bi-outgoingentitynames-baselinetopscore" : 0.29087414964044384 , "bi-similarentitynames-baselinetopscore" : 0.24634783793644655 , "name" : "default-best" , "score" : "0.17126407156717907" }
