{ "bi-attributes-baselinetopscore" : 0.1639911053957464 , "bi-categories-baselinetopscore" : 0.1436699686859169 , "bi-names-baselinetopscore" : 0.25690797327013987 , "bi-outgoingentitynames-baselinetopscore" : 0.0 , "bi-similarentitynames-baselinetopscore" : 0.43543095264819687 , "name" : "default-best" , "score" : "0.3430742905571322" }
