{ "bi-attributes-baselinetopscore" : 0.18438493952481017 , "bi-categories-baselinetopscore" : 0.13945143442730598 , "bi-names-baselinetopscore" : 0.261341559449828 , "bi-outgoingentitynames-baselinetopscore" : 0.0 , "bi-similarentitynames-baselinetopscore" : 0.4148220665980558 , "name" : "default-best" , "score" : "0.30172912572765975" }
