{ "bi-attributes-baselinetopscore" : 0.19251337454521816 , "bi-categories-baselinetopscore" : 0.16998265303711965 , "bi-names-baselinetopscore" : 0.23594425268305022 , "bi-outgoingentitynames-baselinetopscore" : 0.0 , "bi-similarentitynames-baselinetopscore" : 0.40155971973461196 , "name" : "default-best" , "score" : "0.3355764964538667" }
