{ "bi-attributes-baselinetopscore" : 0.15355931976723167 , "bi-categories-baselinetopscore" : 0.202480413168395 , "bi-names-baselinetopscore" : 0.24960390030283552 , "bi-outgoingentitynames-baselinetopscore" : 0.0 , "bi-similarentitynames-baselinetopscore" : 0.3943563667615378 , "name" : "default-best" , "score" : "0.31633106912610615" }
