{ "bi-attributes-baselinetopscore" : 0.1628363845490723 , "bi-categories-baselinetopscore" : 0.21276006804854145 , "bi-names-baselinetopscore" : 0.25936783667855234 , "bi-outgoingentitynames-baselinetopscore" : -0.05263157894736842 , "bi-similarentitynames-baselinetopscore" : 0.4176672896712023 , "name" : "default-best" , "score" : "0.29434822224895274" }
