{ "bi-attributes-/const" : 0.40720886754449653 , "bi-categories-/const" : 0.2778825769650323 , "bi-names-/const" : 0.18607328020875397 , "bi-outgoingentitynames-/const" : 0.0 , "bi-similarentitynames-/const" : 0.12883527528171712 , "name" : "default-best" , "score" : "0.09442243406301956" }
