{ "bi-attributes-/const" : 0.30100661360523756 , "bi-categories-/const" : 0.348366831837141 , "bi-names-/const" : 0.15214197708244648 , "bi-outgoingentitynames-/const" : 0.04912691828096962 , "bi-similarentitynames-/const" : 0.1493576591942054 , "name" : "default-best" , "score" : "0.08627260099047743" }
