{ "bi-attributes-/const" : 0.33545771924067475 , "bi-categories-/const" : 0.33422643219014525 , "bi-names-/const" : 0.1837954773437498 , "bi-outgoingentitynames-/const" : 0.0335320751731885 , "bi-similarentitynames-/const" : 0.11298829605224173 , "name" : "default-best" , "score" : "0.07372228840986333" }
