{ "bi-attributes-/const" : 0.4318753006495873 , "bi-categories-/const" : 0.24819899694024958 , "bi-names-/const" : 0.19059511651405758 , "bi-outgoingentitynames-/const" : 0.0 , "bi-similarentitynames-/const" : 0.12933058589610555 , "name" : "default-best" , "score" : "0.08825049306877827" }
