{ "bi-attributes-/const" : 0.3594758516602338 , "bi-categories-/const" : 0.251436040533285 , "bi-names-/const" : 0.29957094592312244 , "bi-outgoingentitynames-/const" : 0.0 , "bi-similarentitynames-/const" : 0.08951716188335876 , "name" : "default-best" , "score" : "0.08275673222036471" }
