{ "bi-attributes-/const" : 0.3319492610641397 , "bi-categories-/const" : 0.40146122201919576 , "bi-names-/const" : 0.0 , "bi-outgoingentitynames-/const" : 0.26658951691666455 , "bi-similarentitynames-/const" : 0.0 , "name" : "default-best" , "score" : "0.21540446212294007" }
