{ "bi-attributes-/const" : 0.32903480150397846 , "bi-categories-/const" : 0.3951678180922023 , "bi-names-/const" : 0.0 , "bi-outgoingentitynames-/const" : 0.2757973804038193 , "bi-similarentitynames-/const" : 0.0 , "name" : "default-best" , "score" : "0.179390277536815" }
