{ "bi-attributes-/const" : 0.32726003484893507 , "bi-categories-/const" : 0.398233035782494 , "bi-names-/const" : 0.0 , "bi-outgoingentitynames-/const" : 0.274506929368571 , "bi-similarentitynames-/const" : 0.0 , "name" : "default-best" , "score" : "0.19111999386700604" }
