{ "bi-attributes-/const" : 0.25543989228136044 , "bi-categories-/const" : 0.4784278944603345 , "bi-names-/const" : 0.0 , "bi-outgoingentitynames-/const" : 0.25188260384896977 , "bi-similarentitynames-/const" : 0.014249609409335196 , "name" : "default-best" , "score" : "0.18178726370008788" }
