{ "bi-attributes-/const" : 0.3269943576478713 , "bi-categories-/const" : 0.37781448795320904 , "bi-names-/const" : 0.017537567249529054 , "bi-outgoingentitynames-/const" : 0.2581370167584746 , "bi-similarentitynames-/const" : 0.019516570390916078 , "name" : "default-best" , "score" : "0.1919134903269458" }
