{ "bi-attributes-/const" : 0.18539431775526838 , "bi-categories-/const" : 0.5072894499278644 , "bi-names-/const" : 0.0 , "bi-outgoingentitynames-/const" : 0.25148139584418355 , "bi-similarentitynames-/const" : 0.055834836472683634 , "name" : "default-best" , "score" : "0.18642209649312594" }
