{ "bi-attributes-/const" : 0.08792063406602622 , "bi-categories-/const" : 0.4371029807324961 , "bi-names-/const" : 0.0049739572157467184 , "bi-outgoingentitynames-/const" : 0.25050981097718467 , "bi-similarentitynames-/const" : 0.21949261700854641 , "name" : "default-best" , "score" : "0.16265288310633275" }
