{ "bi-attributes-/const" : 0.1394118916827412 , "bi-categories-/const" : 0.3810291739244315 , "bi-names-/const" : 0.0 , "bi-outgoingentitynames-/const" : 0.28879518219370875 , "bi-similarentitynames-/const" : 0.19076375219911867 , "name" : "default-best" , "score" : "0.20047334334756317" }
