{ "bi-attributes-/const" : 0.1251645964208271 , "bi-categories-/const" : 0.3822324703595362 , "bi-names-/const" : 0.0 , "bi-outgoingentitynames-/const" : 0.33308331185355466 , "bi-similarentitynames-/const" : 0.1595196213660821 , "name" : "default-best" , "score" : "0.19608838942836673" }
