{ "bi-attributes-/const" : 0.15633532746306364 , "bi-categories-/const" : 0.4143434979418729 , "bi-names-/const" : 0.0 , "bi-outgoingentitynames-/const" : 0.26989705954072246 , "bi-similarentitynames-/const" : 0.15942411505434104 , "name" : "default-best" , "score" : "0.17442994307126916" }
