{ "bi-attributes-/const" : 0.24192816453608226 , "bi-categories-/const" : 0.06570455397838085 , "bi-names-/const" : 0.2650613063434145 , "bi-outgoingentitynames-/const" : 0.0 , "bi-similarentitynames-/const" : 0.42730597514212243 , "name" : "default-best" , "score" : "0.3297276766538139" }
