{ "bi-attributes-/const" : 0.26009345868047 , "bi-categories-/const" : 0.07353059415358695 , "bi-names-/const" : 0.2725097408760472 , "bi-outgoingentitynames-/const" : 0.0 , "bi-similarentitynames-/const" : 0.393866206289896 , "name" : "default-best" , "score" : "0.3455098825397913" }
