{ "bi-attributes-/const" : 0.18935922801618696 , "bi-categories-/const" : 0.14259877275640667 , "bi-names-/const" : 0.2509243497980385 , "bi-outgoingentitynames-/const" : 0.0 , "bi-similarentitynames-/const" : 0.4171176494293678 , "name" : "default-best" , "score" : "0.3468708533271054" }
