{ "bi-attributes-/const" : 0.21658208673272733 , "bi-categories-/const" : 0.12983560521262716 , "bi-names-/const" : 0.2517575854663266 , "bi-outgoingentitynames-/const" : 0.0 , "bi-similarentitynames-/const" : 0.40182472258831897 , "name" : "default-best" , "score" : "0.312072586186945" }
