{ "bi-attributes-/const" : 0.12914839688602536 , "bi-categories-/const" : 0.22118915881410725 , "bi-names-/const" : 0.26390534648844244 , "bi-outgoingentitynames-/const" : 0.0 , "bi-similarentitynames-/const" : 0.38575709781142503 , "name" : "default-best" , "score" : "0.30313918111977495" }
