{ "bi-attributes-/nnp" : 0.15461716113572258 , "bi-attributes-/nns" : 0.0 , "bi-attributes-/np-part" : 0.05173284400624924 , "bi-attributes-baselinetopscore" : 0.04866922669572689 , "bi-attributes-fieldlikelihood" : 0.0 , "bi-categories-/nnp" : 0.0 , "bi-categories-/nns" : 0.005533674344105659 , "bi-categories-/np-part" : 0.022596763781433736 , "bi-categories-baselinetopscore" : 0.1480569891456549 , "bi-categories-fieldlikelihood" : 0.0 , "bi-names-/nnp" : 0.1498748619309495 , "bi-names-/nns" : 0.020847614223734948 , "bi-names-/np-part" : 0.0762763138888264 , "bi-names-baselinetopscore" : 0.0 , "bi-names-fieldlikelihood" : 0.0 , "bi-outgoingentitynames-/nnp" : 0.0 , "bi-outgoingentitynames-/nns" : 0.03504164150782623 , "bi-outgoingentitynames-/np-part" : 0.0 , "bi-outgoingentitynames-baselinetopscore" : 0.02576790142736707 , "bi-outgoingentitynames-fieldlikelihood" : 0.0 , "bi-similarentitynames-/nnp" : 0.14095623944110136 , "bi-similarentitynames-/nns" : 0.04475325876263401 , "bi-similarentitynames-/np-part" : 0.0 , "bi-similarentitynames-baselinetopscore" : 0.0752755097086677 , "bi-similarentitynames-fieldlikelihood" : 0.0 , "name" : "default-best" , "score" : "0.07858133758831463" }
