{ "bi-attributes-/nnp" : 0.08259057338721608 , "bi-attributes-/nns" : 0.09044134664027148 , "bi-attributes-/np-part" : 0.151739653982844 , "bi-attributes-baselinetopscore" : 0.04947925099533095 , "bi-attributes-fieldlikelihood" : 0.0 , "bi-categories-/nnp" : 0.11916399057593896 , "bi-categories-/nns" : 0.14291223462789931 , "bi-categories-/np-part" : 0.11183776088746804 , "bi-categories-baselinetopscore" : 0.07985672166139382 , "bi-categories-fieldlikelihood" : 0.0 , "bi-names-/nnp" : 0.0 , "bi-names-/nns" : 0.0 , "bi-names-/np-part" : 0.0 , "bi-names-baselinetopscore" : 0.0 , "bi-names-fieldlikelihood" : 0.0 , "bi-outgoingentitynames-/nnp" : 0.0 , "bi-outgoingentitynames-/nns" : 0.04168538097711923 , "bi-outgoingentitynames-/np-part" : 0.04671683139663779 , "bi-outgoingentitynames-baselinetopscore" : 0.0 , "bi-outgoingentitynames-fieldlikelihood" : 0.04135226043817832 , "bi-similarentitynames-/nnp" : 0.0 , "bi-similarentitynames-/nns" : 0.03760172352712013 , "bi-similarentitynames-/np-part" : 0.0 , "bi-similarentitynames-baselinetopscore" : 0.004622270902581858 , "bi-similarentitynames-fieldlikelihood" : 0.0 , "name" : "default-best" , "score" : "0.1977351259094915" }
