{ "bi-attributes-/nnp" : 0.04095710928317759 , "bi-attributes-/nns" : 0.1149144866822354 , "bi-attributes-/np-part" : 0.13782772832324894 , "bi-attributes-baselinetopscore" : 0.008865698355921358 , "bi-attributes-fieldlikelihood" : 0.0 , "bi-categories-/nnp" : 0.03771374732500184 , "bi-categories-/nns" : 0.10294617440198121 , "bi-categories-/np-part" : 0.029692887223359537 , "bi-categories-baselinetopscore" : 0.1072955008244902 , "bi-categories-fieldlikelihood" : 0.14064660541574728 , "bi-names-/nnp" : 0.0 , "bi-names-/nns" : 0.0 , "bi-names-/np-part" : 0.0 , "bi-names-baselinetopscore" : 0.01649854195915194 , "bi-names-fieldlikelihood" : 0.0 , "bi-outgoingentitynames-/nnp" : 0.07983375129721068 , "bi-outgoingentitynames-/nns" : 0.08160981182383778 , "bi-outgoingentitynames-/np-part" : 0.014481615884380057 , "bi-outgoingentitynames-baselinetopscore" : 0.02014319340059756 , "bi-outgoingentitynames-fieldlikelihood" : 0.025621447877861785 , "bi-similarentitynames-/nnp" : 0.0 , "bi-similarentitynames-/nns" : 0.040951699921796585 , "bi-similarentitynames-/np-part" : 0.0 , "bi-similarentitynames-baselinetopscore" : 0.0 , "bi-similarentitynames-fieldlikelihood" : 0.0 , "name" : "default-best" , "score" : "0.21878244398819785" }
