{ "bi-attributes-/nnp" : 0.0 , "bi-attributes-/nns" : 0.0 , "bi-attributes-/np-part" : 0.12435655857572223 , "bi-attributes-baselinetopscore" : 0.04151434062902256 , "bi-attributes-fieldlikelihood" : 0.07888736631567118 , "bi-categories-/nnp" : 0.2057373640002313 , "bi-categories-/nns" : 0.07675309737558558 , "bi-categories-/np-part" : 0.07515917342201746 , "bi-categories-baselinetopscore" : 0.11558982825889162 , "bi-categories-fieldlikelihood" : 0.06833184111503318 , "bi-names-/nnp" : 0.0 , "bi-names-/nns" : 0.0 , "bi-names-/np-part" : 5.761272102309056E-18 , "bi-names-baselinetopscore" : 0.0 , "bi-names-fieldlikelihood" : 0.0 , "bi-outgoingentitynames-/nnp" : 0.08302868125804512 , "bi-outgoingentitynames-/nns" : 0.0 , "bi-outgoingentitynames-/np-part" : 0.006098727162712145 , "bi-outgoingentitynames-baselinetopscore" : 0.04151434062902256 , "bi-outgoingentitynames-fieldlikelihood" : 0.04151434062902256 , "bi-similarentitynames-/nnp" : 0.0 , "bi-similarentitynames-/nns" : 0.04151434062902256 , "bi-similarentitynames-/np-part" : 0.0 , "bi-similarentitynames-baselinetopscore" : 0.0 , "bi-similarentitynames-fieldlikelihood" : 0.0 , "name" : "default-best" , "score" : "0.18839176490199105" }
