{ "bi-attributes-/nnp" : 0.08605805780391397 , "bi-attributes-/nns" : 0.0 , "bi-attributes-/np-part" : 0.0 , "bi-attributes-baselinetopscore" : 0.0 , "bi-attributes-fieldlikelihood" : 0.047276649231413365 , "bi-categories-/nnp" : 0.17909418613860642 , "bi-categories-/nns" : 0.06880766894310869 , "bi-categories-/np-part" : 0.0017740401728539858 , "bi-categories-baselinetopscore" : 0.08548700317574122 , "bi-categories-fieldlikelihood" : 0.1230544151936014 , "bi-names-/nnp" : 0.0 , "bi-names-/nns" : 0.0 , "bi-names-/np-part" : 0.0 , "bi-names-baselinetopscore" : 0.0 , "bi-names-fieldlikelihood" : 0.0 , "bi-outgoingentitynames-/nnp" : 0.09679442859609333 , "bi-outgoingentitynames-/nns" : 0.04343069164922889 , "bi-outgoingentitynames-/np-part" : 0.09861484377324328 , "bi-outgoingentitynames-baselinetopscore" : 0.0529720461587048 , "bi-outgoingentitynames-fieldlikelihood" : 0.0 , "bi-similarentitynames-/nnp" : 0.0 , "bi-similarentitynames-/nns" : 0.0789832934249072 , "bi-similarentitynames-/np-part" : 0.0 , "bi-similarentitynames-baselinetopscore" : 0.03765267573858361 , "bi-similarentitynames-fieldlikelihood" : 0.0 , "name" : "default-best" , "score" : "0.18811596229776045" }
