{ "bi-attributes-/nnp" : 0.09033499791819603 , "bi-attributes-/nns" : 0.030731085775079867 , "bi-attributes-/np-part" : 0.05277206361431458 , "bi-attributes-baselinetopscore" : 0.0 , "bi-attributes-fieldlikelihood" : 0.0056448667033822545 , "bi-categories-/nnp" : 0.03924143403027944 , "bi-categories-/nns" : 0.13101190718984582 , "bi-categories-/np-part" : 0.0 , "bi-categories-baselinetopscore" : 0.16188804548513577 , "bi-categories-fieldlikelihood" : 0.061565246930089516 , "bi-names-/nnp" : 0.0 , "bi-names-/nns" : 0.0 , "bi-names-/np-part" : 0.0 , "bi-names-baselinetopscore" : 0.0 , "bi-names-fieldlikelihood" : 0.0 , "bi-outgoingentitynames-/nnp" : 0.14014184690854442 , "bi-outgoingentitynames-/nns" : 0.02259217535769888 , "bi-outgoingentitynames-/np-part" : 0.07841154778823553 , "bi-outgoingentitynames-baselinetopscore" : 0.06752319513720403 , "bi-outgoingentitynames-fieldlikelihood" : 0.024023165574486204 , "bi-similarentitynames-/nnp" : 0.0 , "bi-similarentitynames-/nns" : 0.0 , "bi-similarentitynames-/np-part" : 0.0 , "bi-similarentitynames-baselinetopscore" : 0.0014563560281501968 , "bi-similarentitynames-fieldlikelihood" : 0.09266206555935752 , "name" : "default-best" , "score" : "0.1793540179297258" }
