{ "bi-attributes-/nnp" : 0.04247057338268535 , "bi-attributes-/nns" : 0.0 , "bi-attributes-/np-part" : 0.0 , "bi-attributes-baselinetopscore" : 0.0 , "bi-attributes-fieldlikelihood" : 0.04210494878652066 , "bi-categories-/nnp" : 0.07396331796538118 , "bi-categories-/nns" : 0.15864260361975394 , "bi-categories-/np-part" : 0.035500011905942847 , "bi-categories-baselinetopscore" : 0.11726421373928328 , "bi-categories-fieldlikelihood" : 0.051295753084144455 , "bi-names-/nnp" : 0.0 , "bi-names-/nns" : 0.0 , "bi-names-/np-part" : 0.0 , "bi-names-baselinetopscore" : 0.0 , "bi-names-fieldlikelihood" : 0.0 , "bi-outgoingentitynames-/nnp" : 0.1857661172509564 , "bi-outgoingentitynames-/nns" : 0.04208329650291794 , "bi-outgoingentitynames-/np-part" : 0.10646487069468748 , "bi-outgoingentitynames-baselinetopscore" : 0.025698224593993263 , "bi-outgoingentitynames-fieldlikelihood" : 0.04162797072133005 , "bi-similarentitynames-/nnp" : 0.0 , "bi-similarentitynames-/nns" : 0.0 , "bi-similarentitynames-/np-part" : 0.0 , "bi-similarentitynames-baselinetopscore" : 0.07711809775240326 , "bi-similarentitynames-fieldlikelihood" : 0.0 , "name" : "default-best" , "score" : "0.20262853015127802" }
