{ "bi-attributes-/nnp" : 0.12078250113472215 , "bi-attributes-/nns" : 0.0 , "bi-attributes-/np-part" : 0.033051841759910126 , "bi-attributes-baselinetopscore" : 0.04387451718456446 , "bi-attributes-fieldlikelihood" : 0.0 , "bi-categories-/nnp" : 0.04583780495801785 , "bi-categories-/nns" : 0.12288666961656804 , "bi-categories-/np-part" : 0.008229623065396333 , "bi-categories-baselinetopscore" : 0.0 , "bi-categories-fieldlikelihood" : 0.019424885808009613 , "bi-names-/nnp" : 0.07481219176325028 , "bi-names-/nns" : 0.03966934632309464 , "bi-names-/np-part" : 0.026452903046050497 , "bi-names-baselinetopscore" : 0.061395953666378504 , "bi-names-fieldlikelihood" : 0.0 , "bi-outgoingentitynames-/nnp" : 0.0 , "bi-outgoingentitynames-/nns" : 0.012466124849591982 , "bi-outgoingentitynames-/np-part" : 0.0 , "bi-outgoingentitynames-baselinetopscore" : 0.0 , "bi-outgoingentitynames-fieldlikelihood" : 0.0 , "bi-similarentitynames-/nnp" : 0.18746538426058684 , "bi-similarentitynames-/nns" : 0.0890784908848593 , "bi-similarentitynames-/np-part" : 0.01468590412275458 , "bi-similarentitynames-baselinetopscore" : 0.07404400200317868 , "bi-similarentitynames-fieldlikelihood" : 0.025841855553066194 , "name" : "default-best" , "score" : "0.3443939939965205" }
