{ "bi-attributes-/nnp" : 0.0813949417841238 , "bi-attributes-/nns" : 0.057584684754220725 , "bi-attributes-/np-part" : 0.0 , "bi-attributes-baselinetopscore" : 0.04423603014205883 , "bi-attributes-fieldlikelihood" : 0.0 , "bi-categories-/nnp" : 0.04789778693207407 , "bi-categories-/nns" : 0.10153898418929354 , "bi-categories-/np-part" : 0.045215225815273555 , "bi-categories-baselinetopscore" : 0.0 , "bi-categories-fieldlikelihood" : 0.0 , "bi-names-/nnp" : 0.0 , "bi-names-/nns" : 0.0 , "bi-names-/np-part" : 0.029792392139659604 , "bi-names-baselinetopscore" : 0.12022348850789485 , "bi-names-fieldlikelihood" : 0.0 , "bi-outgoingentitynames-/nnp" : 0.0 , "bi-outgoingentitynames-/nns" : 0.03330171462180809 , "bi-outgoingentitynames-/np-part" : 0.0 , "bi-outgoingentitynames-baselinetopscore" : 0.0 , "bi-outgoingentitynames-fieldlikelihood" : 0.0 , "bi-similarentitynames-/nnp" : 0.06292991930704268 , "bi-similarentitynames-/nns" : 0.17869268083466874 , "bi-similarentitynames-/np-part" : 0.04034276629350023 , "bi-similarentitynames-baselinetopscore" : 0.11835273761723902 , "bi-similarentitynames-fieldlikelihood" : 0.03849664706114232 , "name" : "default-best" , "score" : "0.32983185699964623" }
