{ "bi-attributes-/nnp" : 0.0671329610251203 , "bi-attributes-/nns" : 0.0671329610251203 , "bi-attributes-/np-part" : 0.03356648051256015 , "bi-attributes-baselinetopscore" : 0.03356648051256015 , "bi-attributes-fieldlikelihood" : 0.0 , "bi-categories-/nnp" : 0.03356648051256015 , "bi-categories-/nns" : 0.0671329610251203 , "bi-categories-/np-part" : 0.04531474869195621 , "bi-categories-baselinetopscore" : 0.0671329610251203 , "bi-categories-fieldlikelihood" : 0.0 , "bi-names-/nnp" : 0.03356648051256015 , "bi-names-/nns" : 0.03356648051256015 , "bi-names-/np-part" : 0.03356648051256015 , "bi-names-baselinetopscore" : 0.03356648051256015 , "bi-names-fieldlikelihood" : 0.0671329610251203 , "bi-outgoingentitynames-/nnp" : 0.0 , "bi-outgoingentitynames-/nns" : 0.0 , "bi-outgoingentitynames-/np-part" : 0.0 , "bi-outgoingentitynames-baselinetopscore" : 0.0 , "bi-outgoingentitynames-fieldlikelihood" : 0.0 , "bi-similarentitynames-/nnp" : 0.0671329610251203 , "bi-similarentitynames-/nns" : 0.11552323849403982 , "bi-similarentitynames-/np-part" : 0.0671329610251203 , "bi-similarentitynames-baselinetopscore" : 0.0671329610251203 , "bi-similarentitynames-fieldlikelihood" : 0.0671329610251203 , "name" : "default-best" , "score" : "0.2988997135962468" }
