{ "bi-attributes-/nns" : -0.11277778789987025 , "bi-attributes-/np-part" : 0.0456806910396229 , "bi-attributes-baselinetopscore" : 0.1493749966315479 , "bi-categories-/nns" : 0.22205253283353968 , "bi-categories-/np-part" : 0.028953284427535156 , "bi-categories-baselinetopscore" : 0.15636111115609735 , "bi-names-/nns" : 0.04122443164987889 , "bi-names-/np-part" : 0.08934920637491278 , "bi-names-baselinetopscore" : 0.03867615817829012 , "bi-outgoingentitynames-/nns" : 0.1528134348611548 , "bi-outgoingentitynames-/np-part" : 0.0 , "bi-outgoingentitynames-baselinetopscore" : 0.0 , "bi-similarentitynames-/nns" : 0.09930596410003494 , "bi-similarentitynames-/np-part" : 0.0 , "bi-similarentitynames-baselinetopscore" : 0.08898597664725569 , "name" : "default-best" , "score" : "0.07654388060812975" }
