{ "bi-attributes-/nns" : 0.04965721715950132 , "bi-attributes-/np-part" : 0.08237579071462985 , "bi-attributes-baselinetopscore" : 0.038423258920219666 , "bi-categories-/nns" : 0.18920333174899046 , "bi-categories-/np-part" : 0.09384671045865273 , "bi-categories-baselinetopscore" : 0.07316086494752472 , "bi-names-/nns" : 0.06438872157862682 , "bi-names-/np-part" : 0.0 , "bi-names-baselinetopscore" : 0.04711884097469212 , "bi-outgoingentitynames-/nns" : 0.0885962564148581 , "bi-outgoingentitynames-/np-part" : -0.04322888488592191 , "bi-outgoingentitynames-baselinetopscore" : 0.07017095875427388 , "bi-similarentitynames-/nns" : 0.0 , "bi-similarentitynames-/np-part" : 0.045992978730031386 , "bi-similarentitynames-baselinetopscore" : 0.20029395448392084 , "name" : "default-best" , "score" : "0.08177962103341736" }
