{ "bi-attributes-/nns" : 0.09151340347409553 , "bi-attributes-/np-part" : 0.14991913930771308 , "bi-attributes-baselinetopscore" : 0.06679866256759413 , "bi-categories-/nns" : 0.16336070797087068 , "bi-categories-/np-part" : 0.14750470152726639 , "bi-categories-baselinetopscore" : 0.25217829193982694 , "bi-names-/nns" : 0.050250940634794995 , "bi-names-/np-part" : -0.051266032524052374 , "bi-names-baselinetopscore" : 0.0 , "bi-outgoingentitynames-/nns" : -0.05540166204986148 , "bi-outgoingentitynames-/np-part" : 0.06037476169759414 , "bi-outgoingentitynames-baselinetopscore" : 0.09151340347409553 , "bi-similarentitynames-/nns" : 0.033253681980062004 , "bi-similarentitynames-/np-part" : 0.0 , "bi-similarentitynames-baselinetopscore" : 0.0 , "name" : "default-best" , "score" : "0.1906374181213727" }
