{ "bi-attributes-/nns" : 0.13226198711814605 , "bi-attributes-/np-part" : 0.19586232257473232 , "bi-attributes-baselinetopscore" : 0.078874088478954 , "bi-categories-/nns" : 0.14611295000753277 , "bi-categories-/np-part" : 0.1914208813121296 , "bi-categories-baselinetopscore" : 0.1442012766978372 , "bi-names-/nns" : 0.017533288219284758 , "bi-names-/np-part" : -0.0569866842158142 , "bi-names-baselinetopscore" : 0.0 , "bi-outgoingentitynames-/nns" : 0.0 , "bi-outgoingentitynames-/np-part" : 0.07389658825893024 , "bi-outgoingentitynames-baselinetopscore" : 0.0 , "bi-similarentitynames-/nns" : 0.07682330154826719 , "bi-similarentitynames-/np-part" : 0.0 , "bi-similarentitynames-baselinetopscore" : 0.0 , "name" : "default-best" , "score" : "0.19845619619716268" }
