{ "bi-attributes-/nns" : 0.13483730448065795 , "bi-attributes-/np-part" : 0.11463293302841761 , "bi-attributes-baselinetopscore" : 0.04721743418801955 , "bi-categories-/nns" : 0.15307696016896943 , "bi-categories-/np-part" : 0.13075468220154274 , "bi-categories-baselinetopscore" : 0.26933849691850986 , "bi-names-/nns" : 0.10803695665437282 , "bi-names-/np-part" : -0.048653213795716875 , "bi-names-baselinetopscore" : 0.0 , "bi-outgoingentitynames-/nns" : 0.0 , "bi-outgoingentitynames-/np-part" : -0.04694444864807059 , "bi-outgoingentitynames-baselinetopscore" : 0.10759994701959393 , "bi-similarentitynames-/nns" : 0.03010294778370359 , "bi-similarentitynames-/np-part" : 0.0 , "bi-similarentitynames-baselinetopscore" : 0.0 , "name" : "default-best" , "score" : "0.22057230614688916" }
