{ "bi-attributes-/nns" : -0.012750827021418335 , "bi-attributes-/np-part" : 0.0 , "bi-attributes-baselinetopscore" : 0.0766539225149622 , "bi-categories-/nns" : 0.30787165080778933 , "bi-categories-/np-part" : 0.0352400633490117 , "bi-categories-baselinetopscore" : 0.20058855401030035 , "bi-names-/nns" : 0.04761904761904763 , "bi-names-/np-part" : -0.10086543673003406 , "bi-names-baselinetopscore" : -0.054554958444240485 , "bi-outgoingentitynames-/nns" : 0.04969060678798269 , "bi-outgoingentitynames-/np-part" : 0.19567226445153507 , "bi-outgoingentitynames-baselinetopscore" : 0.10553922369516298 , "bi-similarentitynames-/nns" : 0.13073122466558834 , "bi-similarentitynames-/np-part" : -0.0459549239101872 , "bi-similarentitynames-baselinetopscore" : 0.06451958820449988 , "name" : "default-best" , "score" : "0.20769390953835204" }
