{ "bi-attributes-/nns" : 0.04019475707261095 , "bi-attributes-/np-part" : 0.0 , "bi-attributes-baselinetopscore" : 0.02131021289597755 , "bi-categories-/nns" : 0.20985591822325064 , "bi-categories-/np-part" : 0.05780121971829814 , "bi-categories-baselinetopscore" : 0.260440300838305 , "bi-names-/nns" : -0.04259854615316539 , "bi-names-/np-part" : -0.13637419084618083 , "bi-names-baselinetopscore" : 0.0 , "bi-outgoingentitynames-/nns" : 0.08114008791079119 , "bi-outgoingentitynames-/np-part" : 0.20761625968284256 , "bi-outgoingentitynames-baselinetopscore" : 0.07551354053149546 , "bi-similarentitynames-/nns" : 0.027948648603715643 , "bi-similarentitynames-/np-part" : 0.12348572123240999 , "bi-similarentitynames-baselinetopscore" : 0.07366607028964912 , "name" : "default-best" , "score" : "0.18913974842949682" }
