{ "bi-attributes-/nns" : 0.06518180244989173 , "bi-attributes-/np-part" : 0.06518180244989173 , "bi-attributes-baselinetopscore" : 0.06518180244989173 , "bi-categories-/nns" : 0.1504746264466997 , "bi-categories-/np-part" : 0.027702266041203995 , "bi-categories-baselinetopscore" : 0.05591783877670083 , "bi-names-/nns" : 0.02128219382970927 , "bi-names-/np-part" : 0.046954348521436824 , "bi-names-baselinetopscore" : 0.11406815428731057 , "bi-outgoingentitynames-/nns" : 0.016539576831961035 , "bi-outgoingentitynames-/np-part" : 0.0 , "bi-outgoingentitynames-baselinetopscore" : 0.0 , "bi-similarentitynames-/nns" : 0.11394593840771695 , "bi-similarentitynames-/np-part" : 0.1048011992296064 , "bi-similarentitynames-baselinetopscore" : 0.1527684502779792 , "name" : "default-best" , "score" : "0.30171380858365393" }
