{ "bi-attributes-/nns" : 0.031468490991997805 , "bi-attributes-/np-part" : 0.05143586504860086 , "bi-attributes-baselinetopscore" : 0.048701361139175045 , "bi-categories-/nns" : 0.08599690872945565 , "bi-categories-/np-part" : 0.08469801937247834 , "bi-categories-baselinetopscore" : 0.024652040092734473 , "bi-names-/nns" : 0.08469801937247834 , "bi-names-/np-part" : 0.08469801937247834 , "bi-names-baselinetopscore" : 0.08469801937247834 , "bi-outgoingentitynames-/nns" : 0.0 , "bi-outgoingentitynames-/np-part" : 0.0 , "bi-outgoingentitynames-baselinetopscore" : 0.0 , "bi-similarentitynames-/nns" : 0.1893607473072826 , "bi-similarentitynames-/np-part" : 0.08469801937247834 , "bi-similarentitynames-baselinetopscore" : 0.1448944898283619 , "name" : "default-best" , "score" : "0.3435013727208854" }
