{ "name" : "default-best-best" , "od-/const" : 0.0 , "od-/np-part" : 0.22301093211261716 , "score" : "0.1255766512298394" , "uni-/const" : 0.6937105707552081 , "uww-/const" : 0.20549715187776538 , "uww-/np-part" : -0.1222186547455905 }
