{ "name" : "default-best-best" , "od-/const" : 0.0031266632839214705 , "od-/np-part" : 0.06628771601190407 , "score" : "0.12852409293575212" , "uni-/const" : 0.6862839828442842 , "uww-/const" : 0.23200596499265577 , "uww-/np-part" : 0.012295672867234538 }
