{ "name" : "default-best-best" , "od-/const" : 0.14077079576633603 , "od-/np-part" : -0.10539506661390317 , "score" : "0.12374988748330243" , "uni-/const" : 0.7311109884428447 , "uww-/const" : 0.07429450216793301 , "uww-/np-part" : 0.15921878023678954 }
