{ "name" : "default-best-best" , "od-/const" : 0.001907989067647582 , "od-/np-part" : 0.1471262932847684 , "score" : "0.1162001854843657" , "uni-/const" : 0.6794730689545257 , "uww-/const" : 0.12692564039260404 , "uww-/np-part" : 0.04456700830045423 }
