{ "name" : "default-best-best" , "od-/const" : 0.07815370045110094 , "od-/np-part" : 0.02337951587023857 , "score" : "0.12841991142742035" , "uni-/const" : 0.5587502472442967 , "uww-/const" : 0.3397165364343637 , "uww-/np-part" : 0.0 }
