{ "name" : "default-best-best" , "od-/const" : 0.24889631665531903 , "od-/np-part" : 0.0 , "score" : "0.20642077031870035" , "uni-/const" : 0.23260268920163088 , "uww-/const" : 0.3549904158615194 , "uww-/np-part" : 0.16351057828153054 }
