{ "name" : "default-best-best" , "od-/const" : 0.17831003056808095 , "od-/np-part" : -0.05263157894736842 , "score" : "0.21731706110334978" , "uni-/const" : 0.525099693586054 , "uww-/const" : 0.17046929360094915 , "uww-/np-part" : 0.1787525611922842 }
