{ "name" : "default-best-best" , "od-/const" : 0.2407084432567595 , "od-/np-part" : 0.030941507297101177 , "score" : "0.23492910791597815" , "uni-/const" : 0.394192707000697 , "uww-/const" : 0.1463894679961616 , "uww-/np-part" : 0.1877678744492806 }
