{ "name" : "default-best-best" , "od-/const" : 0.20153091029521628 , "od-/np-part" : 0.0 , "score" : "0.216631010706349" , "uni-/const" : 0.25435375225209506 , "uww-/const" : 0.2999116952100748 , "uww-/np-part" : 0.24420364224261376 }
