{ "name" : "default-best-best" , "od-/const" : 0.11174212296864985 , "od-/np-part" : 0.008644176668785765 , "score" : "0.20638571531197977" , "uni-/const" : 0.2932489380865531 , "uww-/const" : 0.23780185128907896 , "uww-/np-part" : 0.34856291098693243 }
