{ "name" : "default-best-best" , "od-/const" : 0.3060100583881977 , "od-/np-part" : -0.05276348766653477 , "score" : "0.25503167802098137" , "uni-/const" : 0.4495247807450553 , "uww-/const" : 0.25573083511258105 , "uww-/np-part" : 0.041497813420700774 }
