{ "name" : "default-best-best" , "od-/const" : 0.33337063260878325 , "od-/np-part" : 0.0 , "score" : "0.20992946234494594" , "uni-/const" : 0.3816314217851295 , "uww-/const" : 0.18150426887116072 , "uww-/np-part" : 0.1034936767349265 }
