{ "name" : "default-best-best" , "od-/const" : 0.35190307575528257 , "od-/np-part" : 0.0 , "score" : "0.20743691155144164" , "uni-/const" : 0.4532306635486357 , "uww-/const" : 0.12159440119075322 , "uww-/np-part" : 0.07327185950532847 }
