{ "name" : "default-best-best" , "od-/const" : 0.20733272243531364 , "od-/np-part" : 0.03232636769068074 , "score" : "0.24843541001469246" , "uni-/const" : 0.47299640814640626 , "uww-/const" : 0.2446046108623486 , "uww-/np-part" : 0.042739890865250846 }
