{ "name" : "default-best-best" , "od-/const" : 0.3189816029796829 , "od-/np-part" : 0.0055930549617707725 , "score" : "0.22964209410614606" , "uni-/const" : 0.4450928155660243 , "uww-/const" : 0.15557173414469336 , "uww-/np-part" : 0.07476079234782854 }
