{ "name" : "default-best-best" , "od-/const" : 0.11337254734970456 , "od-/np-part" : 0.2098702281267995 , "score" : "0.38134632768440907" , "uni-/const" : 0.5388847342120978 , "uww-/const" : 0.09728810204114725 , "uww-/np-part" : 0.040584388270250925 }
