{ "name" : "default-best-best" , "od-/const" : 0.06957037227486625 , "od-/np-part" : -0.0030847486213147475 , "score" : "0.41450333342399087" , "uni-/const" : 0.4573630132270418 , "uww-/const" : 0.46554160551189855 , "uww-/np-part" : 0.010609757607508133 }
