{ "name" : "default-best-best" , "od-/const" : 0.2477621269151275 , "od-/np-part" : 0.20853893830752782 , "score" : "0.38955335207819675" , "uni-/const" : 0.32805711801371856 , "uww-/const" : 0.21564181676362604 , "uww-/np-part" : 0.0 }
