{ "name" : "default-best-best" , "od-/const" : 0.1492244869412364 , "od-/np-part" : -0.05050314069363384 , "score" : "0.4256896526024022" , "uni-/const" : 0.518594065132133 , "uww-/const" : 0.22961926210871508 , "uww-/np-part" : 0.15306532651154917 }
