{ "name" : "default-best-best" , "od-/const" : 0.05927283132587545 , "od-/np-part" : 0.02112366427539994 , "score" : "0.3845186327169881" , "uni-/const" : 0.3980248189274294 , "uww-/const" : 0.42091795261560466 , "uww-/np-part" : 0.10066073285569051 }
