{
  "1-const": 0.7468528233966405,
  "1-lndf": -0.013385714077272006,
  "1-lntf": 0.12441088104882134,
  "2-const": 0.12761247911225143,
  "2-lndf": 0,
  "2-lntf": 0.014509530519558772,
  "name": "",
  "score": ""
}
