{
  "1-const": 0.6851073319211475,
  "1-lndf": 0.04369935608333523,
  "1-lntf": 0.03249988695303655,
  "2-const": 0.21111255954365818,
  "2-lndf": 0.014178712461273885,
  "2-lntf": 0.013402153037548784,
  "name": "",
  "score": ""
}
