{ "name" : "default-best" , "score" : "0.11490398792364391" , "uni-attributes-/nn-only" : 0.29837015648357357 , "uni-attributes-fieldlikelihood" : 0.1713160393263038 , "uni-categories-/nn-only" : 0.1501441067443447 , "uni-categories-fieldlikelihood" : 0.10526286177919295 , "uni-names-/nn-only" : 0.0432755628954864 , "uni-names-fieldlikelihood" : 0.0027988904650094464 , "uni-outgoingentitynames-/nn-only" : 0.04221057464549701 , "uni-outgoingentitynames-fieldlikelihood" : 0.0 , "uni-similarentitynames-/nn-only" : 0.11371889036246909 , "uni-similarentitynames-fieldlikelihood" : 0.07290291729812302 }
