{ "name" : "default-best" , "score" : "0.17728540706885146" , "uni-attributes-/nn-only" : 0.22805611141835705 , "uni-attributes-fieldlikelihood" : 0.10130548853346405 , "uni-categories-/nn-only" : 0.08409545665570134 , "uni-categories-fieldlikelihood" : 0.1528304861451489 , "uni-names-/nn-only" : 0.0 , "uni-names-fieldlikelihood" : 0.0 , "uni-outgoingentitynames-/nn-only" : 0.0 , "uni-outgoingentitynames-fieldlikelihood" : 0.24943285445701732 , "uni-similarentitynames-/nn-only" : 0.0890498380395218 , "uni-similarentitynames-fieldlikelihood" : 0.09522976475078956 }
