{ "name" : "default-best" , "score" : "0.3671076559996006" , "uni-attributes-/nn-only" : 0.27063431651658687 , "uni-attributes-fieldlikelihood" : 0.23166266925264528 , "uni-categories-/nn-only" : 0.0 , "uni-categories-fieldlikelihood" : 0.060547402135012855 , "uni-names-/nn-only" : 0.1789492613574567 , "uni-names-fieldlikelihood" : 0.10801634479384535 , "uni-outgoingentitynames-/nn-only" : 0.0 , "uni-outgoingentitynames-fieldlikelihood" : 0.0 , "uni-similarentitynames-/nn-only" : 0.0 , "uni-similarentitynames-fieldlikelihood" : 0.1501900059444529 }
