{ "bi-attributes-/nns" : 0.04004626762650625 , "bi-attributes-fieldlikelihood" : 0.1620535691465184 , "bi-categories-/nns" : 0.23665747693341677 , "bi-categories-fieldlikelihood" : 0.14069395191112008 , "bi-names-/nns" : 0.0 , "bi-names-fieldlikelihood" : 0.1139361526429389 , "bi-outgoingentitynames-/nns" : 0.07953219169531398 , "bi-outgoingentitynames-fieldlikelihood" : 0.014198831637870502 , "bi-similarentitynames-/nns" : 0.09370632952036434 , "bi-similarentitynames-fieldlikelihood" : 0.1191752288859508 , "name" : "default-best" , "score" : "0.06324404795035812" }
