{ "bi-attributes-/nns" : 0.15006293431964865 , "bi-attributes-fieldlikelihood" : 0.09568417319144357 , "bi-categories-/nns" : 0.21953730701092902 , "bi-categories-fieldlikelihood" : 0.3331469133438985 , "bi-names-/nns" : 0.0 , "bi-names-fieldlikelihood" : 0.0 , "bi-outgoingentitynames-/nns" : 0.007523375935728642 , "bi-outgoingentitynames-fieldlikelihood" : 0.09833290440015843 , "bi-similarentitynames-/nns" : 0.0957123917981931 , "bi-similarentitynames-fieldlikelihood" : 0.0 , "name" : "default-best" , "score" : "0.19745529539598147" }
