{ "bi-attributes-/nns" : 0.0 , "bi-attributes-fieldlikelihood" : 0.20456542144915577 , "bi-categories-/nns" : 0.40247596639884997 , "bi-categories-fieldlikelihood" : 0.06479072679091415 , "bi-names-/nns" : 0.0 , "bi-names-fieldlikelihood" : 6.545322245510194E-4 , "bi-outgoingentitynames-/nns" : 0.03860887164223574 , "bi-outgoingentitynames-fieldlikelihood" : 0.18705466710685908 , "bi-similarentitynames-/nns" : 0.0 , "bi-similarentitynames-fieldlikelihood" : 0.10184981438743422 , "name" : "default-best" , "score" : "0.170998229693452" }
