{ "bi-attributes-/nns" : 0.048201240709655514 , "bi-attributes-fieldlikelihood" : 0.11034402504940673 , "bi-categories-/nns" : 0.1586088458434903 , "bi-categories-fieldlikelihood" : 0.008803622442515043 , "bi-names-/nns" : 0.15101699240438163 , "bi-names-fieldlikelihood" : 0.10338575177926691 , "bi-outgoingentitynames-/nns" : 0.0 , "bi-outgoingentitynames-fieldlikelihood" : 0.0 , "bi-similarentitynames-/nns" : 0.24582428731114137 , "bi-similarentitynames-fieldlikelihood" : 0.17381523446014258 , "name" : "default-best" , "score" : "0.32041036093091146" }
