{ "bi-attributes-/nns" : 0.03615728057142891 , "bi-attributes-fieldlikelihood" : 0.15094675546130595 , "bi-categories-/nns" : 0.1331191122505752 , "bi-categories-fieldlikelihood" : 0.03452827303472235 , "bi-names-/nns" : 0.0 , "bi-names-fieldlikelihood" : 0.1611334335254413 , "bi-outgoingentitynames-/nns" : 0.004450632121340054 , "bi-outgoingentitynames-fieldlikelihood" : 0.0 , "bi-similarentitynames-/nns" : 0.29948850203826766 , "bi-similarentitynames-fieldlikelihood" : 0.18017601099691846 , "name" : "default-best" , "score" : "0.3080674031597492" }
