{ "bi-attributes-/nns" : 0.0 , "bi-attributes-/np-part" : 0.09690392665350422 , "bi-attributes-baselinetopscore" : 0.09919272952167164 , "bi-categories-/nns" : 0.2427946966424891 , "bi-categories-/np-part" : 0.04767636215438606 , "bi-categories-baselinetopscore" : 0.14418553546781576 , "bi-names-/nns" : 0.05154440026962412 , "bi-names-/np-part" : 0.05409686596314159 , "bi-names-baselinetopscore" : 0.05549243609604008 , "bi-outgoingentitynames-/nns" : 0.04938978143619217 , "bi-outgoingentitynames-/np-part" : 0.0 , "bi-outgoingentitynames-baselinetopscore" : 0.0 , "bi-similarentitynames-/nns" : 0.05549243609604008 , "bi-similarentitynames-/np-part" : 0.04773839360305528 , "bi-similarentitynames-baselinetopscore" : 0.05549243609604008 , "name" : "default-best" , "score" : "0.085915932308992" }
