{ "bi-attributes-/nns" : 0.02033403102397916 , "bi-attributes-/np-part" : 0.0858549073883565 , "bi-attributes-baselinetopscore" : 0.06719997381010273 , "bi-categories-/nns" : 0.2834413673800287 , "bi-categories-/np-part" : 0.0 , "bi-categories-baselinetopscore" : 0.1269609765722825 , "bi-names-/nns" : 0.025978001770077717 , "bi-names-/np-part" : 0.035051072991128585 , "bi-names-baselinetopscore" : 0.0 , "bi-outgoingentitynames-/nns" : 0.1431729447855134 , "bi-outgoingentitynames-/np-part" : 0.0 , "bi-outgoingentitynames-baselinetopscore" : 0.0 , "bi-similarentitynames-/nns" : 0.034011946715829834 , "bi-similarentitynames-/np-part" : 0.09432260642437375 , "bi-similarentitynames-baselinetopscore" : 0.08367217113832728 , "name" : "default-best" , "score" : "0.07537667667720697" }
