{ "bi-attributes-/nns" : 0.024129791582968307 , "bi-attributes-/np-part" : 0.1430312326195139 , "bi-attributes-baselinetopscore" : 0.08190742945078786 , "bi-categories-/nns" : 0.189598882040655 , "bi-categories-/np-part" : 0.027190519827440748 , "bi-categories-baselinetopscore" : 0.14026647293447425 , "bi-names-/nns" : 0.0 , "bi-names-/np-part" : 0.14318442510865853 , "bi-names-baselinetopscore" : 0.024274235677637836 , "bi-outgoingentitynames-/nns" : 0.059852730617216215 , "bi-outgoingentitynames-/np-part" : 0.0 , "bi-outgoingentitynames-baselinetopscore" : 0.02047685736269696 , "bi-similarentitynames-/nns" : 0.0 , "bi-similarentitynames-/np-part" : 0.0 , "bi-similarentitynames-baselinetopscore" : 0.14608742277795025 , "name" : "default-best" , "score" : "0.0806405103187523" }
