{ "bi-attributes-/nns" : 0.02492655999545994 , "bi-attributes-/np-part" : 0.17931474026345218 , "bi-attributes-baselinetopscore" : 0.1340945256762296 , "bi-categories-/nns" : 0.1314298466224102 , "bi-categories-/np-part" : 0.18407836882550818 , "bi-categories-baselinetopscore" : 0.18472573033461562 , "bi-names-/nns" : 0.013326560310786774 , "bi-names-/np-part" : -0.055401662049861494 , "bi-names-baselinetopscore" : 0.0 , "bi-outgoingentitynames-/nns" : -0.05263157894736842 , "bi-outgoingentitynames-/np-part" : 0.07518332305894039 , "bi-outgoingentitynames-baselinetopscore" : 0.1295035146100951 , "bi-similarentitynames-/nns" : 0.03195291230004969 , "bi-similarentitynames-/np-part" : 0.0 , "bi-similarentitynames-baselinetopscore" : 0.01949715899968228 , "name" : "default-best" , "score" : "0.18757899615203497" }
