{ "bi-attributes-/nns" : 0.16239352885352762 , "bi-attributes-/np-part" : 0.12480436194072461 , "bi-attributes-baselinetopscore" : 0.038013786518380555 , "bi-categories-/nns" : 0.16263562966966968 , "bi-categories-/np-part" : 0.09370369139384345 , "bi-categories-baselinetopscore" : 0.16121438017952078 , "bi-names-/nns" : 0.09899004319441168 , "bi-names-/np-part" : -0.10241802377016171 , "bi-names-baselinetopscore" : 0.0 , "bi-outgoingentitynames-/nns" : 0.04068819472198072 , "bi-outgoingentitynames-/np-part" : 0.1888153233578981 , "bi-outgoingentitynames-baselinetopscore" : 0.027814205985653113 , "bi-similarentitynames-/nns" : 0.0 , "bi-similarentitynames-/np-part" : -0.04310320538792554 , "bi-similarentitynames-baselinetopscore" : 0.04644808334247695 , "name" : "default-best" , "score" : "0.19438969245282717" }
