{ "bi-attributes-/nns" : 0.0 , "bi-attributes-/np-part" : 0.10867539302587603 , "bi-attributes-baselinetopscore" : 0.03401410878311862 , "bi-categories-/nns" : 0.17987123722896425 , "bi-categories-/np-part" : 0.05048259569641652 , "bi-categories-baselinetopscore" : 0.2345718386763917 , "bi-names-/nns" : -0.05846369824546786 , "bi-names-/np-part" : -0.052763487666534735 , "bi-names-baselinetopscore" : 0.026164738468166786 , "bi-outgoingentitynames-/nns" : 0.042165197257787584 , "bi-outgoingentitynames-/np-part" : 0.28442619375380324 , "bi-outgoingentitynames-baselinetopscore" : 0.038796562311905376 , "bi-similarentitynames-/nns" : 0.0 , "bi-similarentitynames-/np-part" : 0.0 , "bi-similarentitynames-baselinetopscore" : 0.11205932070957242 , "name" : "default-best" , "score" : "0.15885936135194095" }
