{ "bi-attributes-/nns" : 0.0 , "bi-attributes-/np-part" : 0.08481216831061514 , "bi-attributes-baselinetopscore" : 0.019963460094253396 , "bi-categories-/nns" : 0.29281815001533235 , "bi-categories-/np-part" : 0.028013802403603457 , "bi-categories-baselinetopscore" : 0.24270127996421897 , "bi-names-/nns" : -0.052943278286303734 , "bi-names-/np-part" : -0.1469311596262192 , "bi-names-baselinetopscore" : 0.0 , "bi-outgoingentitynames-/nns" : 0.041712439512060356 , "bi-outgoingentitynames-/np-part" : 0.3292634859141618 , "bi-outgoingentitynames-baselinetopscore" : 0.0807358113212638 , "bi-similarentitynames-/nns" : 0.0 , "bi-similarentitynames-/np-part" : 0.0 , "bi-similarentitynames-baselinetopscore" : 0.07985384037701358 , "name" : "default-best" , "score" : "0.19167855195556718" }
