{ "bi-attributes-/nns" : 0.056944612436729956 , "bi-attributes-/np-part" : 0.0 , "bi-attributes-baselinetopscore" : 0.03466641949663284 , "bi-categories-/nns" : 0.15552752784556087 , "bi-categories-/np-part" : 0.0 , "bi-categories-baselinetopscore" : 0.3459418908839629 , "bi-names-/nns" : 0.0 , "bi-names-/np-part" : -0.04814082411054935 , "bi-names-baselinetopscore" : -0.048261477805061986 , "bi-outgoingentitynames-/nns" : 0.07276519461791275 , "bi-outgoingentitynames-/np-part" : 0.16625807780335963 , "bi-outgoingentitynames-baselinetopscore" : 0.09202162186504949 , "bi-similarentitynames-/nns" : 0.0 , "bi-similarentitynames-/np-part" : 0.07522167751990519 , "bi-similarentitynames-baselinetopscore" : 0.09705527944649771 , "name" : "default-best" , "score" : "0.19683092951051293" }
