{ "bi-attributes-/nns" : 0.0 , "bi-attributes-/np-part" : 0.10208219261570203 , "bi-attributes-baselinetopscore" : 0.05632682628244774 , "bi-categories-/nns" : 0.0950677894941156 , "bi-categories-/np-part" : 0.10002298601267033 , "bi-categories-baselinetopscore" : 0.0 , "bi-names-/nns" : 0.0 , "bi-names-/np-part" : 0.09857194599428357 , "bi-names-baselinetopscore" : 0.09635935784937615 , "bi-outgoingentitynames-/nns" : 0.10200402826913949 , "bi-outgoingentitynames-/np-part" : 0.0 , "bi-outgoingentitynames-baselinetopscore" : 0.0 , "bi-similarentitynames-/nns" : 0.10486496912456421 , "bi-similarentitynames-/np-part" : 0.14644199061717422 , "bi-similarentitynames-baselinetopscore" : 0.09825791374052689 , "name" : "default-best" , "score" : "0.3275554570708957" }
