{ "bi-attributes-/nns" : 0.023269841236701016 , "bi-attributes-/np-part" : 0.09927202084408822 , "bi-attributes-baselinetopscore" : 0.042718890951059234 , "bi-categories-/nns" : 0.22320442943056998 , "bi-categories-/np-part" : 0.050341847637073354 , "bi-categories-baselinetopscore" : 0.03446344112439061 , "bi-names-/nns" : 0.050169434419627686 , "bi-names-/np-part" : 0.027640922111360235 , "bi-names-baselinetopscore" : 0.09096544963095145 , "bi-outgoingentitynames-/nns" : 0.050632256594113904 , "bi-outgoingentitynames-/np-part" : 0.0 , "bi-outgoingentitynames-baselinetopscore" : 0.019348502569033404 , "bi-similarentitynames-/nns" : 0.05528088352755697 , "bi-similarentitynames-/np-part" : 0.09316825728497755 , "bi-similarentitynames-baselinetopscore" : 0.13952382263849664 , "name" : "default-best" , "score" : "0.31002106494278003" }
