{ "bi-attributes-/nns" : 0.047619047619047616 , "bi-attributes-/np-part" : 0.08448915789315517 , "bi-attributes-baselinetopscore" : 0.10037801311034612 , "bi-categories-/nns" : 0.08263609131288091 , "bi-categories-/np-part" : 0.08137398410911553 , "bi-categories-baselinetopscore" : 0.0 , "bi-names-/nns" : 0.044013498617665216 , "bi-names-/np-part" : 0.021875652813859003 , "bi-names-baselinetopscore" : 0.09613431584593128 , "bi-outgoingentitynames-/nns" : 0.03569208133587341 , "bi-outgoingentitynames-/np-part" : 0.0 , "bi-outgoingentitynames-baselinetopscore" : 0.0 , "bi-similarentitynames-/nns" : 0.14764806312161252 , "bi-similarentitynames-/np-part" : 0.11743177798098609 , "bi-similarentitynames-baselinetopscore" : 0.14070831623952712 , "name" : "default-best" , "score" : "0.3428595983863581" }
