{ "bi-attributes-/np-exact" : 0.12096466188287522 , "bi-attributes-fieldlikelihood" : 0.15659157209732577 , "bi-categories-/np-exact" : 0.12096466188287522 , "bi-categories-fieldlikelihood" : 0.2596218327615599 , "bi-names-/np-exact" : 0.0 , "bi-names-fieldlikelihood" : 0.01613341011779218 , "bi-outgoingentitynames-/np-exact" : 0.06350644748850948 , "bi-outgoingentitynames-fieldlikelihood" : 0.07182458340792182 , "bi-similarentitynames-/np-exact" : 0.02396303171345062 , "bi-similarentitynames-fieldlikelihood" : 0.16642979864768973 , "name" : "default-best" , "score" : "0.05844692482350292" }
