{ "bi-attributes-/np-exact" : 0.15414112929763665 , "bi-attributes-fieldlikelihood" : 0.18404659528039843 , "bi-categories-/np-exact" : 0.12520517945419748 , "bi-categories-fieldlikelihood" : 0.21077602434520254 , "bi-names-/np-exact" : 0.0 , "bi-names-fieldlikelihood" : 0.11502695304987785 , "bi-outgoingentitynames-/np-exact" : 0.0 , "bi-outgoingentitynames-fieldlikelihood" : 0.0 , "bi-similarentitynames-/np-exact" : 0.13240318711870644 , "bi-similarentitynames-fieldlikelihood" : 0.07840093145398064 , "name" : "default-best" , "score" : "0.058642360065758015" }
