{ "bi-attributes-/np-exact" : 0.12114272978055787 , "bi-attributes-fieldlikelihood" : 0.15669109809476178 , "bi-categories-/np-exact" : 0.10729693648807354 , "bi-categories-fieldlikelihood" : 0.2654417542157805 , "bi-names-/np-exact" : 0.041511568853133646 , "bi-names-fieldlikelihood" : 0.031035569630525933 , "bi-outgoingentitynames-/np-exact" : 0.0 , "bi-outgoingentitynames-fieldlikelihood" : 0.09551996955351966 , "bi-similarentitynames-/np-exact" : 0.054283587994994005 , "bi-similarentitynames-fieldlikelihood" : 0.12707678538865327 , "name" : "default-best" , "score" : "0.054181518778515514" }
