{ "bi-attributes-/np-exact" : 0.003449842406009528 , "bi-attributes-fieldlikelihood" : 0.2960424723126058 , "bi-categories-/np-exact" : 0.1768098422342046 , "bi-categories-fieldlikelihood" : 0.20604721228613054 , "bi-names-/np-exact" : 0.01377945247465279 , "bi-names-fieldlikelihood" : 0.10898895632077898 , "bi-outgoingentitynames-/np-exact" : 0.02746443527171455 , "bi-outgoingentitynames-fieldlikelihood" : 0.0 , "bi-similarentitynames-/np-exact" : 0.0 , "bi-similarentitynames-fieldlikelihood" : 0.16741778669390336 , "name" : "default-best" , "score" : "0.056574622498392645" }
