{ "bi-attributes-/np-exact" : 0.20462858649417298 , "bi-attributes-fieldlikelihood" : 0.0538365255983021 , "bi-categories-/np-exact" : 0.15757149936854942 , "bi-categories-fieldlikelihood" : 0.06198542501618733 , "bi-names-/np-exact" : 0.008875386058313721 , "bi-names-fieldlikelihood" : 0.0 , "bi-outgoingentitynames-/np-exact" : 0.06879881228786451 , "bi-outgoingentitynames-fieldlikelihood" : 0.06125012056380672 , "bi-similarentitynames-/np-exact" : 0.17839305713212275 , "bi-similarentitynames-fieldlikelihood" : 0.20466058748068036 , "name" : "default-best" , "score" : "0.05677390870057695" }
