{ "bi-attributes-/np-exact" : 0.2361474511485979 , "bi-attributes-fieldlikelihood" : 0.12009070048454897 , "bi-categories-/np-exact" : 0.2813526288872291 , "bi-categories-fieldlikelihood" : 0.17846220227417456 , "bi-names-/np-exact" : 0.0 , "bi-names-fieldlikelihood" : 0.0 , "bi-outgoingentitynames-/np-exact" : 0.06434813550661116 , "bi-outgoingentitynames-fieldlikelihood" : 0.11959888169883835 , "bi-similarentitynames-/np-exact" : 0.0 , "bi-similarentitynames-fieldlikelihood" : 0.0 , "name" : "default-best" , "score" : "0.17197294634211852" }
