{ "bi-attributes-/np-exact" : 0.006899913255210105 , "bi-attributes-fieldlikelihood" : 0.170745848958142 , "bi-categories-/np-exact" : 0.3092696624123449 , "bi-categories-fieldlikelihood" : 0.23928318137440693 , "bi-names-/np-exact" : 0.0 , "bi-names-fieldlikelihood" : 0.0 , "bi-outgoingentitynames-/np-exact" : 0.050239907628796376 , "bi-outgoingentitynames-fieldlikelihood" : 0.15858721883545376 , "bi-similarentitynames-/np-exact" : 0.0 , "bi-similarentitynames-fieldlikelihood" : 0.06497426753564584 , "name" : "default-best" , "score" : "0.16554338107947525" }
