{ "bi-attributes-/np-exact" : 0.27295318118972817 , "bi-attributes-fieldlikelihood" : 0.06880984893049125 , "bi-categories-/np-exact" : 0.268929702449065 , "bi-categories-fieldlikelihood" : 0.262383213891117 , "bi-names-/np-exact" : 0.0 , "bi-names-fieldlikelihood" : 0.0 , "bi-outgoingentitynames-/np-exact" : 0.0 , "bi-outgoingentitynames-fieldlikelihood" : 0.06967926883529539 , "bi-similarentitynames-/np-exact" : 0.0 , "bi-similarentitynames-fieldlikelihood" : 0.057244784704303 , "name" : "default-best" , "score" : "0.19331509118864384" }
