{ "bi-attributes-/np-exact" : 0.11446549116673703 , "bi-attributes-fieldlikelihood" : 0.18403029173277524 , "bi-categories-/np-exact" : 0.2257298696127196 , "bi-categories-fieldlikelihood" : 0.3025786846561805 , "bi-names-/np-exact" : 0.0 , "bi-names-fieldlikelihood" : 0.0 , "bi-outgoingentitynames-/np-exact" : 0.08783804777351079 , "bi-outgoingentitynames-fieldlikelihood" : 0.03384336392173096 , "bi-similarentitynames-/np-exact" : 0.0 , "bi-similarentitynames-fieldlikelihood" : 0.051514251136346036 , "name" : "default-best" , "score" : "0.1677065329115024" }
