{ "bi-attributes-/np-exact" : 0.0 , "bi-attributes-fieldlikelihood" : 0.04078555476105492 , "bi-categories-/np-exact" : 0.31809203406821995 , "bi-categories-fieldlikelihood" : 0.24814589020982408 , "bi-names-/np-exact" : 0.0 , "bi-names-fieldlikelihood" : 0.01619353767794401 , "bi-outgoingentitynames-/np-exact" : 0.26132556102935073 , "bi-outgoingentitynames-fieldlikelihood" : 0.0766065477306884 , "bi-similarentitynames-/np-exact" : 0.0 , "bi-similarentitynames-fieldlikelihood" : 0.03885087452291803 , "name" : "default-best" , "score" : "0.10338530982720044" }
