{ "bi-attributes-/np-exact" : 0.13652482768741314 , "bi-attributes-fieldlikelihood" : 0.11252080935351601 , "bi-categories-/np-exact" : 0.06341281777271894 , "bi-categories-fieldlikelihood" : 0.0 , "bi-names-/np-exact" : 0.124153473093126 , "bi-names-fieldlikelihood" : 0.15272990909120585 , "bi-outgoingentitynames-/np-exact" : 0.0 , "bi-outgoingentitynames-fieldlikelihood" : 0.031493632690861244 , "bi-similarentitynames-/np-exact" : 0.12425008787883554 , "bi-similarentitynames-fieldlikelihood" : 0.2549144424323233 , "name" : "default-best" , "score" : "0.317320204961684" }
