{ "bi-attributes-/np-exact" : 0.028796357035903084 , "bi-attributes-fieldlikelihood" : 0.19621845061987395 , "bi-categories-/np-exact" : 0.10611532221771205 , "bi-categories-fieldlikelihood" : 0.009019628912118528 , "bi-names-/np-exact" : 0.050056154164195676 , "bi-names-fieldlikelihood" : 0.18421005090908796 , "bi-outgoingentitynames-/np-exact" : 0.047619047619047616 , "bi-outgoingentitynames-fieldlikelihood" : 0.0 , "bi-similarentitynames-/np-exact" : 0.15783077502192877 , "bi-similarentitynames-fieldlikelihood" : 0.2201342135001323 , "name" : "default-best" , "score" : "0.28795351448075945" }
