{ "name" : "default-best-best" , "od-/const" : 0.04403808661796097 , "od-/google-ngrams-word-invcount" : 0.040654284194930806 , "score" : "0.12983503639486474" , "uni-/const" : 0.344883867565348 , "uni-/dep-leaf" : 0.08476859016182016 , "uni-/google-ngrams-word-invcount" : 0.3606071639376135 , "uww-/const" : 0.1250480075223266 , "uww-/google-ngrams-word-invcount" : 0.0 }
