{ "name" : "default-best-best" , "od-/const" : 0.10509311319554977 , "od-/google-ngrams-word-invcount" : 0.06247923158073369 , "score" : "0.14192475889829034" , "uni-/const" : 0.41768645685472133 , "uni-/dep-leaf" : 0.0 , "uni-/google-ngrams-word-invcount" : 0.31321968128386124 , "uww-/const" : 0.10152151708513392 , "uww-/google-ngrams-word-invcount" : 0.0 }
