{ "name" : "default-best-best" , "od-/const" : 0.03444766876912965 , "od-/google-ngrams-word-invcount" : 0.18905477475290902 , "score" : "0.2410563308959011" , "uni-/const" : 0.347328999457959 , "uni-/dep-leaf" : 0.01589933459483393 , "uni-/google-ngrams-word-invcount" : 0.2592169911412812 , "uww-/const" : 0.09724561143633631 , "uww-/google-ngrams-word-invcount" : 0.0568066198475508 }
