{ "name" : "default-best-best" , "od-/const" : 0.07496894664863439 , "od-/google-ngrams-word-invcount" : 0.027146977170014238 , "score" : "0.22133181839576693" , "uni-/const" : 0.2420302973166399 , "uni-/dep-leaf" : 0.0 , "uni-/google-ngrams-word-invcount" : 0.37302204990546 , "uww-/const" : 0.16847557571923508 , "uww-/google-ngrams-word-invcount" : 0.11435615324001647 }
