{ "name" : "default-best-best" , "od-/const" : 0.18150024766999373 , "od-/google-ngrams-word-invcount" : 0.1883876332353737 , "score" : "0.2059996316890629" , "uni-/const" : 0.2447523190474388 , "uni-/dep-leaf" : 0.0 , "uni-/google-ngrams-word-invcount" : 0.1776045778368685 , "uww-/const" : 0.0 , "uww-/google-ngrams-word-invcount" : 0.2077552222103252 }
