{ "name" : "default-best-best" , "od-/const" : 0.29373065252448993 , "od-/google-ngrams-word-invcount" : 0.04242560204887058 , "score" : "0.21073029811145766" , "uni-/const" : 0.37397663217275096 , "uni-/dep-leaf" : 0.0 , "uni-/google-ngrams-word-invcount" : 0.1049284654127927 , "uww-/const" : 0.128455865744211 , "uww-/google-ngrams-word-invcount" : 0.056482782096884884 }
