{ "name" : "default-best-best" , "od-/const" : 0.10526127457881518 , "od-/google-ngrams-word-invcount" : 0.22355097834682092 , "score" : "0.24986943887492472" , "uni-/const" : 0.22369596647323875 , "uni-/dep-leaf" : 0.0 , "uni-/google-ngrams-word-invcount" : 0.10480570281060997 , "uww-/const" : 0.1738119125214884 , "uww-/google-ngrams-word-invcount" : 0.1688741652690267 }
