{ "name" : "default-best-best" , "od-/const" : 0.1860138238115441 , "od-/google-ngrams-word-invcount" : 0.1860138238115441 , "score" : "0.2509434284542312" , "uni-/const" : 0.2478634202288826 , "uni-/dep-leaf" : 0.0658551531397812 , "uni-/google-ngrams-word-invcount" : 0.1921313199524891 , "uww-/const" : 0.06259144647764947 , "uww-/google-ngrams-word-invcount" : 0.05953101257810949 }
