{ "name" : "default-best-best" , "od-/const" : 0.0 , "od-/google-ngrams-word-invcount" : 0.20660416325699243 , "score" : "0.40841860291436727" , "uni-/const" : 0.30683532069926217 , "uni-/dep-leaf" : 0.10704930648465823 , "uni-/google-ngrams-word-invcount" : 0.07983163863599436 , "uww-/const" : 0.06624706036675643 , "uww-/google-ngrams-word-invcount" : 0.23343251055633638 }
