{ "name" : "default-best-best" , "od-/const" : 0.0437318762751942 , "od-/google-ngrams-word-invcount" : 0.017381279802965305 , "score" : "0.41942546559719235" , "uni-/const" : 0.36963896571737076 , "uni-/dep-leaf" : 0.03910344956902911 , "uni-/google-ngrams-word-invcount" : 0.14520969242905546 , "uww-/const" : 0.17581312271584307 , "uww-/google-ngrams-word-invcount" : 0.20912161349054206 }
