{ "name" : "default-best-best" , "od-/const" : 0.057286546270553365 , "od-/google-ngrams-word-invcount" : 0.16410534987676484 , "score" : "0.43015599027112394" , "uni-/const" : 0.28881507757040403 , "uni-/dep-leaf" : 0.039836318720504624 , "uni-/google-ngrams-word-invcount" : 0.23299019430327852 , "uww-/const" : 0.20753987166083526 , "uww-/google-ngrams-word-invcount" : 0.009426641597659307 }
