{ "name" : "default-best" , "od-attributes" : 0.20513578331743113 , "od-categories" : 0.263599481562899 , "od-incomingentitynames" : 0.20513578331743113 , "od-names" : 0.14374890015968986 , "od-outgoingentitynames" : 0.038785003320347004 , "od-similarentitynames" : 0.14359504832220177 , "score" : "0.07133629718798734" }
