{ "name" : "default-best" , "od-attributes" : 0.24173157390473335 , "od-categories" : 0.30947790263634684 , "od-incomingentitynames" : 0.15916179126722418 , "od-names" : 0.08895134471984478 , "od-outgoingentitynames" : 0.009474698086388424 , "od-similarentitynames" : 0.1912026893854625 , "score" : "0.0748646318460541" }
