{ "name" : "default-best" , "od-attributes" : 0.17631908994664916 , "od-categories" : 0.22921481693064386 , "od-incomingentitynames" : 0.17631908994664916 , "od-names" : 0.11800155094679497 , "od-outgoingentitynames" : 0.06828584894941925 , "od-similarentitynames" : 0.2318596032798437 , "score" : "0.05929023974576055" }
