{ "name" : "default-best" , "od-attributes" : 0.21939543158470845 , "od-categories" : 0.27998594255154763 , "od-incomingentitynames" : 0.22179401433193743 , "od-names" : 0.11294645583697395 , "od-outgoingentitynames" : 0.04974401803857916 , "od-similarentitynames" : 0.11613413765625347 , "score" : "0.0693020916791756" }
