{ "name" : "default-best" , "od-attributes" : 0.18606420255549316 , "od-categories" : 0.33696248853765126 , "od-incomingentitynames" : 0.18606420255549316 , "od-names" : 0.07748145412231042 , "od-outgoingentitynames" : 0.08304316228829027 , "od-similarentitynames" : 0.1303844899407618 , "score" : "0.07324143095299784" }
