{ "name" : "default-best" , "od-attributes" : 0.229623714212897 , "od-categories" : 0.3753617648929153 , "od-incomingentitynames" : 0.16321662576263848 , "od-names" : 0.0 , "od-outgoingentitynames" : 0.23179789513154936 , "od-similarentitynames" : 0.0 , "score" : "0.16686090716692098" }
