{ "name" : "default-best" , "od-attributes" : 0.2038114118452226 , "od-categories" : 0.40899746023806965 , "od-incomingentitynames" : 0.1255113890729114 , "od-names" : 0.0 , "od-outgoingentitynames" : 0.2616797388437964 , "od-similarentitynames" : 0.0 , "score" : "0.17066307725757826" }
