{ "name" : "default-best" , "od-attributes" : 0.21515363291331993 , "od-categories" : 0.3906047511719658 , "od-incomingentitynames" : 0.17216435078895598 , "od-names" : 0.0 , "od-outgoingentitynames" : 0.21896958999566388 , "od-similarentitynames" : 0.0031076751300942655 , "score" : "0.20575005772638996" }
