{ "name" : "default-best" , "od-attributes" : 0.31182806662109047 , "od-categories" : 0.3507449905953126 , "od-incomingentitynames" : 0.2228494828497439 , "od-names" : 0.0 , "od-outgoingentitynames" : 0.11457745993385306 , "od-similarentitynames" : 0.0 , "score" : "0.1876646639361322" }
