{ "name" : "default-best" , "od-attributes" : 0.1862680580435896 , "od-categories" : 0.37547998828832796 , "od-incomingentitynames" : 0.1939790638242622 , "od-names" : 0.0 , "od-outgoingentitynames" : 0.24427288984382028 , "od-similarentitynames" : 0.0 , "score" : "0.17619708789559937" }
