{ "name" : "default-best" , "od-attributes" : 0.17003963229064212 , "od-categories" : 0.36561525562472486 , "od-incomingentitynames" : 0.13324365836970406 , "od-names" : 0.0 , "od-outgoingentitynames" : 0.21238796706343407 , "od-similarentitynames" : 0.118713486651495 , "score" : "0.16706316097638485" }
