{ "name" : "default-best" , "od-attributes" : 0.06819845051655901 , "od-categories" : 0.3801168780102208 , "od-incomingentitynames" : 0.10818875454397126 , "od-names" : 0.0 , "od-outgoingentitynames" : 0.2410708547166649 , "od-similarentitynames" : 0.20242506221258397 , "score" : "0.1317730375524322" }
