{ "name" : "default-best" , "od-attributes" : 0.16327390009599282 , "od-categories" : 0.44369476953890125 , "od-incomingentitynames" : 0.0 , "od-names" : 0.0 , "od-outgoingentitynames" : 0.21304183656333026 , "od-similarentitynames" : 0.17998949380177576 , "score" : "0.17695394852274046" }
