{ "name" : "default-best" , "od-attributes" : 0.061291158938552526 , "od-categories" : 0.482206162392255 , "od-incomingentitynames" : 0.15946193977277123 , "od-names" : 0.0 , "od-outgoingentitynames" : 0.19491159285770174 , "od-similarentitynames" : 0.10212914603871961 , "score" : "0.1644275495549979" }
