{ "name" : "default-best" , "od-attributes" : 0.17334013024575853 , "od-categories" : 0.4924483655417208 , "od-incomingentitynames" : 0.0 , "od-names" : 0.0 , "od-outgoingentitynames" : 0.20848929715616596 , "od-similarentitynames" : 0.1257222070563548 , "score" : "0.15095076489999168" }
