{ "name" : "default-best" , "od-attributes" : 0.15638961620882605 , "od-categories" : 0.10476720228928837 , "od-incomingentitynames" : 0.1624201113068939 , "od-names" : 0.1745294158874483 , "od-outgoingentitynames" : 0.0 , "od-similarentitynames" : 0.4018936543075434 , "score" : "0.29190526842598447" }
