{ "name" : "default-best" , "od-attributes" : 0.17304234660733223 , "od-categories" : 0.07985623945189764 , "od-incomingentitynames" : 0.1457346673547748 , "od-names" : 0.2061755103784112 , "od-outgoingentitynames" : 0.0 , "od-similarentitynames" : 0.3951912362075841 , "score" : "0.29892580625723864" }
