{ "name" : "default-best" , "od-attributes" : 0.053416745326740005 , "od-categories" : 0.06450653563039405 , "od-incomingentitynames" : 0.17922820060346523 , "od-names" : 0.2506688120328185 , "od-outgoingentitynames" : 0.024295410873421693 , "od-similarentitynames" : 0.42788429553316054 , "score" : "0.3363411458956164" }
