{ "name" : "default-best" , "od-attributes" : 0.17142228869008816 , "od-categories" : 0.08857721124451744 , "od-incomingentitynames" : 0.14364932408610642 , "od-names" : 0.2265428187303047 , "od-outgoingentitynames" : 0.0 , "od-similarentitynames" : 0.36980835724898325 , "score" : "0.31816991227645697" }
