{ "name" : "default-best" , "od-attributes" : 0.04951075103522002 , "od-categories" : 0.21675010601098224 , "od-incomingentitynames" : 0.14594480802962448 , "od-names" : 0.2562723575587025 , "od-outgoingentitynames" : 0.0 , "od-similarentitynames" : 0.3315219773654708 , "score" : "0.32613844577890566" }
