{ "bi-attributes-/np-part" : 0.06296650917128009 , "bi-attributes-baselinetopscore" : 0.1596207653724694 , "bi-attributes-fieldlikelihood" : 0.0 , "bi-categories-/np-part" : 0.0 , "bi-categories-baselinetopscore" : 0.19400581533512257 , "bi-categories-fieldlikelihood" : 0.1142360182618044 , "bi-names-/np-part" : 0.06401705823907584 , "bi-names-baselinetopscore" : 0.0910440926098374 , "bi-names-fieldlikelihood" : 0.08907384507722439 , "bi-outgoingentitynames-/np-part" : 0.0 , "bi-outgoingentitynames-baselinetopscore" : 0.0947999467170191 , "bi-outgoingentitynames-fieldlikelihood" : 0.0 , "bi-similarentitynames-/np-part" : 0.0012328534633631104 , "bi-similarentitynames-baselinetopscore" : 0.024276262227012766 , "bi-similarentitynames-fieldlikelihood" : 0.1047268335257911 , "name" : "default-best" , "score" : "0.07724446435585416" }
