{ "bi-attributes-/np-part" : 0.15286137616920129 , "bi-attributes-baselinetopscore" : 0.0054026715922371035 , "bi-attributes-fieldlikelihood" : 0.08316911534395499 , "bi-categories-/np-part" : 0.07883007927290944 , "bi-categories-baselinetopscore" : 0.12206753025802897 , "bi-categories-fieldlikelihood" : 0.11436387493656015 , "bi-names-/np-part" : 0.04099922368045419 , "bi-names-baselinetopscore" : 0.041253926643174364 , "bi-names-fieldlikelihood" : 0.0 , "bi-outgoingentitynames-/np-part" : 0.004903270209310744 , "bi-outgoingentitynames-baselinetopscore" : 0.0 , "bi-outgoingentitynames-fieldlikelihood" : 0.014836899493941177 , "bi-similarentitynames-/np-part" : 0.14396505427394773 , "bi-similarentitynames-baselinetopscore" : 0.19734697812628002 , "bi-similarentitynames-fieldlikelihood" : 0.0 , "name" : "default-best" , "score" : "0.0717702053121687" }
