{ "bi-attributes-/np-part" : 0.10828943273024146 , "bi-attributes-baselinetopscore" : 0.06603738537652774 , "bi-attributes-fieldlikelihood" : 0.042676660299581066 , "bi-categories-/np-part" : 0.021450077787857364 , "bi-categories-baselinetopscore" : 0.15499826424529842 , "bi-categories-fieldlikelihood" : 0.15077172517483856 , "bi-names-/np-part" : 0.06603738537652774 , "bi-names-baselinetopscore" : 0.06603738537652774 , "bi-names-fieldlikelihood" : 0.0 , "bi-outgoingentitynames-/np-part" : 0.02156154605682906 , "bi-outgoingentitynames-baselinetopscore" : 0.0216727356551283 , "bi-outgoingentitynames-fieldlikelihood" : 0.037971496591503465 , "bi-similarentitynames-/np-part" : 0.06603738537652774 , "bi-similarentitynames-baselinetopscore" : 0.11042113457608374 , "bi-similarentitynames-fieldlikelihood" : 0.06603738537652774 , "name" : "default-best" , "score" : "0.07225734445292423" }
