{ "bi-attributes-/np-part" : 0.15005349238144092 , "bi-attributes-baselinetopscore" : 0.03629740383383494 , "bi-attributes-fieldlikelihood" : 0.09313489822387039 , "bi-categories-/np-part" : 0.17537807921551302 , "bi-categories-baselinetopscore" : 0.1698028659786742 , "bi-categories-fieldlikelihood" : 0.1734332192658551 , "bi-names-/np-part" : 0.0 , "bi-names-baselinetopscore" : 0.0 , "bi-names-fieldlikelihood" : 0.0 , "bi-outgoingentitynames-/np-part" : 0.0 , "bi-outgoingentitynames-baselinetopscore" : 0.06882790303454625 , "bi-outgoingentitynames-fieldlikelihood" : 0.07567914498242771 , "bi-similarentitynames-/np-part" : 0.0 , "bi-similarentitynames-baselinetopscore" : 0.057392993083837544 , "bi-similarentitynames-fieldlikelihood" : 0.0 , "name" : "default-best" , "score" : "0.213852584124656" }
