{ "bi-attributes-/np-part" : 0.14836042364223423 , "bi-attributes-baselinetopscore" : 0.04760265044280836 , "bi-attributes-fieldlikelihood" : 0.03612347270465415 , "bi-categories-/np-part" : 0.22930328680700401 , "bi-categories-baselinetopscore" : 0.20954082306952157 , "bi-categories-fieldlikelihood" : 0.059086115705668116 , "bi-names-/np-part" : 0.0 , "bi-names-baselinetopscore" : 0.0 , "bi-names-fieldlikelihood" : 0.0 , "bi-outgoingentitynames-/np-part" : 0.1587678099647982 , "bi-outgoingentitynames-baselinetopscore" : 0.039354367870580796 , "bi-outgoingentitynames-fieldlikelihood" : 0.04271845861002306 , "bi-similarentitynames-/np-part" : 0.0 , "bi-similarentitynames-baselinetopscore" : 0.029142591182707456 , "bi-similarentitynames-fieldlikelihood" : 0.0 , "name" : "default-best" , "score" : "0.1841168409313221" }
