{ "bi-attributes-/np-part" : 0.014265457524734584 , "bi-attributes-baselinetopscore" : 0.14234595862712895 , "bi-attributes-fieldlikelihood" : 0.05203161639193904 , "bi-categories-/np-part" : 0.0 , "bi-categories-baselinetopscore" : 0.30491193883827494 , "bi-categories-fieldlikelihood" : 0.18960374044185888 , "bi-names-/np-part" : 0.0 , "bi-names-baselinetopscore" : 0.0 , "bi-names-fieldlikelihood" : 0.0 , "bi-outgoingentitynames-/np-part" : 0.10116791138305568 , "bi-outgoingentitynames-baselinetopscore" : 0.05344681079939361 , "bi-outgoingentitynames-fieldlikelihood" : 0.09460751837456653 , "bi-similarentitynames-/np-part" : 0.0 , "bi-similarentitynames-baselinetopscore" : 0.04761904761904761 , "bi-similarentitynames-fieldlikelihood" : 0.0 , "name" : "default-best" , "score" : "0.1836160358702056" }
