{ "bi-attributes-/np-part" : 0.050525442251295426 , "bi-attributes-baselinetopscore" : 0.016307761026986042 , "bi-attributes-fieldlikelihood" : 0.0 , "bi-categories-/np-part" : 0.05103830296281201 , "bi-categories-baselinetopscore" : 0.23635347267466483 , "bi-categories-fieldlikelihood" : 0.1924722878761234 , "bi-names-/np-part" : 0.0 , "bi-names-baselinetopscore" : 0.0 , "bi-names-fieldlikelihood" : 0.0 , "bi-outgoingentitynames-/np-part" : 0.24810872034070522 , "bi-outgoingentitynames-baselinetopscore" : 0.10925604260721174 , "bi-outgoingentitynames-fieldlikelihood" : 0.0 , "bi-similarentitynames-/np-part" : 0.0 , "bi-similarentitynames-baselinetopscore" : 0.06379914896771485 , "bi-similarentitynames-fieldlikelihood" : 0.03213882129248637 , "name" : "default-best" , "score" : "0.1611851863338858" }
