{ "bi-attributes-/np-part" : 0.006942073636523511 , "bi-attributes-baselinetopscore" : 0.02622268723492423 , "bi-attributes-fieldlikelihood" : 0.0 , "bi-categories-/np-part" : 0.03501201945314506 , "bi-categories-baselinetopscore" : 0.2850012003027878 , "bi-categories-fieldlikelihood" : 0.17501565730081406 , "bi-names-/np-part" : 0.0 , "bi-names-baselinetopscore" : 0.0 , "bi-names-fieldlikelihood" : 0.0 , "bi-outgoingentitynames-/np-part" : 0.22910008497769488 , "bi-outgoingentitynames-baselinetopscore" : 0.11555355105961096 , "bi-outgoingentitynames-fieldlikelihood" : 0.026034980321445186 , "bi-similarentitynames-/np-part" : 0.0 , "bi-similarentitynames-baselinetopscore" : 0.10111774571305433 , "bi-similarentitynames-fieldlikelihood" : 0.0 , "name" : "default-best" , "score" : "0.20264835113382218" }
