{ "bi-attributes-/np-part" : 0.06286573403787264 , "bi-attributes-baselinetopscore" : 0.01259390022358111 , "bi-attributes-fieldlikelihood" : 0.0 , "bi-categories-/np-part" : 0.05510611774821536 , "bi-categories-baselinetopscore" : 0.16731488347186105 , "bi-categories-fieldlikelihood" : 0.2256836839303697 , "bi-names-/np-part" : 0.0 , "bi-names-baselinetopscore" : 0.0 , "bi-names-fieldlikelihood" : 0.0 , "bi-outgoingentitynames-/np-part" : 0.2331250991078268 , "bi-outgoingentitynames-baselinetopscore" : 0.1208383043735841 , "bi-outgoingentitynames-fieldlikelihood" : 0.0 , "bi-similarentitynames-/np-part" : 0.0 , "bi-similarentitynames-baselinetopscore" : 0.06760184860060652 , "bi-similarentitynames-fieldlikelihood" : 0.05487042850608279 , "name" : "default-best" , "score" : "0.18268998762230879" }
