{ "bi-attributes-/np-part" : 0.02939123954397661 , "bi-attributes-baselinetopscore" : 0.08246337776606046 , "bi-attributes-fieldlikelihood" : 0.0 , "bi-categories-/np-part" : 0.06412847072486651 , "bi-categories-baselinetopscore" : 0.08722936438690342 , "bi-categories-fieldlikelihood" : 0.09363108455346107 , "bi-names-/np-part" : 0.08267879182402642 , "bi-names-baselinetopscore" : 0.13143963622579927 , "bi-names-fieldlikelihood" : 0.05339154498292661 , "bi-outgoingentitynames-/np-part" : 0.0 , "bi-outgoingentitynames-baselinetopscore" : 0.0 , "bi-outgoingentitynames-fieldlikelihood" : 0.0 , "bi-similarentitynames-/np-part" : 0.0998707703476458 , "bi-similarentitynames-baselinetopscore" : 0.1568430944546697 , "bi-similarentitynames-fieldlikelihood" : 0.11893262518966416 , "name" : "default-best" , "score" : "0.29657399970309545" }
