{ "bi-attributes-/np-part" : 0.0943936686978039 , "bi-attributes-baselinetopscore" : 0.0 , "bi-attributes-fieldlikelihood" : 0.047550810606518716 , "bi-categories-/np-part" : 0.14331301719651754 , "bi-categories-baselinetopscore" : 0.02359841717445097 , "bi-categories-fieldlikelihood" : 0.030978952566653367 , "bi-names-/np-part" : 0.0943936686978039 , "bi-names-baselinetopscore" : 0.1616491576449892 , "bi-names-fieldlikelihood" : 0.0 , "bi-outgoingentitynames-/np-part" : 0.0 , "bi-outgoingentitynames-baselinetopscore" : 0.0 , "bi-outgoingentitynames-fieldlikelihood" : 0.0 , "bi-similarentitynames-/np-part" : 0.1547886364417568 , "bi-similarentitynames-baselinetopscore" : 0.0943936686978039 , "bi-similarentitynames-fieldlikelihood" : 0.15494000227570154 , "name" : "default-best" , "score" : "0.34117930056883594" }
