{ "bi-attributes-/np-part" : 0.0871944511245378 , "bi-attributes-baselinetopscore" : 0.09087984471742959 , "bi-attributes-fieldlikelihood" : 0.0 , "bi-categories-/np-part" : 0.04758401607211591 , "bi-categories-baselinetopscore" : 0.0 , "bi-categories-fieldlikelihood" : 0.11090519086160154 , "bi-names-/np-part" : 0.09835004282588522 , "bi-names-baselinetopscore" : 0.1579081809167684 , "bi-names-fieldlikelihood" : 0.001471324971131803 , "bi-outgoingentitynames-/np-part" : 2.0234409367691604E-5 , "bi-outgoingentitynames-baselinetopscore" : 0.0 , "bi-outgoingentitynames-fieldlikelihood" : 0.0 , "bi-similarentitynames-/np-part" : 0.12642809127721985 , "bi-similarentitynames-baselinetopscore" : 0.18709630614637227 , "bi-similarentitynames-fieldlikelihood" : 0.0921623166775699 , "name" : "default-best" , "score" : "0.3246795773627065" }
