{ "bi-attributes-/np-part" : 0.06630554748554437 , "bi-attributes-baselinetopscore" : 0.12316286459585185 , "bi-attributes-fieldlikelihood" : 0.0 , "bi-categories-/np-part" : 0.07579203055383962 , "bi-categories-baselinetopscore" : 0.0903377359400498 , "bi-categories-fieldlikelihood" : 0.012569809318904647 , "bi-names-/np-part" : 0.021979519595537133 , "bi-names-baselinetopscore" : 0.19241266359100487 , "bi-names-fieldlikelihood" : 0.024741449699338752 , "bi-outgoingentitynames-/np-part" : 0.0 , "bi-outgoingentitynames-baselinetopscore" : 0.0 , "bi-outgoingentitynames-fieldlikelihood" : 0.0 , "bi-similarentitynames-/np-part" : 0.10787216541478432 , "bi-similarentitynames-baselinetopscore" : 0.28482621380514483 , "bi-similarentitynames-fieldlikelihood" : 0.0 , "name" : "default-best" , "score" : "0.34084156061473614" }
