{ "odw" : 0.04339359619004225 , "uniw" : 0.873951934876544 , "uww" : 0.08265446893341381 }
