{ "odw" : 0.03561482574856631 , "uniw" : 0.8464021602528706 , "uww" : 0.11798301399856305 }
