{ "odw" : 0.03561482574856631 , "uniw" : 0.8442425662565419 , "uww" : 0.12014260799489174 }
