{ "odw" : 0.09093055839890703 , "uniw" : 0.8612114029012881 , "uww" : 0.047858038699804775 }
