{ "odw" : 0.05267822834372578 ,  "uniw" : 0.8134583397695879 , "uww" : 0.1338634318866864 }
