{ "odw" : 0.09112655199908874 , "uniw" : 0.8610320082013898 , "uww" : 0.0478414397995216 }
