{ "odw" : 0.09112655199908873 ,"uniw" : 0.8634240801913657 , "uww" : 0.04544936780954551 }
