{ "odw" : 0.09592268631483025 , "uniw" : 0.8537179033698838 , "uww" : 0.05035941031528589 }
