{ "odw" : 0.09614171288479219 , "uniw" : 0.853383887850692 , "uww" : 0.050474399264515905 }
