{ "odw" : 0.0826360913128809 , "uniw" : 0.8739799607478567 , "uww" : 0.04338394793926247 }
