{ "odw" : 0.07542118015291645 , "uniw" : 0.7977675330674738 , "uww" : 0.1268112867796099 }
