{ "odw" : 0.09592268631483025 , "uniw" : 0.8562358738856481 , "uww" : 0.04784143979952159 }
