{ "odw" : 0.23133304489091944 , "uniw" : 0.5535530656186674 , "uww" : 0.21511388949041316 }
