{ "odw" : 0.08717445788384001 , "uniw" : 0.8627002288329519 , "uww" : 0.050125313283208024 }
