{ "odw" : 0.12253420910719261 , "uniw" : 0.4402691460061135 , "uww" : 0.4371966448866938 }
