{ "odw" : 0.22055348314711828 ,  "uniw" : 0.5852795330204551 , "uww" : 0.19416698383242673 }
