{ "odw" : 0.20956892417531423 ,  "uniw" : 0.5770335972418688 , "uww" : 0.2133974785828169 }
