{ "name" : "default-best" , "score" : "0.11179084197741047" , "uni-attributes-baselinetopscore" : 0.23240230913676482 , "uni-attributes-fieldlikelihood" : 0.29154973872115264 , "uni-categories-baselinetopscore" : 0.1705034525568271 , "uni-categories-fieldlikelihood" : 0.02729508301517183 , "uni-names-baselinetopscore" : 0.08848589984961767 , "uni-names-fieldlikelihood" : 0.08073148077408329 , "uni-outgoingentitynames-baselinetopscore" : 0.028736929609409545 , "uni-outgoingentitynames-fieldlikelihood" : 0.029627322282098176 , "uni-similarentitynames-baselinetopscore" : 0.02750041310908023 , "uni-similarentitynames-fieldlikelihood" : 0.023167370945794637 }
