{ "name" : "default-best" , "score" : "0.11663820556466949" , "uni-attributes-baselinetopscore" : 0.2789648879976137 , "uni-attributes-fieldlikelihood" : 0.20320014141496712 , "uni-categories-baselinetopscore" : 0.1757436730456197 , "uni-categories-fieldlikelihood" : 0.11167956425094454 , "uni-names-baselinetopscore" : 0.017207738683002925 , "uni-names-fieldlikelihood" : 0.0 , "uni-outgoingentitynames-baselinetopscore" : 0.0 , "uni-outgoingentitynames-fieldlikelihood" : 0.0 , "uni-similarentitynames-baselinetopscore" : 0.07532308558094129 , "uni-similarentitynames-fieldlikelihood" : 0.1378809090269107 }
