{ "name" : "default-best" , "score" : "0.16975240400165492" , "uni-attributes-baselinetopscore" : 0.17181458576668127 , "uni-attributes-fieldlikelihood" : 0.07517632489125131 , "uni-categories-baselinetopscore" : 0.045551861761808754 , "uni-categories-fieldlikelihood" : 0.25897665889734306 , "uni-names-baselinetopscore" : 0.0 , "uni-names-fieldlikelihood" : 0.0 , "uni-outgoingentitynames-baselinetopscore" : 0.06438551094110526 , "uni-outgoingentitynames-fieldlikelihood" : 0.19983190346191315 , "uni-similarentitynames-baselinetopscore" : 0.060336046496966514 , "uni-similarentitynames-fieldlikelihood" : 0.12392710778293063 }
