{ "name" : "default-best" , "score" : "0.3361235140836557" , "uni-attributes-baselinetopscore" : 0.2739751919275705 , "uni-attributes-fieldlikelihood" : 0.12872965561011082 , "uni-categories-baselinetopscore" : 0.08166003112478379 , "uni-categories-fieldlikelihood" : 0.0 , "uni-names-baselinetopscore" : 0.06744728633872325 , "uni-names-fieldlikelihood" : 0.1301436696178659 , "uni-outgoingentitynames-baselinetopscore" : 0.0 , "uni-outgoingentitynames-fieldlikelihood" : 0.03931963184694079 , "uni-similarentitynames-baselinetopscore" : 0.14853197121462025 , "uni-similarentitynames-fieldlikelihood" : 0.13019256231938475 }
