{ "name" : "default-best" , "score" : "0.3358348718444754" , "uni-attributes-baselinetopscore" : 0.18828550093765836 , "uni-attributes-fieldlikelihood" : 0.2014887343927027 , "uni-categories-baselinetopscore" : 0.06571217721871453 , "uni-categories-fieldlikelihood" : 0.0 , "uni-names-baselinetopscore" : 0.102634174917928 , "uni-names-fieldlikelihood" : 0.09336236791469901 , "uni-outgoingentitynames-baselinetopscore" : 0.05445950038491678 , "uni-outgoingentitynames-fieldlikelihood" : 0.0 , "uni-similarentitynames-baselinetopscore" : 0.0036259633139512745 , "uni-similarentitynames-fieldlikelihood" : 0.2904315809194294 }
