{ "name" : "default-best" , "score" : "0.36526747044132407" , "uni-attributes-baselinetopscore" : 0.21174850534319326 , "uni-attributes-fieldlikelihood" : 0.1730297995358142 , "uni-categories-baselinetopscore" : 0.06863406747370616 , "uni-categories-fieldlikelihood" : 0.0 , "uni-names-baselinetopscore" : 0.08553844226592187 , "uni-names-fieldlikelihood" : 0.12785084564556856 , "uni-outgoingentitynames-baselinetopscore" : 0.04339780026069526 , "uni-outgoingentitynames-fieldlikelihood" : 0.0 , "uni-similarentitynames-baselinetopscore" : 0.061419220728105975 , "uni-similarentitynames-fieldlikelihood" : 0.22838131874699477 }
