{ "name" : "default-best" , "score" : "0.13416441317486547" , "uww-attributes" : 0.13797171321640367 , "uww-categories" : 0.12522059436691452 , "uww-names" : 0.3907324198271856 , "uww-outgoingentitynames" : 0.0 , "uww-similarentitynames" : 0.3460752725894961 }
