{ "name" : "default-best" , "score" : "0.11942077743215325" , "uww-attributes" : 0.2843395048635166 , "uww-categories" : 0.39753140957436994 , "uww-names" : 0.07976985083522985 , "uww-outgoingentitynames" : 0.20576555483995412 , "uww-similarentitynames" : 0.032593679886929516 }
