{ "name" : "default-best" , "score" : "0.16825142831870657" , "uww-attributes" : 0.10736658433547558 , "uww-categories" : 0.15999927513817472 , "uww-names" : 0.43720757190338166 , "uww-outgoingentitynames" : 0.0 , "uww-similarentitynames" : 0.29542656862296796 }
