{ "name" : "default-best" , "score" : "0.1227496456386599" , "uww-attributes" : 0.3500422018679074 , "uww-categories" : 0.28760495583263945 , "uww-names" : 0.07804455366052622 , "uww-outgoingentitynames" : 0.22996792859857298 , "uww-similarentitynames" : 0.05434036004035398 }
