{ "name" : "default-best" , "score" : "0.14216552721133371" , "uww-attributes" : 0.146071086157798 , "uww-categories" : 0.026077768060554042 , "uww-names" : 0.44382781875290583 , "uww-outgoingentitynames" : 0.07434694462922754 , "uww-similarentitynames" : 0.30967638239951456 }
