{ "name" : "default-best" , "score" : "0.15537723672850462" , "uww-attributes" : 0.11277069278713626 , "uww-categories" : 0.17206128899469605 , "uww-names" : 0.42904464116277685 , "uww-outgoingentitynames" : 0.0 , "uww-similarentitynames" : 0.28612337705539076 }
