{ "name" : "default-best" , "score" : "0.16875760426220535" , "uww-attributes" : 0.10039304411235332 , "uww-categories" : 0.1550921177954696 , "uww-names" : 0.39149947960287823 , "uww-outgoingentitynames" : 0.0545643163880001 , "uww-similarentitynames" : 0.2984510421012988 }
