{ "name" : "default-best" , "score" : "0.16240907182292688" , "uww-attributes" : 0.05509624626202121 , "uww-categories" : 0.17125207554552346 , "uww-names" : 0.4773668023600624 , "uww-outgoingentitynames" : 0.0 , "uww-similarentitynames" : 0.296284875832393 }
