{ "name" : "default-best" , "score" : "0.16180896687796778" , "uww-attributes" : 0.0609688515429554 , "uww-categories" : 0.16134850296845568 , "uww-names" : 0.46137341734409 , "uww-outgoingentitynames" : 0.055328766086367526 , "uww-similarentitynames" : 0.26098046205813136 }
