{ "name" : "default-best" , "score" : "0.12327709872203658" , "uww-attributes" : 0.37346089196317217 , "uww-categories" : 0.3624220486925676 , "uww-names" : 0.020371748785242016 , "uww-outgoingentitynames" : 0.24374531055901805 , "uww-similarentitynames" : 0.0 }
