{ "name" : "default-best" , "score" : "0.17136282239517997" , "uww-attributes" : 0.1258703688083859 , "uww-categories" : 0.1249401171731236 , "uww-names" : 0.4198271349485925 , "uww-outgoingentitynames" : 0.022111058503205064 , "uww-similarentitynames" : 0.3072513205666928 }
