{ "name" : "default-best" , "score" : "0.1751921542434475" , "uww-attributes" : 0.13019688636498555 , "uww-categories" : 0.12141935194394451 , "uww-names" : 0.4317553493672195 , "uww-outgoingentitynames" : 0.0 , "uww-similarentitynames" : 0.31662841232385047 }
