{ "name" : "default-best" , "score" : "0.16974727405348208" , "uww-attributes" : 0.04608948359676529 , "uww-categories" : 0.17236869814602127 , "uww-names" : 0.4838979583939223 , "uww-outgoingentitynames" : 0.0 , "uww-similarentitynames" : 0.29764385986329106 }
