{ "name" : "default-best" , "score" : "0.12323990923116165" , "uww-attributes" : 0.3255776886770686 , "uww-categories" : 0.2941952498256372 , "uww-names" : 0.06078636117967175 , "uww-outgoingentitynames" : 0.23658293637708996 , "uww-similarentitynames" : 0.08285776394053226 }
