{ "name" : "default-best" , "score" : "0.12623552074311473" , "uww-attributes" : 0.38845101272428045 , "uww-categories" : 0.3334712388893158 , "uww-names" : 0.0 , "uww-outgoingentitynames" : 0.2780777483864038 , "uww-similarentitynames" : 0.0 }
