{ "bi-/const" : 0.08644146406899016 , "bi-collectiondf" : 0.0 , "bi-collectiontf" : 0.0 , "name" : "default-best" , "score" : "0.10965550320845507" , "uni-/const" : 0.9160710829627496 , "uni-collectiondf" : -0.05276348766653476 , "uni-collectiontf" : 0.05025094063479501 }
