{ "bi-/const" : 0.08052851680519008 , "bi-collectiondf" : 0.0 , "bi-collectiontf" : 0.0 , "name" : "default-best" , "score" : "0.12649825020674837" , "uni-/const" : 0.9219777488589702 , "uni-collectiondf" : -0.05012531328320802 , "uni-collectiontf" : 0.047619047619047616 }
