{ "bi-/const" : 0.11741259507387249 , "bi-collectiondf" : 0.0 , "bi-collectiontf" : 0.0 , "name" : "default-best" , "score" : "0.11874170639608461" , "uni-/const" : 0.8383032508124216 , "uni-collectiondf" : 9.1083960468941E-4 , "uni-collectiontf" : 0.04337331450901664 }
