{ "bi-/const" : 0.09836716085916454 , "bi-collectiondf" : 0.0 , "bi-collectiontf" : 0.0 , "name" : "default-best" , "score" : "0.11702278241879678" , "uni-/const" : 0.9039001137242387 , "uni-collectiondf" : 0.04785803869980476 , "uni-collectiontf" : -0.05012531328320803 }
