{ "bi-/const" : 0.08368675414920525 , "bi-collectiondf" : 0.0 , "bi-collectiontf" : 0.0 , "name" : "default-best" , "score" : "0.11402653076083405" , "uni-/const" : 0.9267214720404006 , "uni-collectiondf" : -0.05554051333319448 , "uni-collectiontf" : 0.04513228714358847 }
