{ "bi-/const" : 0.17196812140949372 , "bi-collectiondf" : 0.0 , "bi-collectiontf" : 0.0 , "name" : "default-best" , "score" : "0.20477032591701397" , "uni-/const" : 0.7806331651270145 , "uni-collectiondf" : 0.0 , "uni-collectiontf" : 0.047398713463491705 }
