{ "bi-/const" : 0.12546212740576196 , "bi-collectiondf" : 0.0 , "bi-collectiontf" : 0.0 , "name" : "default-best" , "score" : "0.1895178799492397" , "uni-/const" : 0.8312377423420337 , "uni-collectiondf" : 0.0 , "uni-collectiontf" : 0.043300130252204305 }
