{ "bi-/const" : 0.16897506925207756 , "bi-collectiondf" : 0.0 , "bi-collectiontf" : 0.0 , "name" : "default-best" , "score" : "0.19792451615491916" , "uni-/const" : 0.8310249307479224 , "uni-collectiondf" : 0.0 , "uni-collectiontf" : 0.0 }
