{ "bi-/const" : 0.11395993401512294 , "bi-collectiondf" : 0.0 , "bi-collectiontf" : 0.0 , "name" : "default-best" , "score" : "0.1816693471375506" , "uni-/const" : 0.8805145465580277 , "uni-collectiondf" : 0.0 , "uni-collectiontf" : 0.005525519426849347 }
