{ "bi-/const" : 0.20371394423381703 , "bi-collectiondf" : -0.1467480835094472 , "bi-collectiontf" : 0.17945130961290653 , "name" : "default-best" , "score" : "0.21856415263778012" , "uni-/const" : 0.33486091084611314 , "uni-collectiondf" : 0.2668827507302031 , "uni-collectiontf" : 0.1618391680864074 }
