{ "bi-/const" : 0.18140589569160998 , "bi-collectiondf" : 0.0 , "bi-collectiontf" : 0.0 , "name" : "default-best" , "score" : "0.18801494150438633" , "uni-/const" : 0.7732426303854877 , "uni-collectiondf" : 0.0 , "uni-collectiontf" : 0.045351473922902494 }
