{ "bi-/const" : 0.16454049495837636 , "bi-collectiondf" : 0.0 , "bi-collectiontf" : 0.0 , "name" : "default-best" , "score" : "0.2171436882994273" , "uni-/const" : 0.7922676251150498 , "uni-collectiondf" : 0.0431918799265738 , "uni-collectiontf" : 0.0 }
