{ "bi-/const" : 0.13173523377605006 , "bi-collectiondf" : 0.0 , "bi-collectiontf" : 0.0 , "name" : "default-best" , "score" : "0.1983932393591797" , "uni-/const" : 0.8227996294591354 , "uni-collectiondf" : 0.04546513676481452 , "uni-collectiontf" : 0.0 }
