{ "bi-/const" : 0.16662153999958348 , "bi-collectiondf" : 0.0 , "bi-collectiontf" : 0.0 , "name" : "default-best" , "score" : "0.19040210107461694" , "uni-/const" : 0.7832531467172084 , "uni-collectiondf" : 0.05012531328320802 , "uni-collectiontf" : 0.0 }
