{ "bi-/const" : 0.2386919680152763 , "bi-collectiondf" : 0.0 , "bi-collectiontf" : 0.0 , "name" : "default-best" , "score" : "0.27302081064617395" , "uni-/const" : 0.8139396109320922 , "uni-collectiondf" : -0.05263157894736843 , "uni-collectiontf" : 0.0 }
