{ "bi-/const" : 0.241078887695429 , "bi-collectiondf" : 0.0 , "bi-collectiontf" : 0.0 , "name" : "default-best" , "score" : "0.2883620565731499" , "uni-/const" : 0.8115526912519393 , "uni-collectiondf" : -0.05263157894736842 , "uni-collectiontf" : 0.0 }
