{ "bi-/const" : 0.21595939963286906 , "bi-collectiondf" : 0.0 , "bi-collectiontf" : 0.0 , "name" : "default-best" , "score" : "0.24795395442413337" , "uni-/const" : 0.7386891264442285 , "uni-collectiondf" : 0.0453514739229025 , "uni-collectiontf" : 0.0 }
