{ "bi-/const" : 0.26357844725191665 , "bi-collectiondf" : 0.0 , "bi-collectiontf" : 0.0 , "name" : "default-best" , "score" : "0.26479916289665706" , "uni-/const" : 0.7364215527480834 , "uni-collectiondf" : 0.0 , "uni-collectiontf" : 0.0 }
