{ "bi-/const" : 0.1900058250073868 , "bi-collectiondf" : 0.07528896704024836 , "bi-collectiontf" : -0.039526707696130405 , "name" : "default-best" , "score" : "0.24746624378741788" , "uni-/const" : 0.7366815433371715 , "uni-collectiondf" : 0.0 , "uni-collectiontf" : 0.037550372311323875 }
