{ "name" : "default-best-best" , "od-/const" : 0.003877507949030643 , "od-collectionitf" : 0.09023200072257193 , "score" : "0.12168799952612527" , "uni-/const" : 0.31872359636620234 , "uni-collectionitf" : 0.367639319463053 , "uww-/const" : 0.20276770915899348 , "uww-collectionitf" : 0.01675986634014855 }
