{ "name" : "default-best-best" , "od-/const" : 0.09313523468061577 , "od-collectionitf" : 0.0398061528366737 , "score" : "0.12301275471822279" , "uni-/const" : 0.41499543400567945 , "uni-collectionitf" : 0.2727531777939334 , "uww-/const" : 0.0868022002821238 , "uww-collectionitf" : 0.09250780040097385 }
