{ "name" : "default-best-best" , "od-/const" : 0.1744745741866919 , "od-collectionitf" : -0.1656026672102817 , "score" : "0.11438997811310392" , "uni-/const" : 0.31598629912889664 , "uni-collectionitf" : 0.526864448451401 , "uww-/const" : 0.14005284848005012 , "uww-collectionitf" : 0.008224496963242121 }
