{ "name" : "default-best-best" , "od-/const" : 0.04314403256721172 , "od-collectionitf" : 0.059432336054773265 , "score" : "0.12712272343814568" , "uni-/const" : 0.3748618338607379 , "uni-collectionitf" : 0.31807311896725005 , "uww-/const" : 0.17318167364185297 , "uww-collectionitf" : 0.03130700490817407 }
