{ "name" : "default-best-best" , "od-/const" : 0.16782577781320254 , "od-collectionitf" : 0.01392709822679624 , "score" : "0.1319575982128366" , "uni-/const" : 0.3871966945194139 , "uni-collectionitf" : 0.23391273228663148 , "uww-/const" : 0.014340869888065808 , "uww-collectionitf" : 0.18279682726588992 }
