{ "name" : "default-best-best" , "od-/const" : 0.0 , "od-collectionitf" : 0.27536074477280215 , "score" : "0.21942801605356924" , "uni-/const" : 0.36405214691413956 , "uni-collectionitf" : 0.10413775295048462 , "uww-/const" : 0.2564493553625737 , "uww-collectionitf" : 0.0 }
