{ "name" : "default-best-best" , "od-/const" : 0.09006685046649739 , "od-collectionitf" : 0.13974806611054605 , "score" : "0.20261100029659057" , "uni-/const" : 0.18327038083436717 , "uni-collectionitf" : 0.22666251097641393 , "uww-/const" : 0.17914681729041848 , "uww-collectionitf" : 0.18110537432175697 }
