{ "name" : "default-best-best" , "od-/const" : 0.05975800183352241 , "od-collectionitf" : 0.19637561016478652 , "score" : "0.21814309980249155" , "uni-/const" : 0.1964841317944913 , "uni-collectionitf" : 0.29437844046890776 , "uww-/const" : 0.05434753569946339 , "uww-collectionitf" : 0.1986562800388287 }
