{ "name" : "default-best-best" , "od-/const" : 0.0 , "od-collectionitf" : 0.31440710439790387 , "score" : "0.24129635771376207" , "uni-/const" : 0.22881804285738905 , "uni-collectionitf" : 0.22214102605737968 , "uww-/const" : 0.009413405351435623 , "uww-collectionitf" : 0.2252204213358917 }
