{ "name" : "default-best-best" , "od-/const" : 0.1540391189272858 , "od-collectionitf" : 0.06043291179447479 , "score" : "0.20624039966222932" , "uni-/const" : 0.2898149432843547 , "uni-collectionitf" : 0.20473092624068115 , "uww-/const" : 0.18939870213143642 , "uww-collectionitf" : 0.10158339762176694 }
