{ "name" : "default-best-best" , "od-/const" : 0.1505017004838352 , "od-collectionitf" : 0.1672797806752671 , "score" : "0.20692301706664845" , "uni-/const" : 0.3069088815834224 , "uni-collectionitf" : 0.2529993395431655 , "uww-/const" : 0.10466955316351857 , "uww-collectionitf" : 0.017640744550791253 }
