{ "name" : "default-best-best" , "od-/const" : 0.1613687199547306 , "od-collectionitf" : 0.2071028180091889 , "score" : "0.23474280363991298" , "uni-/const" : 0.2591180825040898 , "uni-collectionitf" : 0.13642555555289448 , "uww-/const" : 0.07829835047312834 , "uww-collectionitf" : 0.15768647350596782 }
