{ "name" : "default-best-best" , "od-/const" : 0.12927054478301014 , "od-collectionitf" : 0.13204062788550322 , "score" : "0.25197729565594135" , "uni-/const" : 0.18467220683287167 , "uni-collectionitf" : 0.18467220683287167 , "uww-/const" : 0.18467220683287167 , "uww-collectionitf" : 0.18467220683287167 }
