{ "name" : "default-best-best" , "od-/const" : 0.2592840603011644 , "od-collectionitf" : 0.032908615466047696 , "score" : "0.20842622755932408" , "uni-/const" : 0.3145150787691713 , "uni-collectionitf" : 0.18321904419836776 , "uww-/const" : 0.0 , "uww-collectionitf" : 0.21007320126524878 }
