{ "name" : "default-best-best" , "od-/const" : 0.16596314908734638 , "od-collectionitf" : 0.23063773169291574 , "score" : "0.2501736563599732" , "uni-/const" : 0.2660613635813841 , "uni-collectionitf" : 0.1366831328878935 , "uww-/const" : 0.014001095363446353 , "uww-collectionitf" : 0.18665352738701374 }
