{ "name" : "default-best-best" , "od-/const" : 0.06317427262967018 , "od-collectionitf" : 0.021490011289997363 , "score" : "0.403379529944393" , "uni-/const" : 0.3941978871117792 , "uni-collectionitf" : 0.17692681596407162 , "uww-/const" : 0.1974169831825548 , "uww-collectionitf" : 0.14679402982192688 }
