{ "name" : "default-best-best" , "od-/const" : 0.0922821620810323 , "od-collectionitf" : 0.023268218209397774 , "score" : "0.3871715586332232" , "uni-/const" : 0.2954932547927935 , "uni-collectionitf" : 0.30096756313360207 , "uww-/const" : 0.15837050547549908 , "uww-collectionitf" : 0.12961829630767527 }
