{ "name" : "default-best-best" , "od-/const" : 0.0034521597117838135 , "od-collectionitf" : 0.08861105435648428 , "score" : "0.38347708389173135" , "uni-/const" : 0.15722342022286367 , "uni-collectionitf" : 0.42073553146144715 , "uww-/const" : 0.2737961706565563 , "uww-collectionitf" : 0.05618166359086488 }
