{ "name" : "default-best-best" , "od-/const" : 0.0 , "od-collectionitf" : 0.07242444904310606 , "score" : "0.41102208394399564" , "uni-/const" : 0.27040011729741426 , "uni-collectionitf" : 0.318761187791846 , "uww-/const" : 0.21864024396100107 , "uww-collectionitf" : 0.11977400190663262 }
