{ "name" : "default-best-best" , "od-/const" : 0.0 , "od-collectionitf" : 0.21229125751184116 , "score" : "0.4284780489986106" , "uni-/const" : 0.269514194070867 , "uni-collectionitf" : 0.1930954906063682 , "uww-/const" : 0.02712181228850257 , "uww-collectionitf" : 0.29797724552242116 }
