{ "name" : "default-best" , "score" : "0.1119315011096806" , "uni-attributes-/nn-only" : 0.12716325954695698 , "uni-attributes-fieldlikelihood" : 0.34706292726182536 , "uni-categories-/nn-only" : 0.18037541814746505 , "uni-categories-fieldlikelihood" : 0.07450860005914757 , "uni-names-/nn-only" : 0.0 , "uni-names-fieldlikelihood" : 0.12211385252056388 , "uni-outgoingentitynames-/nn-only" : 0.0 , "uni-outgoingentitynames-fieldlikelihood" : 0.0 , "uni-similarentitynames-/nn-only" : 0.1281382386785742 , "uni-similarentitynames-fieldlikelihood" : 0.020637703785467004 }
