{ "name" : "default-best" , "score" : "0.10923893790568473" , "uni-attributes-/nn-only" : 0.15462044856043045 , "uni-attributes-fieldlikelihood" : 0.29742011161376547 , "uni-categories-/nn-only" : 0.04619214067753212 , "uni-categories-fieldlikelihood" : 0.179531566344913 , "uni-names-/nn-only" : 0.11294691411526 , "uni-names-fieldlikelihood" : 0.002300988285454963 , "uni-outgoingentitynames-/nn-only" : 0.0014018410280113823 , "uni-outgoingentitynames-fieldlikelihood" : 0.0 , "uni-similarentitynames-/nn-only" : 0.08248216968792918 , "uni-similarentitynames-fieldlikelihood" : 0.1231038196867034 }
