{ "name" : "default-best" , "score" : "0.11767509060239696" , "uni-attributes-/nn-only" : 0.18564140010232216 , "uni-attributes-fieldlikelihood" : 0.2841825758005382 , "uni-categories-/nn-only" : 0.09997122721013292 , "uni-categories-fieldlikelihood" : 0.17822203015685942 , "uni-names-/nn-only" : 0.023852328034464756 , "uni-names-fieldlikelihood" : 0.0 , "uni-outgoingentitynames-/nn-only" : 0.050250940634795016 , "uni-outgoingentitynames-fieldlikelihood" : 0.0 , "uni-similarentitynames-/nn-only" : 0.06439033793638728 , "uni-similarentitynames-fieldlikelihood" : 0.11348916012450024 }
