{ "name" : "default-best" , "score" : "0.12304181861513327" , "uni-attributes-/nn-only" : 0.2065309119895989 , "uni-attributes-fieldlikelihood" : 0.16002512429495805 , "uni-categories-/nn-only" : 0.3671023771427225 , "uni-categories-fieldlikelihood" : 0.10125856706769577 , "uni-names-/nn-only" : 0.015737740705403146 , "uni-names-fieldlikelihood" : 0.0 , "uni-outgoingentitynames-/nn-only" : 0.08893697169880771 , "uni-outgoingentitynames-fieldlikelihood" : 0.0 , "uni-similarentitynames-/nn-only" : 0.0 , "uni-similarentitynames-fieldlikelihood" : 0.06040830710081382 }
