{ "name" : "default-best" , "score" : "0.18211789441413234" , "uni-attributes-/nn-only" : 0.1538554185538719 , "uni-attributes-fieldlikelihood" : 0.157889932051332 , "uni-categories-/nn-only" : 0.10045393333500297 , "uni-categories-fieldlikelihood" : 0.19431345867718558 , "uni-names-/nn-only" : 0.16330334490736628 , "uni-names-fieldlikelihood" : 0.0 , "uni-outgoingentitynames-/nn-only" : 0.034935847775738535 , "uni-outgoingentitynames-fieldlikelihood" : 0.03174761936361608 , "uni-similarentitynames-/nn-only" : 0.16350044533588673 , "uni-similarentitynames-fieldlikelihood" : 0.0 }
