{ "name" : "default-best" , "score" : "0.20863016078550364" , "uni-attributes-/nn-only" : 0.2914502864818405 , "uni-attributes-fieldlikelihood" : 0.11296840899927064 , "uni-categories-/nn-only" : 0.14833695096634975 , "uni-categories-fieldlikelihood" : 0.21546681679623003 , "uni-names-/nn-only" : 0.10509530076727959 , "uni-names-fieldlikelihood" : 0.0 , "uni-outgoingentitynames-/nn-only" : 0.0 , "uni-outgoingentitynames-fieldlikelihood" : 0.019260797761759034 , "uni-similarentitynames-/nn-only" : 0.10742143822727047 , "uni-similarentitynames-fieldlikelihood" : 0.0 }
