{ "name" : "default-best" , "score" : "0.1854748245927249" , "uni-attributes-/nn-only" : 0.14679838980859017 , "uni-attributes-fieldlikelihood" : 0.15514440620647238 , "uni-categories-/nn-only" : 0.1332162265752195 , "uni-categories-fieldlikelihood" : 0.19886775128427742 , "uni-names-/nn-only" : 0.1549559365973703 , "uni-names-fieldlikelihood" : 0.0 , "uni-outgoingentitynames-/nn-only" : 0.00513044187217021 , "uni-outgoingentitynames-fieldlikelihood" : 0.04157379538816191 , "uni-similarentitynames-/nn-only" : 0.1208853190485337 , "uni-similarentitynames-fieldlikelihood" : 0.04342773321920435 }
