{ "name" : "default-best" , "score" : "0.2131592402386286" , "uni-attributes-/nn-only" : 0.28686903013179765 , "uni-attributes-fieldlikelihood" : 0.20322430990475127 , "uni-categories-/nn-only" : 0.0483814293763635 , "uni-categories-fieldlikelihood" : 0.2707821381688365 , "uni-names-/nn-only" : 0.08086949220395032 , "uni-names-fieldlikelihood" : 0.0 , "uni-outgoingentitynames-/nn-only" : 0.0 , "uni-outgoingentitynames-fieldlikelihood" : 0.04081968090880503 , "uni-similarentitynames-/nn-only" : 0.0690539193054957 , "uni-similarentitynames-fieldlikelihood" : 0.0 }
