{ "name" : "default-best" , "score" : "0.20513469213240337" , "uni-attributes-/nn-only" : 0.21043027757155006 , "uni-attributes-fieldlikelihood" : 0.13350154978919576 , "uni-categories-/nn-only" : 0.1858078977064244 , "uni-categories-fieldlikelihood" : 0.25521642936417327 , "uni-names-/nn-only" : 0.12108507635739163 , "uni-names-fieldlikelihood" : 0.0 , "uni-outgoingentitynames-/nn-only" : 0.0 , "uni-outgoingentitynames-fieldlikelihood" : 0.022123206633093164 , "uni-similarentitynames-/nn-only" : 0.07183556257817166 , "uni-similarentitynames-fieldlikelihood" : 0.0 }
