{ "name" : "default-best" , "score" : "0.1559851667371245" , "uni-attributes-/nn-only" : 0.1579596335714364 , "uni-attributes-fieldlikelihood" : 0.27512865760995975 , "uni-categories-/nn-only" : 0.12459794021502013 , "uni-categories-fieldlikelihood" : 0.14453786545660513 , "uni-names-/nn-only" : 0.0 , "uni-names-fieldlikelihood" : 0.0 , "uni-outgoingentitynames-/nn-only" : 0.0 , "uni-outgoingentitynames-fieldlikelihood" : 0.20697203692000066 , "uni-similarentitynames-/nn-only" : 0.028884731848411047 , "uni-similarentitynames-fieldlikelihood" : 0.06191913437856686 }
