{ "name" : "default-best" , "score" : "0.1863667298854985" , "uni-attributes-/nn-only" : 0.09605254007655692 , "uni-attributes-fieldlikelihood" : 0.2549197731277423 , "uni-categories-/nn-only" : 0.0 , "uni-categories-fieldlikelihood" : 0.24479863450728584 , "uni-names-/nn-only" : 0.0 , "uni-names-fieldlikelihood" : 0.0 , "uni-outgoingentitynames-/nn-only" : 0.08631148054954069 , "uni-outgoingentitynames-fieldlikelihood" : 0.18512674902345652 , "uni-similarentitynames-/nn-only" : 0.06888456141493955 , "uni-similarentitynames-fieldlikelihood" : 0.06390626130047823 }
