{ "name" : "default-best" , "score" : "0.19192106818622232" , "uni-attributes-/nn-only" : 0.10904272492975367 , "uni-attributes-fieldlikelihood" : 0.1083386661420787 , "uni-categories-/nn-only" : 0.022044170665421338 , "uni-categories-fieldlikelihood" : 0.07288981234998092 , "uni-names-/nn-only" : 0.0 , "uni-names-fieldlikelihood" : 0.0 , "uni-outgoingentitynames-/nn-only" : 0.09926055346596378 , "uni-outgoingentitynames-fieldlikelihood" : 0.2333008889603378 , "uni-similarentitynames-/nn-only" : 0.25524452608454146 , "uni-similarentitynames-fieldlikelihood" : 0.09987865740192242 }
