{ "name" : "default-best" , "score" : "0.16585465047232603" , "uni-attributes-/nn-only" : 0.2297162042106359 , "uni-attributes-fieldlikelihood" : 0.09885151681474322 , "uni-categories-/nn-only" : 0.06535826769157178 , "uni-categories-fieldlikelihood" : 0.08343740131811862 , "uni-names-/nn-only" : 0.020787057667627496 , "uni-names-fieldlikelihood" : 0.0 , "uni-outgoingentitynames-/nn-only" : 0.08511630029627536 , "uni-outgoingentitynames-fieldlikelihood" : 0.17229412743544323 , "uni-similarentitynames-/nn-only" : 0.20506395180716638 , "uni-similarentitynames-fieldlikelihood" : 0.039375172758417766 }
