{ "name" : "default-best" , "score" : "0.3575750957019656" , "uni-attributes-/nn-only" : 0.2610059619331879 , "uni-attributes-fieldlikelihood" : 0.18212890591855585 , "uni-categories-/nn-only" : 0.0 , "uni-categories-fieldlikelihood" : 0.009253622709630416 , "uni-names-/nn-only" : 0.3282116312875555 , "uni-names-fieldlikelihood" : 0.0852744635648664 , "uni-outgoingentitynames-/nn-only" : 0.0 , "uni-outgoingentitynames-fieldlikelihood" : 0.01946420184817013 , "uni-similarentitynames-/nn-only" : 0.0 , "uni-similarentitynames-fieldlikelihood" : 0.11466121273803388 }
