{ "name" : "default-best" , "score" : "0.3421380755089562" , "uni-attributes-/nn-only" : 0.27426539613749257 , "uni-attributes-fieldlikelihood" : 0.23208707199106152 , "uni-categories-/nn-only" : 0.0 , "uni-categories-fieldlikelihood" : 0.043676357166481584 , "uni-names-/nn-only" : 0.18826004069326518 , "uni-names-fieldlikelihood" : 0.1060106845072225 , "uni-outgoingentitynames-/nn-only" : 9.862300673725336E-4 , "uni-outgoingentitynames-fieldlikelihood" : 0.009852480669630516 , "uni-similarentitynames-/nn-only" : 0.0 , "uni-similarentitynames-fieldlikelihood" : 0.14486173876747366 }
