{ "name" : "default-best" , "score" : "0.339527370553216" , "uni-attributes-/nn-only" : 0.272151369759211 , "uni-attributes-fieldlikelihood" : 0.16379001362437406 , "uni-categories-/nn-only" : 0.04773839360305525 , "uni-categories-fieldlikelihood" : 0.02659462720549028 , "uni-names-/nn-only" : 0.21620422313956206 , "uni-names-fieldlikelihood" : 0.07402901294270849 , "uni-outgoingentitynames-/nn-only" : 0.0 , "uni-outgoingentitynames-fieldlikelihood" : 0.013158683430549257 , "uni-similarentitynames-/nn-only" : 0.0773152164901952 , "uni-similarentitynames-fieldlikelihood" : 0.10901845980485429 }
