{ "name" : "default-best" , "score" : "0.3318957553848697" , "uni-attributes-/nn-only" : 0.21889853055389996 , "uni-attributes-fieldlikelihood" : 0.21447265431640664 , "uni-categories-/nn-only" : 0.0012829976809381903 , "uni-categories-fieldlikelihood" : 0.05025094063479502 , "uni-names-/nn-only" : 0.2218237760411959 , "uni-names-fieldlikelihood" : 0.1311008717739157 , "uni-outgoingentitynames-/nn-only" : 0.0 , "uni-outgoingentitynames-fieldlikelihood" : 0.010760844429957861 , "uni-similarentitynames-/nn-only" : 0.06299660121807169 , "uni-similarentitynames-fieldlikelihood" : 0.08841278335081916 }
