{ "name" : "default-best-best" , "od-/const" : 0.016401925741269755 , "od-collectiondf" : 0.21078024482498722 , "score" : "0.1292940271832658" , "uni-/const" : 0.516426192330085 , "uni-collectiondf" : 0.322314028435428 , "uww-/const" : 0.12771825154546218 , "uww-collectiondf" : -0.19364064287723226 }
