{ "name" : "default-best-best" , "od-/const" : 0.16908495915942648 , "od-collectiondf" : -0.05567971261473131 , "score" : "0.1424354897515844" , "uni-/const" : 0.5168767934820473 , "uni-collectiondf" : 0.2600430643497334 , "uww-/const" : 0.1096748956235242 , "uww-collectiondf" : 0.0 }
