{ "name" : "default-best-best" , "od-/const" : 0.05339987860480984 , "od-collectiondf" : 0.10607461258703668 , "score" : "0.12487826912204332" , "uni-/const" : 0.4460999895845398 , "uni-collectiondf" : 0.34835535190766004 , "uww-/const" : 0.09619548059916172 , "uww-collectiondf" : -0.05012531328320802 }
