{ "name" : "default-best-best" , "od-/const" : 0.17091993819507623 , "od-collectiondf" : -0.10925869226571236 , "score" : "0.12648213283692575" , "uni-/const" : 0.41536009475513064 , "uni-collectiondf" : 0.46429453136200566 , "uww-/const" : 0.05868412795349995 , "uww-collectiondf" : 0.0 }
