{ "name" : "default-best-best" , "od-/const" : 0.0419624411795666 , "od-collectiondf" : 0.08988064371670647 , "score" : "0.1242403072282379" , "uni-/const" : 0.45492298634341055 , "uni-collectiondf" : 0.31043287238849854 , "uww-/const" : 0.10280105637181784 , "uww-collectiondf" : 0.0 }
