{ "name" : "default-best-best" , "od-/const" : 0.2549118340999057 , "od-collectiondf" : 0.04430884652111772 , "score" : "0.21333444732369475" , "uni-/const" : 0.22811833525224828 , "uni-collectiondf" : 0.11446554536330719 , "uww-/const" : 0.2616580035347793 , "uww-collectiondf" : 0.09653743522864192 }
