{ "name" : "default-best-best" , "od-/const" : 0.08386164812501139 , "od-collectiondf" : 0.138892368963442 , "score" : "0.20597625070383577" , "uni-/const" : 0.2860116971893384 , "uni-collectiondf" : 0.21021263255894068 , "uww-/const" : 0.27747923524345075 , "uww-collectiondf" : 0.0035424179198167657 }
