{ "name" : "default-best-best" , "od-/const" : 0.07394504569361882 , "od-collectiondf" : 0.047619047619047616 , "score" : "0.20817977318010844" , "uni-/const" : 0.46149163438621715 , "uni-collectiondf" : 0.2786398529151511 , "uww-/const" : 0.041521805377756765 , "uww-collectiondf" : 0.0967826140082085 }
