{ "name" : "default-best-best" , "od-/const" : 0.1918273103684104 , "od-collectiondf" : 0.030434703848943527 , "score" : "0.23677525587811843" , "uni-/const" : 0.3522768387578171 , "uni-collectiondf" : 0.30331772691530084 , "uww-/const" : 0.07915041556871043 , "uww-collectiondf" : 0.04299300454081776 }
