{ "name" : "default-best-best" , "od-/const" : 0.059713671053823074 , "od-collectiondf" : -0.061386883157741254 , "score" : "0.22163457605456519" , "uni-/const" : 0.24466920687602958 , "uni-collectiondf" : 0.5857844686498049 , "uww-/const" : 0.06770400432996908 , "uww-collectiondf" : 0.10351553224811438 }
