{ "name" : "default-best-best" , "od-/const" : 0.24849166805088718 , "od-collectiondf" : 0.14552819151689242 , "score" : "0.2516136598987963" , "uni-/const" : 0.23081104368317343 , "uni-collectiondf" : 0.0 , "uww-/const" : 0.13581887178885071 , "uww-collectiondf" : 0.2393502249601962 }
