{ "name" : "default-best-best" , "od-/const" : 0.14119017899223427 , "od-collectiondf" : 0.2866041195328475 , "score" : "0.20510906219735583" , "uni-/const" : 0.1912295432807933 , "uni-collectiondf" : 0.1910007903929576 , "uww-/const" : 0.09491856522331923 , "uww-collectiondf" : 0.09505680257784813 }
