{ "name" : "default-best-best" , "od-/const" : 0.27477902930980697 , "od-collectiondf" : 0.15924349306322624 , "score" : "0.21111514606541698" , "uni-/const" : 0.16712674132938812 , "uni-collectiondf" : 0.2172647637282046 , "uww-/const" : 0.16712674132938812 , "uww-collectiondf" : 0.014459231239985923 }
