{ "name" : "default-best-best" , "od-/const" : 0.32919421223469636 , "od-collectiondf" : 0.08085247538747016 , "score" : "0.24688427157818743" , "uni-/const" : 0.3331782756605417 , "uni-collectiondf" : 0.0 , "uww-/const" : 0.25677503671729174 , "uww-collectiondf" : 0.0 }
