{ "name" : "default-best-best" , "od-/const" : 0.1706449043553789 , "od-collectiondf" : 0.1669512867410591 , "score" : "0.22651405342736117" , "uni-/const" : 0.42638598674880074 , "uni-collectiondf" : 0.0 , "uww-/const" : 0.036200984374217884 , "uww-collectiondf" : 0.1998168377805434 }
