{ "name" : "default-best-best" , "od-/const" : 0.023696521804517326 , "od-collectiondf" : 0.13882569983451076 , "score" : "0.416056646704715" , "uni-/const" : 0.2006776388091487 , "uni-collectiondf" : 0.20052902959065735 , "uww-/const" : 0.08246209026801762 , "uww-collectiondf" : 0.3538090196931482 }
