{ "name" : "default-best-best" , "od-/const" : 0.12314784113131529 , "od-collectiondf" : 0.10432394606771564 , "score" : "0.3771863756057401" , "uni-/const" : 0.3010697829166893 , "uni-collectiondf" : 0.15459790348161695 , "uww-/const" : 0.2692414787836151 , "uww-collectiondf" : 0.047619047619047616 }
