{ "name" : "default-best-best" , "od-/const" : 0.12311480455524776 , "od-collectiondf" : 0.17587829222178253 , "score" : "0.38491567969786356" , "uni-/const" : 0.12324671327441411 , "uni-collectiondf" : 0.22600360550499055 , "uww-/const" : 0.17587829222178253 , "uww-collectiondf" : 0.17587829222178253 }
