{ "name" : "default-best-best" , "od-/const" : 0.1117279086163494 , "od-collectiondf" : 0.055924197750423184 , "score" : "0.42364735364704603" , "uni-/const" : 0.14366123244598147 , "uni-collectiondf" : 0.3614748559558705 , "uww-/const" : 0.0 , "uww-collectiondf" : 0.3272118052313755 }
