{ "name" : "default-best-best" , "od-/const" : 0.0631237848983161 , "od-collectiondf" : 0.055198753275200185 , "score" : "0.405902865822835" , "uni-/const" : 0.2837709155939141 , "uni-collectiondf" : 0.3725972911718074 , "uww-/const" : 0.1781853962233884 , "uww-collectiondf" : 0.047123858837373814 }
