{ "name" : "default-best-best" , "od-/const" : 0.05054548172202991 , "od-/google-ngrams-word-invcount" : 0.0 , "od-bigramcfratioimp" : 0.0 , "score" : "0.1302186315819174" , "uni-/const" : 0.2772139309168019 , "uni-/google-ngrams-word-invcount" : 0.5237901890001333 , "uww-/const" : 0.0 , "uww-/google-ngrams-word-invcount" : 0.0 , "uww-bigramcfratioimp" : 0.14845039836103485 }
