{ "name" : "default-best-best" , "od-/const" : 0.017537774587772142 , "od-/google-ngrams-word-invcount" : 0.01042209098713004 , "od-bigramcfratioimp" : 0.13246655837958526 , "score" : "0.13422488669325866" , "uni-/const" : 0.3903687869512897 , "uni-/google-ngrams-word-invcount" : 0.3141125244088104 , "uww-/const" : 0.06216770596046313 , "uww-/google-ngrams-word-invcount" : 0.0 , "uww-bigramcfratioimp" : 0.07292455872494946 }
