{ "name" : "default-best-best" , "od-/const" : 0.05471751246826178 , "od-/google-ngrams-word-invcount" : 0.0 , "od-bigramcfratioimp" : 0.04841401379098189 , "score" : "0.1263093233462834" , "uni-/const" : 0.3632478001823897 , "uni-/google-ngrams-word-invcount" : 0.3793909454371722 , "uww-/const" : 0.08411762007905714 , "uww-/google-ngrams-word-invcount" : 0.0 , "uww-bigramcfratioimp" : 0.07011210804213741 }
