{ "name" : "default-best-best" , "od-/const" : 0.11832837833872943 , "od-/google-ngrams-word-invcount" : 0.1040220610475456 , "od-bigramcfratioimp" : 0.0 , "score" : "0.13189823215044783" , "uni-/const" : 0.40868889779581113 , "uni-/google-ngrams-word-invcount" : 0.3464450743016391 , "uww-/const" : 0.022515588516274648 , "uww-/google-ngrams-word-invcount" : 0.0 , "uww-bigramcfratioimp" : 0.0 }
