{ "name" : "default-best-best" , "od-/const" : 0.07345483742438977 , "od-/google-ngrams-word-invcount" : 0.0 , "od-bigramcfratioimp" : 0.0 , "score" : "0.14340268419107358" , "uni-/const" : 0.3877429810230551 , "uni-/google-ngrams-word-invcount" : 0.33057886329340314 , "uww-/const" : 0.06237030772425425 , "uww-/google-ngrams-word-invcount" : 0.04163639061844168 , "uww-bigramcfratioimp" : 0.104216619916456 }
