{ "name" : "default-best-best" , "od-/const" : 0.159308539981684 , "od-/google-ngrams-word-invcount" : 0.0 , "od-bigramcfratioimp" : 0.061474207881621 , "score" : "0.20556191956872924" , "uni-/const" : 0.3631934032377931 , "uni-/google-ngrams-word-invcount" : 0.12248076650245573 , "uww-/const" : 0.18173132973993272 , "uww-/google-ngrams-word-invcount" : 0.05375982339639682 , "uww-bigramcfratioimp" : 0.05805192926011673 }
