{ "name" : "default-best-best" , "od-/const" : 0.0 , "od-/google-ngrams-word-invcount" : 0.06915384005323749 , "od-bigramcfratioimp" : 0.12297653597293734 , "score" : "0.20043759964716112" , "uni-/const" : 0.3181958684804959 , "uni-/google-ngrams-word-invcount" : 0.2556333347681206 , "uww-/const" : 0.016911666786549272 , "uww-/google-ngrams-word-invcount" : 0.07761688118702882 , "uww-bigramcfratioimp" : 0.13951187275163054 }
