{ "name" : "default-best-best" , "od-/const" : 0.25635631065908787 , "od-/google-ngrams-word-invcount" : 0.0 , "od-bigramcfratioimp" : 0.1308679289880307 , "score" : "0.21616264507396601" , "uni-/const" : 0.24448472446059766 , "uni-/google-ngrams-word-invcount" : 0.19260597041887226 , "uww-/const" : 0.17568506547341153 , "uww-/google-ngrams-word-invcount" : 0.0 , "uww-bigramcfratioimp" : 0.0 }
