{ "name" : "default-best-best" , "od-/const" : 0.0 , "od-/google-ngrams-word-invcount" : 0.12864221864793907 , "od-bigramcfratioimp" : 0.0 , "score" : "0.2198704123317891" , "uni-/const" : 0.3116493084569619 , "uni-/google-ngrams-word-invcount" : 0.23563094246217867 , "uww-/const" : 0.1803242025919531 , "uww-/google-ngrams-word-invcount" : 0.1135448164397424 , "uww-bigramcfratioimp" : 0.03020851140122499 }
