{ "name" : "default-best-best" , "od-/const" : 0.039303384319715445 , "od-/google-ngrams-word-invcount" : 0.24251742584155994 , "od-bigramcfratioimp" : 0.0 , "score" : "0.24194183343335784" , "uni-/const" : 0.1943503378797546 , "uni-/google-ngrams-word-invcount" : 0.3985617349208403 , "uww-/const" : 0.061534439858024204 , "uww-/google-ngrams-word-invcount" : 0.06373267718010533 , "uww-bigramcfratioimp" : 0.0 }
