{ "name" : "default-best-best" , "od-/const" : 0.020493958479703738 , "od-/google-ngrams-word-invcount" : 0.18798599189679327 , "od-bigramcfratioimp" : 0.09855472066338364 , "score" : "0.22686629366537256" , "uni-/const" : 0.4526992785061502 , "uni-/google-ngrams-word-invcount" : 0.0 , "uww-/const" : 0.19561848723540334 , "uww-/google-ngrams-word-invcount" : 0.016789197426272072 , "uww-bigramcfratioimp" : 0.027858365792293695 }
