{ "name" : "default-best-best" , "od-/const" : 0.06604065406607294 , "od-/google-ngrams-word-invcount" : 0.1795820286375153 , "od-bigramcfratioimp" : 0.11504972563513992 , "score" : "0.20818889478904937" , "uni-/const" : 0.2549848195329303 , "uni-/google-ngrams-word-invcount" : 0.24176118264511035 , "uww-/const" : 0.06861356738461347 , "uww-/google-ngrams-word-invcount" : 0.02497562100117809 , "uww-bigramcfratioimp" : 0.0489924010974397 }
