{ "name" : "default-best-best" , "od-/const" : 0.2122899283073088 , "od-/google-ngrams-word-invcount" : 0.0 , "od-bigramcfratioimp" : 0.10503929227549981 , "score" : "0.2544411749036961" , "uni-/const" : 0.1630217278963207 , "uni-/google-ngrams-word-invcount" : 0.1862324857828116 , "uww-/const" : 0.14086478730647223 , "uww-/google-ngrams-word-invcount" : 0.14645738356528284 , "uww-bigramcfratioimp" : 0.046094394866304005 }
