{ "name" : "default-best-best" , "od-/const" : 0.14479143394121455 , "od-/google-ngrams-word-invcount" : 0.12492866826026178 , "od-bigramcfratioimp" : 0.1682599260667616 , "score" : "0.20917402959555745" , "uni-/const" : 0.26760189225325026 , "uni-/google-ngrams-word-invcount" : 0.14906923073258108 , "uww-/const" : 0.14534884874593096 , "uww-/google-ngrams-word-invcount" : 0.0 , "uww-bigramcfratioimp" : 0.0 }
