{ "name" : "default-best-best" , "od-/const" : 0.21565089145798724 , "od-/google-ngrams-word-invcount" : 0.0 , "od-bigramcfratioimp" : 0.06530318946209124 , "score" : "0.25097768485516947" , "uni-/const" : 0.14893404365094054 , "uni-/google-ngrams-word-invcount" : 0.33469044749703314 , "uww-/const" : 0.047619047619047616 , "uww-/google-ngrams-word-invcount" : 0.13960550580250736 , "uww-bigramcfratioimp" : 0.048196874510392805 }
