{ "name" : "default-best-best" , "od-/const" : 0.05585390285693182 , "od-/google-ngrams-word-invcount" : 0.0 , "od-bigramcfratioimp" : 0.0 , "score" : "0.4226240148461236" , "uni-/const" : 0.4163931091127227 , "uni-/google-ngrams-word-invcount" : 0.10573858362547893 , "uww-/const" : 0.14953538815410566 , "uww-/google-ngrams-word-invcount" : 0.21347428142177552 , "uww-bigramcfratioimp" : 0.05900473482898517 }
