{ "name" : "default-best-best" , "od-/const" : 0.059890514787572444 , "od-/google-ngrams-word-invcount" : 0.10793696881696181 , "od-bigramcfratioimp" : 0.11511522698065983 , "score" : "0.4233420118126435" , "uni-/const" : 0.24825502827901225 , "uni-/google-ngrams-word-invcount" : 0.1798949480282697 , "uww-/const" : 0.10811686376499009 , "uww-/google-ngrams-word-invcount" : 0.12462519469757447 , "uww-bigramcfratioimp" : 0.05616525464495958 }
