{ "name" : "default-best-best" , "od-/const" : 0.023144622760592294 , "od-/google-ngrams-word-invcount" : 0.0204868438667446 , "od-bigramcfratioimp" : 0.028163584983354334 , "score" : "0.3874058839685377" , "uni-/const" : 0.31074586291310996 , "uni-/google-ngrams-word-invcount" : 0.12464139427307983 , "uww-/const" : 0.16731229995543978 , "uww-/google-ngrams-word-invcount" : 0.2752544506128842 , "uww-bigramcfratioimp" : 0.05025094063479502 }
