{ "name" : "default-best-best" , "od-/const" : 0.0667841594021009 , "od-/google-ngrams-word-invcount" : 0.0320510895193942 , "od-bigramcfratioimp" : 0.0 , "score" : "0.4077322774016926" , "uni-/const" : 0.26239393672216327 , "uni-/google-ngrams-word-invcount" : 0.3560039213021381 , "uww-/const" : 0.1247723058141059 , "uww-/google-ngrams-word-invcount" : 0.143642709083452 , "uww-bigramcfratioimp" : 0.014351878156645499 }
