{ "name" : "default-best-best" , "od-/const" : 0.05463507220783933 , "od-/google-ngrams-word-invcount" : 0.06280033709401339 , "od-bigramcfratioimp" : 0.015324269727108314 , "score" : "0.39360188511713495" , "uni-/const" : 0.3212441975696243 , "uni-/google-ngrams-word-invcount" : 0.22226778265981667 , "uww-/const" : 0.0 , "uww-/google-ngrams-word-invcount" : 0.2224400775305088 , "uww-bigramcfratioimp" : 0.10128826321108914 }
