{ "bi-attributes-/const" : 0.057502443647445105 , "bi-attributes-/nns" : -0.04866053290668346 , "bi-attributes-/np-part" : 0.16371676229879129 , "bi-attributes-baselinetopscore" : 0.057502443647445105 , "bi-categories-/const" : 0.057502443647445105 , "bi-categories-/nns" : 0.04756753420971038 , "bi-categories-/np-part" : 0.057502443647445105 , "bi-categories-baselinetopscore" : 0.2102122431063868 , "bi-names-/const" : -0.046227506261349305 , "bi-names-/nns" : 0.022425953022503574 , "bi-names-/np-part" : 0.10389470555592233 , "bi-names-baselinetopscore" : 0.057502443647445105 , "bi-outgoingentitynames-/const" : 0.0 , "bi-outgoingentitynames-/nns" : 0.057502443647445105 , "bi-outgoingentitynames-/np-part" : 0.008719954517937866 , "bi-outgoingentitynames-baselinetopscore" : 0.0 , "bi-similarentitynames-/const" : 0.0 , "bi-similarentitynames-/nns" : 0.02300097745897794 , "bi-similarentitynames-/np-part" : 0.10668034837561775 , "bi-similarentitynames-baselinetopscore" : 0.06365489873751418 , "name" : "default-best" , "score" : "0.0790232482113113" }
