{ "bi-attributes-/const" : 0.061253218887908883 , "bi-attributes-/nns" : -0.05410016059866309 , "bi-attributes-/np-part" : 0.061982935750063965 , "bi-attributes-baselinetopscore" : 0.11653424893424658 , "bi-categories-/const" : 0.061253218887908883 , "bi-categories-/nns" : 0.26448716866174415 , "bi-categories-/np-part" : 0.061253218887908883 , "bi-categories-baselinetopscore" : 0.008489731221374136 , "bi-names-/const" : 0.061253218887908883 , "bi-names-/nns" : 0.017382284051527058 , "bi-names-/np-part" : 0.061253218887908883 , "bi-names-baselinetopscore" : 8.500591742720114E-18 , "bi-outgoingentitynames-/const" : -0.051226763593826816 , "bi-outgoingentitynames-/nns" : 0.05025094063479501 , "bi-outgoingentitynames-/np-part" : 0.0 , "bi-outgoingentitynames-baselinetopscore" : 0.051523962474917244 , "bi-similarentitynames-/const" : 0.061253218887908883 , "bi-similarentitynames-/nns" : 0.1671563391363683 , "bi-similarentitynames-/np-part" : 0.0 , "bi-similarentitynames-baselinetopscore" : 0.0 , "name" : "default-best" , "score" : "0.09285577239722112" }
