{ "bi-attributes-/const" : 0.05685809209811669 , "bi-attributes-/nns" : -0.050402141418016064 , "bi-attributes-/np-part" : 0.0774974380549661 , "bi-attributes-baselinetopscore" : 0.11039135924801141 , "bi-categories-/const" : 0.09435208469497347 , "bi-categories-/nns" : 0.23685824442712042 , "bi-categories-/np-part" : 0.05062519680065506 , "bi-categories-baselinetopscore" : 0.06381551998939036 , "bi-names-/const" : 0.04834306707851983 , "bi-names-/nns" : 0.0 , "bi-names-/np-part" : 0.09184206549543183 , "bi-names-baselinetopscore" : 0.0 , "bi-outgoingentitynames-/const" : 0.014396494833135825 , "bi-outgoingentitynames-/nns" : 0.08471862611538952 , "bi-outgoingentitynames-/np-part" : 0.0 , "bi-outgoingentitynames-baselinetopscore" : 0.02207871639960443 , "bi-similarentitynames-/const" : 0.029890834984461108 , "bi-similarentitynames-/nns" : 0.053437782382929844 , "bi-similarentitynames-/np-part" : 0.0 , "bi-similarentitynames-baselinetopscore" : 0.015296618815310165 , "name" : "default-best" , "score" : "0.08922386117715073" }
