{ "bi-attributes-/const" : 0.07273586879724958 , "bi-attributes-/nns" : -0.05014818912086991 , "bi-attributes-/np-part" : 0.07487378499214399 , "bi-attributes-baselinetopscore" : 0.07300194036734041 , "bi-categories-/const" : 0.07487378499214399 , "bi-categories-/nns" : 0.12251456465697043 , "bi-categories-/np-part" : 0.07487378499214399 , "bi-categories-baselinetopscore" : 0.07487378499214399 , "bi-names-/const" : 1.871844624803723E-4 , "bi-names-/nns" : 0.07487378499214399 , "bi-names-/np-part" : 0.037436892496071995 , "bi-names-baselinetopscore" : 0.037436892496071995 , "bi-outgoingentitynames-/const" : 0.0 , "bi-outgoingentitynames-/nns" : 0.02186923866494004 , "bi-outgoingentitynames-/np-part" : 0.037436892496071995 , "bi-outgoingentitynames-baselinetopscore" : 0.003921514488963552 , "bi-similarentitynames-/const" : 0.002049447582610753 , "bi-similarentitynames-/nns" : 0.12499464150243582 , "bi-similarentitynames-/np-part" : 0.07105496516386019 , "bi-similarentitynames-baselinetopscore" : 0.07113922098508271 , "name" : "default-best" , "score" : "0.09912082455176591" }
