{ "bi-attributes-/const" : 0.09890288825832338 , "bi-attributes-/nns" : -0.108903554007571 , "bi-attributes-/np-part" : 0.036127381467147786 , "bi-attributes-baselinetopscore" : 0.07026062369494639 , "bi-categories-/const" : 0.10872396275596298 , "bi-categories-/nns" : 0.1893922218308635 , "bi-categories-/np-part" : 0.025278935776146868 , "bi-categories-baselinetopscore" : 0.08388311174998256 , "bi-names-/const" : 0.040152682696617537 , "bi-names-/nns" : 0.02997649550057609 , "bi-names-/np-part" : 0.060442462076330736 , "bi-names-baselinetopscore" : 0.0213286790932572 , "bi-outgoingentitynames-/const" : -0.04885190330384027 , "bi-outgoingentitynames-/nns" : 0.13432341171759032 , "bi-outgoingentitynames-/np-part" : 0.0 , "bi-outgoingentitynames-baselinetopscore" : 0.05023407359037295 , "bi-similarentitynames-/const" : 0.0 , "bi-similarentitynames-/nns" : 0.08566345598719594 , "bi-similarentitynames-/np-part" : 0.047102085324000474 , "bi-similarentitynames-baselinetopscore" : 0.0759629857920967 , "name" : "default-best" , "score" : "0.08968708366917219" }
