{ "bi-attributes-/const" : 0.10363783328842749 , "bi-attributes-/nns" : 0.0 , "bi-attributes-/np-part" : 0.18496961707882814 , "bi-attributes-baselinetopscore" : 0.06494150778026904 , "bi-categories-/const" : 0.08937441419103707 , "bi-categories-/nns" : 0.15747024206058524 , "bi-categories-/np-part" : 0.14614553106315722 , "bi-categories-baselinetopscore" : 0.14502432088445172 , "bi-names-/const" : 0.011973210449010289 , "bi-names-/nns" : -0.1028888009497428 , "bi-names-/np-part" : -0.06040213061016533 , "bi-names-baselinetopscore" : 0.0 , "bi-outgoingentitynames-/const" : 0.0 , "bi-outgoingentitynames-/nns" : 0.06410985952094742 , "bi-outgoingentitynames-/np-part" : 0.07232398462109609 , "bi-outgoingentitynames-baselinetopscore" : 0.0557247469027487 , "bi-similarentitynames-/const" : 0.05453412358017913 , "bi-similarentitynames-/nns" : 0.020856894809155792 , "bi-similarentitynames-/np-part" : -0.05541440228903264 , "bi-similarentitynames-baselinetopscore" : 0.04761904761904762 , "name" : "default-best" , "score" : "0.18854275759177666" }
