{ "bi-attributes-/const" : 0.002009437823757128 , "bi-attributes-/nns" : 0.09161431313095911 , "bi-attributes-/np-part" : 0.16144956460690607 , "bi-attributes-baselinetopscore" : 0.10578532191623845 , "bi-categories-/const" : 0.13904824195351467 , "bi-categories-/nns" : 0.03463425638658238 , "bi-categories-/np-part" : 0.17189919283848124 , "bi-categories-baselinetopscore" : 0.07067246737965126 , "bi-names-/const" : 0.0 , "bi-names-/nns" : 0.04998829668537405 , "bi-names-/np-part" : 0.0 , "bi-names-baselinetopscore" : -0.05911876873077347 , "bi-outgoingentitynames-/const" : 0.11506316204252533 , "bi-outgoingentitynames-/nns" : 0.0 , "bi-outgoingentitynames-/np-part" : 0.09743403239604426 , "bi-outgoingentitynames-baselinetopscore" : 0.009549220990047907 , "bi-similarentitynames-/const" : 0.0 , "bi-similarentitynames-/nns" : 0.06260283952806 , "bi-similarentitynames-/np-part" : -0.05263157894736843 , "bi-similarentitynames-baselinetopscore" : 0.0 , "name" : "default-best" , "score" : "0.22176672979256445" }
