{ "bi-attributes-/const" : 0.012515804925064414 , "bi-attributes-/nns" : 0.09186259653838831 , "bi-attributes-/np-part" : 0.10727123891242757 , "bi-attributes-baselinetopscore" : 0.14165056920140515 , "bi-categories-/const" : 0.14149580127825695 , "bi-categories-/nns" : 0.0818658336457092 , "bi-categories-/np-part" : 0.15848776830008213 , "bi-categories-baselinetopscore" : 0.11993650454348502 , "bi-names-/const" : 0.045149503665252375 , "bi-names-/nns" : 0.029977691735083144 , "bi-names-/np-part" : -0.049777327790940726 , "bi-names-baselinetopscore" : -0.046854041811766556 , "bi-outgoingentitynames-/const" : 0.062229498887197435 , "bi-outgoingentitynames-/nns" : -0.05258997331082035 , "bi-outgoingentitynames-/np-part" : 0.001581014188827456 , "bi-outgoingentitynames-baselinetopscore" : 0.14574400185591718 , "bi-similarentitynames-/const" : 0.0 , "bi-similarentitynames-/nns" : 0.01648778651369803 , "bi-similarentitynames-/np-part" : -0.04932004401238585 , "bi-similarentitynames-baselinetopscore" : 0.042285772735119305 , "name" : "default-best" , "score" : "0.1898076552607984" }
