{ "bi-attributes-/const" : 0.08366869241121949 , "bi-attributes-/nns" : 0.0 , "bi-attributes-/np-part" : 0.15000686898370713 , "bi-attributes-baselinetopscore" : 0.19290322120578088 , "bi-categories-/const" : 0.19790259911208624 , "bi-categories-/nns" : 0.13288110423553598 , "bi-categories-/np-part" : 0.17250179699026355 , "bi-categories-baselinetopscore" : 0.017619018247052188 , "bi-names-/const" : 0.0 , "bi-names-/nns" : 0.04842942440859092 , "bi-names-/np-part" : -0.05934692140609961 , "bi-names-baselinetopscore" : 0.0 , "bi-outgoingentitynames-/const" : 0.11491561908135714 , "bi-outgoingentitynames-/nns" : -0.05637957533579464 , "bi-outgoingentitynames-/np-part" : 0.05473553065172954 , "bi-outgoingentitynames-baselinetopscore" : -0.062470443585368 , "bi-similarentitynames-/const" : 0.035246401325602035 , "bi-similarentitynames-/nns" : 0.0 , "bi-similarentitynames-/np-part" : -0.0318046452085575 , "bi-similarentitynames-baselinetopscore" : 0.009191308882894983 , "name" : "default-best" , "score" : "0.2002163484182316" }
