{ "bi-attributes-/const" : 0.08410585318578791 , "bi-attributes-/nns" : 0.042052926592893954 , "bi-attributes-/np-part" : 0.08400072086930567 , "bi-attributes-baselinetopscore" : 0.08200320685614318 , "bi-categories-/const" : 0.12744429356309486 , "bi-categories-/nns" : 0.12791952467767156 , "bi-categories-/np-part" : 0.0838851022613313 , "bi-categories-baselinetopscore" : 0.08399546425348159 , "bi-names-/const" : -0.04832775232057912 , "bi-names-/nns" : 0.042052926592893954 , "bi-names-/np-part" : -0.04801401103419487 , "bi-names-baselinetopscore" : 4.636335156866469E-4 , "bi-outgoingentitynames-/const" : 0.13171386191160492 , "bi-outgoingentitynames-/nns" : -0.04561331048248511 , "bi-outgoingentitynames-/np-part" : 0.08410585318578791 , "bi-outgoingentitynames-baselinetopscore" : 0.08410585318578791 , "bi-similarentitynames-/const" : 0.0 , "bi-similarentitynames-/nns" : 0.08410585318578791 , "bi-similarentitynames-/np-part" : 0.0 , "bi-similarentitynames-baselinetopscore" : 0.0 , "name" : "default-best" , "score" : "0.1963033704078977" }
