{ "bi-attributes-/const" : 0.029980017458209923 , "bi-attributes-/nns" : 0.03622523712143332 , "bi-attributes-/np-part" : 0.02830372640505475 , "bi-attributes-baselinetopscore" : 0.0 , "bi-categories-/const" : 0.15695854406216483 , "bi-categories-/nns" : 0.22953684741784924 , "bi-categories-/np-part" : 0.0 , "bi-categories-baselinetopscore" : 0.1173595758997018 , "bi-names-/const" : -0.0497909581725762 , "bi-names-/nns" : 0.0 , "bi-names-/np-part" : -0.0527259634362474 , "bi-names-baselinetopscore" : 0.0 , "bi-outgoingentitynames-/const" : 0.04282122740790474 , "bi-outgoingentitynames-/nns" : 0.07146654274088317 , "bi-outgoingentitynames-/np-part" : 0.22658380285039864 , "bi-outgoingentitynames-baselinetopscore" : 0.03662237644132143 , "bi-similarentitynames-/const" : 0.03254320273088479 , "bi-similarentitynames-/nns" : 0.0 , "bi-similarentitynames-/np-part" : 0.0 , "bi-similarentitynames-baselinetopscore" : 0.09411582107301691 , "name" : "default-best" , "score" : "0.19387699497938254" }
