{ "bi-attributes-/const" : 0.042316379849728025 , "bi-attributes-/nns" : 0.045523079685919364 , "bi-attributes-/np-part" : -0.052763487666534756 , "bi-attributes-baselinetopscore" : 0.009488269599780058 , "bi-categories-/const" : 0.08786535367231413 , "bi-categories-/nns" : 0.36627484988817927 , "bi-categories-/np-part" : -0.05012531328320802 , "bi-categories-baselinetopscore" : 0.16042446446193695 , "bi-names-/const" : -0.07272780003854991 , "bi-names-/nns" : 0.0 , "bi-names-/np-part" : 0.02406347738282126 , "bi-names-baselinetopscore" : 0.0 , "bi-outgoingentitynames-/const" : 0.10136065856605342 , "bi-outgoingentitynames-/nns" : 0.05429959912126635 , "bi-outgoingentitynames-/np-part" : 0.11267268854914671 , "bi-outgoingentitynames-baselinetopscore" : 0.0 , "bi-similarentitynames-/const" : 0.06333494305523711 , "bi-similarentitynames-/nns" : 0.062004642199958965 , "bi-similarentitynames-/np-part" : 0.0 , "bi-similarentitynames-baselinetopscore" : 0.04598819495595109 , "name" : "default-best" , "score" : "0.21368722137102533" }
