{ "bi-attributes-/const" : 0.02815421119061448 , "bi-attributes-/nns" : 0.0 , "bi-attributes-/np-part" : 0.0 , "bi-attributes-baselinetopscore" : 0.04791487086712879 , "bi-categories-/const" : 0.12348971224824087 , "bi-categories-/nns" : 0.23949813353916638 , "bi-categories-/np-part" : 0.0 , "bi-categories-baselinetopscore" : 0.17432615931125084 , "bi-names-/const" : 0.0 , "bi-names-/nns" : 0.0 , "bi-names-/np-part" : -0.047513702160081134 , "bi-names-baselinetopscore" : -0.019053431176939035 , "bi-outgoingentitynames-/const" : 0.07809489653204653 , "bi-outgoingentitynames-/nns" : 0.0 , "bi-outgoingentitynames-/np-part" : 0.15517431850335212 , "bi-outgoingentitynames-baselinetopscore" : 0.10429673087926332 , "bi-similarentitynames-/const" : 0.08204313540121959 , "bi-similarentitynames-/nns" : 0.0 , "bi-similarentitynames-/np-part" : 0.0 , "bi-similarentitynames-baselinetopscore" : 0.033574964864737274 , "name" : "default-best" , "score" : "0.22003798122730603" }
