{ "bi-attributes-/const" : 0.031945156988785584 , "bi-attributes-/nns" : 0.050706801618037124 , "bi-attributes-/np-part" : 0.0 , "bi-attributes-baselinetopscore" : 0.0 , "bi-categories-/const" : 0.14245032760332782 , "bi-categories-/nns" : 0.3226120612685983 , "bi-categories-/np-part" : 0.06947990417813107 , "bi-categories-baselinetopscore" : 0.02807006825010786 , "bi-names-/const" : 0.008081417959032843 , "bi-names-/nns" : 0.04854450469611715 , "bi-names-/np-part" : 0.0 , "bi-names-baselinetopscore" : -0.12006423882899084 , "bi-outgoingentitynames-/const" : 0.04224284603683615 , "bi-outgoingentitynames-/nns" : 0.0263030123238475 , "bi-outgoingentitynames-/np-part" : 0.16169462635631712 , "bi-outgoingentitynames-baselinetopscore" : 0.07473633716936186 , "bi-similarentitynames-/const" : 0.06357609761815289 , "bi-similarentitynames-/nns" : 0.031663316280051014 , "bi-similarentitynames-/np-part" : 0.0 , "bi-similarentitynames-baselinetopscore" : 0.017957760482286582 , "name" : "default-best" , "score" : "0.17777516003671348" }
