{ "bi-attributes-/const" : 0.04583310836197791 , "bi-attributes-/nns" : 0.0 , "bi-attributes-/np-part" : 0.0 , "bi-attributes-baselinetopscore" : 0.0 , "bi-categories-/const" : 0.14751413672120692 , "bi-categories-/nns" : 0.26497060080838986 , "bi-categories-/np-part" : 0.10927843828114651 , "bi-categories-baselinetopscore" : 0.049883543442965694 , "bi-names-/const" : 0.0 , "bi-names-/nns" : -0.014458311175105537 , "bi-names-/np-part" : -0.1544969415737691 , "bi-names-baselinetopscore" : 0.0 , "bi-outgoingentitynames-/const" : 0.04973856930963966 , "bi-outgoingentitynames-/nns" : 0.07296985356987984 , "bi-outgoingentitynames-/np-part" : 0.19612414804652165 , "bi-outgoingentitynames-baselinetopscore" : 0.02525542205953842 , "bi-similarentitynames-/const" : 0.05877418275228431 , "bi-similarentitynames-/nns" : 0.03819278027429131 , "bi-similarentitynames-/np-part" : 0.11042046912103252 , "bi-similarentitynames-baselinetopscore" : 0.0 , "name" : "default-best" , "score" : "0.20438505538353907" }
