{ "bi-attributes-/const" : 0.0 , "bi-attributes-/nns" : 0.0676671665271096 , "bi-attributes-/np-part" : 0.0 , "bi-attributes-baselinetopscore" : 0.08078677811865502 , "bi-categories-/const" : 0.11103240459051598 , "bi-categories-/nns" : 0.15350998476493732 , "bi-categories-/np-part" : 0.023484765651047027 , "bi-categories-baselinetopscore" : 0.0 , "bi-names-/const" : 0.03577034671745826 , "bi-names-/nns" : -0.0518396619972495 , "bi-names-/np-part" : 0.08016885569298766 , "bi-names-baselinetopscore" : 0.08563795134285496 , "bi-outgoingentitynames-/const" : 0.0 , "bi-outgoingentitynames-/nns" : 0.0 , "bi-outgoingentitynames-/np-part" : 0.0 , "bi-outgoingentitynames-baselinetopscore" : 0.0 , "bi-similarentitynames-/const" : 0.12517233926436358 , "bi-similarentitynames-/nns" : 0.15655140854700422 , "bi-similarentitynames-/np-part" : 0.061446368961757175 , "bi-similarentitynames-baselinetopscore" : 0.07061129181855876 , "name" : "default-best" , "score" : "0.3036500106392432" }
