{ "bi-attributes-/const" : 0.0 , "bi-attributes-/nns" : 0.01822415185577501 , "bi-attributes-/np-part" : 0.03704058858509326 , "bi-attributes-baselinetopscore" : 0.09751587009954205 , "bi-categories-/const" : 0.0 , "bi-categories-/nns" : 0.0 , "bi-categories-/np-part" : 0.1467794558651907 , "bi-categories-baselinetopscore" : 0.0 , "bi-names-/const" : 0.10364988447757208 , "bi-names-/nns" : 0.02770568885017337 , "bi-names-/np-part" : 0.13990279478757295 , "bi-names-baselinetopscore" : 0.0 , "bi-outgoingentitynames-/const" : 0.0 , "bi-outgoingentitynames-/nns" : -0.05147176639296267 , "bi-outgoingentitynames-/np-part" : 0.0 , "bi-outgoingentitynames-baselinetopscore" : 0.0 , "bi-similarentitynames-/const" : 0.12407040528326714 , "bi-similarentitynames-/nns" : 0.1395480118623048 , "bi-similarentitynames-/np-part" : 0.21703491472647135 , "bi-similarentitynames-baselinetopscore" : 0.0 , "name" : "default-best" , "score" : "0.33436107244780955" }
