{ "bi-attributes-/const" : 0.06075170378078502 , "bi-attributes-/nns" : 0.06075170378078502 , "bi-attributes-/np-part" : 0.0 , "bi-attributes-baselinetopscore" : 0.06075170378078502 , "bi-categories-/const" : 0.01184658223725303 , "bi-categories-/nns" : 0.10540978857169223 , "bi-categories-/np-part" : 0.10890737336903204 , "bi-categories-baselinetopscore" : 0.027486386949133756 , "bi-names-/const" : 0.12150340756157003 , "bi-names-/nns" : 0.0 , "bi-names-/np-part" : 0.06075170378078502 , "bi-names-baselinetopscore" : 0.0 , "bi-outgoingentitynames-/const" : 0.0 , "bi-outgoingentitynames-/nns" : 0.017329423503468874 , "bi-outgoingentitynames-/np-part" : 0.0 , "bi-outgoingentitynames-baselinetopscore" : 0.0 , "bi-similarentitynames-/const" : 0.12150340756157003 , "bi-similarentitynames-/nns" : 0.06075170378078502 , "bi-similarentitynames-/np-part" : 0.12150340756157003 , "bi-similarentitynames-baselinetopscore" : 0.06075170378078502 , "name" : "default-best" , "score" : "0.3470733634936701" }
