{ "bi-attributes-/const" : 0.06245080002235849 , "bi-attributes-/nns" : 0.01603418386307156 , "bi-attributes-/np-part" : 0.09204262690568844 , "bi-attributes-baselinetopscore" : 0.002421496858425829 , "bi-categories-/const" : 0.0 , "bi-categories-/nns" : 0.0155836435136295 , "bi-categories-/np-part" : 0.04978903958112251 , "bi-categories-baselinetopscore" : 0.0 , "bi-names-/const" : 0.12316043199202231 , "bi-names-/nns" : 0.049726130481268706 , "bi-names-/np-part" : 0.03593055834868719 , "bi-names-baselinetopscore" : 0.008317358196784459 , "bi-outgoingentitynames-/const" : 0.0 , "bi-outgoingentitynames-/nns" : 0.0 , "bi-outgoingentitynames-/np-part" : 0.0 , "bi-outgoingentitynames-baselinetopscore" : 0.0 , "bi-similarentitynames-/const" : 0.05030988531859493 , "bi-similarentitynames-/nns" : 0.19207966327725717 , "bi-similarentitynames-/np-part" : 0.14565130309096178 , "bi-similarentitynames-baselinetopscore" : 0.1565028785501273 , "name" : "default-best" , "score" : "0.3505515612914747" }
