{ "bi-attributes-/const" : 0.08324880955359348 , "bi-attributes-/nns" : 0.08099662847047927 , "bi-attributes-/np-part" : 0.014500313576587046 , "bi-attributes-baselinetopscore" : 0.016452697449995873 , "bi-categories-/const" : 0.03024627413973274 , "bi-categories-/nns" : 0.0 , "bi-categories-/np-part" : 0.04134222869023121 , "bi-categories-baselinetopscore" : 0.037417164080075394 , "bi-names-/const" : 0.12446056088932812 , "bi-names-/nns" : 0.0 , "bi-names-/np-part" : 0.026604240281829016 , "bi-names-baselinetopscore" : 0.04946364756139297 , "bi-outgoingentitynames-/const" : 0.0012956743719360188 , "bi-outgoingentitynames-/nns" : 0.0 , "bi-outgoingentitynames-/np-part" : 0.011174387183202834 , "bi-outgoingentitynames-baselinetopscore" : 0.0 , "bi-similarentitynames-/const" : 0.14601961342583225 , "bi-similarentitynames-/nns" : 0.1568528132401685 , "bi-similarentitynames-/np-part" : 0.11238832712283382 , "bi-similarentitynames-baselinetopscore" : 0.06753661996278144 , "name" : "default-best" , "score" : "0.3137169060778522" }
