{ "bi-/const" : 0.0511750248742321 , "bi-collectiondf" : 0.03480199861027355 , "bi-collectiontf" : -0.09622060412354358 , "name" : "default-best" , "score" : "0.11404806358018398" , "uni-/const" : 0.2605008219337716 , "uni-collectiondf" : 0.3666506188400097 , "uni-collectiontf" : 0.3830921398652567 }
