{ "bi-/const" : 0.032042706285522 , "bi-collectiondf" : 0.019054888381049982 , "bi-collectiontf" : 0.017049164390741445 , "name" : "default-best" , "score" : "0.10912268137201989" , "uni-/const" : 0.49489924615246295 , "uni-collectiondf" : 0.16521709509647386 , "uni-collectiontf" : 0.27173689969374976 }
