{ "bi-/const" : 0.05668008826169752 , "bi-collectiondf" : -0.05484415000083479 , "bi-collectiontf" : 0.025138716298184448 , "name" : "default-best" , "score" : "0.12071552650368704" , "uni-/const" : 0.37732107157473554 , "uni-collectiondf" : 0.08683849914423916 , "uni-collectiontf" : 0.508865774721978 }
