{ "bi-/const" : 0.06719355906942004 , "bi-collectiondf" : 0.1434830494280875 , "bi-collectiontf" : -0.14977115977803224 , "name" : "default-best" , "score" : "0.11667706664714646" , "uni-/const" : 0.4697223825152649 , "uni-collectiondf" : 0.24797063272611555 , "uni-collectiontf" : 0.22140153603914434 }
