{ "bi-/const" : 0.046203224777421184 , "bi-collectiondf" : 0.02408273101139923 , "bi-collectiontf" : 0.0026982538313997137 , "name" : "default-best" , "score" : "0.12656896860493394" , "uni-/const" : 0.4492085483562561 , "uni-collectiondf" : 0.1010964617402158 , "uni-collectiontf" : 0.37671078028330784 }
