{ "bi-/const" : 0.11052681309934224 , "bi-collectiondf" : 0.0 , "bi-collectiontf" : -0.054806310648474105 , "name" : "default-best" , "score" : "0.1810787315930475" , "uni-/const" : 0.5736508826837665 , "uni-collectiondf" : 0.23924803654181573 , "uni-collectiontf" : 0.13138057832354952 }
