{ "bi-/const" : 0.050149419712143865 , "bi-collectiondf" : 0.0 , "bi-collectiontf" : 0.12050140984533965 , "name" : "default-best" , "score" : "0.22387953395929203" , "uni-/const" : 0.3334567358537098 , "uni-collectiondf" : 0.14893838212288288 , "uni-collectiontf" : 0.3469540524659238 }
