{ "bi-/const" : 0.04565670219965822 , "bi-collectiondf" : -0.05540166204986149 , "bi-collectiontf" : 0.14832375836291878 , "name" : "default-best" , "score" : "0.21039468574748793" , "uni-/const" : 0.37574674984142376 , "uni-collectiondf" : 0.3568063396195758 , "uni-collectiontf" : 0.12886811202628498 }
