{ "bi-/const" : 0.05023303049534925 , "bi-collectiondf" : 0.0 , "bi-collectiontf" : 0.09638316278515162 , "name" : "default-best" , "score" : "0.19973711492400467" , "uni-/const" : 0.3561904938160455 , "uni-collectiondf" : 0.22969538198236022 , "uni-collectiontf" : 0.2674979309210932 }
