{ "bi-/const" : 0.04823731521004312 , "bi-collectiondf" : 0.0354316757692834 , "bi-collectiontf" : 0.0353488381937827 , "name" : "default-best" , "score" : "0.19286922768766757" , "uni-/const" : 0.37288778061207895 , "uni-collectiondf" : 0.24733616669469347 , "uni-collectiontf" : 0.2607582235201183 }
