{ "bi-/const" : 0.06919658007009086 , "bi-collectiondf" : 0.04081235609141415 , "bi-collectiontf" : 0.18313067996035604 , "name" : "default-best" , "score" : "0.21726324965378271" , "uni-/const" : 0.28130395912506806 , "uni-collectiondf" : 0.19028493941265465 , "uni-collectiontf" : 0.23527148534041614 }
