{ "bi-/const" : 0.0671418402686098 , "bi-collectiondf" : -0.06138688315774128 , "bi-collectiontf" : 0.09809753911193755 , "name" : "default-best" , "score" : "0.16571463003435374" , "uni-/const" : 0.28663519994549036 , "uni-collectiondf" : 0.23549156635461435 , "uni-collectiontf" : 0.37402073747708925 }
