{ "bi-/const" : 0.0 , "bi-collectiondf" : 0.18706370732514113 , "bi-collectiontf" : 0.14389515948087783 , "name" : "default-best" , "score" : "0.20894349670391285" , "uni-/const" : 0.13915989071184875 , "uni-collectiondf" : 0.19148848347917818 , "uni-collectiontf" : 0.3383927590029542 }
