{ "bi-/const" : 0.089921477223973 , "bi-collectiondf" : 0.011119953118784762 , "bi-collectiontf" : 0.009980036951350597 , "name" : "default-best" , "score" : "0.19499067305797513" , "uni-/const" : 0.25724479013690815 , "uni-collectiondf" : 0.4183087416470272 , "uni-collectiontf" : 0.21342500092195635 }
