{ "bi-/const" : 0.12178564537272642 , "bi-collectiondf" : 0.013420055470859261 , "bi-collectiontf" : 0.035664838472565914 , "name" : "default-best" , "score" : "0.18995014504151284" , "uni-/const" : 0.3527071033405058 , "uni-collectiondf" : 0.21804101980214335 , "uni-collectiontf" : 0.2583813375411991 }
