{ "bi-/const" : 0.05307475887796139 , "bi-collectiondf" : 0.2000784981454038 , "bi-collectiontf" : 0.2330978881443406 , "name" : "default-best" , "score" : "0.2509110723425557" , "uni-/const" : 0.2001633025817028 , "uni-collectiondf" : 0.31358555225059137 , "uni-collectiontf" : 0.0 }
