{ "bi-/const" : 0.12043561022524586 , "bi-collectiondf" : 0.12756757076191638 , "bi-collectiontf" : 0.39747686163303686 , "name" : "default-best" , "score" : "0.2915816061369111" , "uni-/const" : 0.267986258367804 , "uni-collectiondf" : 0.08653369901199677 , "uni-collectiontf" : 0.0 }
