{ "bi-/const" : 0.15734856733262978 , "bi-collectiondf" : 0.2835671682559294 , "bi-collectiontf" : 0.0 , "name" : "default-best" , "score" : "0.25802251213512956" , "uni-/const" : 0.350684613476437 , "uni-collectiondf" : 0.0930046220673966 , "uni-collectiontf" : 0.11539502886760723 }
