{ "bi-/const" : 0.16297450900967375 , "bi-collectiondf" : 0.12682394769553906 , "bi-collectiontf" : 0.10034818543461008 , "name" : "default-best" , "score" : "0.2709827129734861" , "uni-/const" : 0.35065226672445815 , "uni-collectiondf" : 0.11303367525046261 , "uni-collectiontf" : 0.1461674158852564 }
