{ "bi-/const" : 0.11488196868853949 , "bi-collectiondf" : 0.07622523075612919 , "bi-collectiontf" : 0.03549778152230997 , "name" : "default-best" , "score" : "0.24818939776975282" , "uni-/const" : 0.547217297305888 , "uni-collectiondf" : -0.05742603245181595 , "uni-collectiontf" : 0.28360375417894934 }
