{ "bi-attributes-fieldlikelihood" : 0.23444089521992134 , "bi-categories-fieldlikelihood" : 0.29290459346538916 , "bi-names-fieldlikelihood" : 0.06486691922746207 , "bi-outgoingentitynames-fieldlikelihood" : 0.11473647306232586 , "bi-similarentitynames-fieldlikelihood" : 0.2930511190249016 , "name" : "default-best" , "score" : "0.05623048566183001" }
