{ "bi-attributes-fieldlikelihood" : 0.237807505327584 , "bi-categories-fieldlikelihood" : 0.265992333615181 , "bi-names-fieldlikelihood" : 0.2568147122146617 , "bi-outgoingentitynames-fieldlikelihood" : 0.017144236086728146 , "bi-similarentitynames-fieldlikelihood" : 0.22224121275584524 , "name" : "default-best" , "score" : "0.055746503327458376" }
