{ "bi-attributes-fieldlikelihood" : 0.2678857340078617 , "bi-categories-fieldlikelihood" : 0.3104090439817544 , "bi-names-fieldlikelihood" : 0.21534215762359285 , "bi-outgoingentitynames-fieldlikelihood" : 0.03165058972748781 , "bi-similarentitynames-fieldlikelihood" : 0.17471247465930342 , "name" : "default-best" , "score" : "0.05276409471290332" }
