{ "bi-attributes-fieldlikelihood" : 0.3596989365474988 , "bi-categories-fieldlikelihood" : 0.45748247939028236 , "bi-names-fieldlikelihood" : 0.0 , "bi-outgoingentitynames-fieldlikelihood" : 0.09903814048045459 , "bi-similarentitynames-fieldlikelihood" : 0.08378044358176415 , "name" : "default-best" , "score" : "0.16556186879677817" }
