{ "bi-attributes-fieldlikelihood" : 0.20357015763533534 , "bi-categories-fieldlikelihood" : 0.5057125162434964 , "bi-names-fieldlikelihood" : 0.0 , "bi-outgoingentitynames-fieldlikelihood" : 0.22018814196884626 , "bi-similarentitynames-fieldlikelihood" : 0.07052918415232186 , "name" : "default-best" , "score" : "0.1609145063691108" }
