{ "bi-attributes-fieldlikelihood" : 0.2806964999585638 , "bi-categories-fieldlikelihood" : 0.4239601003814798 , "bi-names-fieldlikelihood" : 0.0 , "bi-outgoingentitynames-fieldlikelihood" : 0.2942041290872321 , "bi-similarentitynames-fieldlikelihood" : 0.0011392705727243052 , "name" : "default-best" , "score" : "0.16941619112562586" }
