{ "bi-attributes-fieldlikelihood" : 0.09792486928442351 , "bi-categories-fieldlikelihood" : 0.4408466882977731 , "bi-names-fieldlikelihood" : 0.0065971018514245 , "bi-outgoingentitynames-fieldlikelihood" : 0.2534793812682443 , "bi-similarentitynames-fieldlikelihood" : 0.20115195929813454 , "name" : "default-best" , "score" : "0.12604500561283347" }
