{ "bi-attributes-fieldlikelihood" : 0.240297513280524 , "bi-categories-fieldlikelihood" : 0.139557588166913 , "bi-names-fieldlikelihood" : 0.22891518819569548 , "bi-outgoingentitynames-fieldlikelihood" : 0.0 , "bi-similarentitynames-fieldlikelihood" : 0.3912297103568675 , "name" : "default-best" , "score" : "0.2796013257191724" }
