{ "bi-attributes-fieldlikelihood" : 0.2897661803477349 , "bi-categories-fieldlikelihood" : 0.019187276625865942 , "bi-names-fieldlikelihood" : 0.2846466982009869 , "bi-outgoingentitynames-fieldlikelihood" : 0.03253251077830922 , "bi-similarentitynames-fieldlikelihood" : 0.37386733404710293 , "name" : "default-best" , "score" : "0.3024528588862985" }
