{ "bi-attributes-fieldlikelihood" : 0.288677895251516 , "bi-categories-fieldlikelihood" : 0.02013427593036839 , "bi-names-fieldlikelihood" : 0.2525667020197883 , "bi-outgoingentitynames-fieldlikelihood" : 0.019119855915962738 , "bi-similarentitynames-fieldlikelihood" : 0.41950127088236444 , "name" : "default-best" , "score" : "0.3153677551270728" }
