{ "bi-attributes-/nnp" : 0.24968904553454138 , "bi-attributes-fieldlikelihood" : 0.08542665294597566 , "bi-categories-/nnp" : 0.0 , "bi-categories-fieldlikelihood" : 0.13785160679724467 , "bi-names-/nnp" : 0.36885506087845243 , "bi-names-fieldlikelihood" : 0.0 , "bi-outgoingentitynames-/nnp" : 0.017317805782352477 , "bi-outgoingentitynames-fieldlikelihood" : 0.04467326777743546 , "bi-similarentitynames-/nnp" : 0.0 , "bi-similarentitynames-fieldlikelihood" : 0.09618656028399786 , "name" : "default-best" , "score" : "0.061827608326579485" }
