{ "bi-attributes-/nnp" : 0.14747087558026298 , "bi-attributes-fieldlikelihood" : 0.1340789205467131 , "bi-categories-/nnp" : 0.0 , "bi-categories-fieldlikelihood" : 0.2181154771086904 , "bi-names-/nnp" : 0.26960841358413934 , "bi-names-fieldlikelihood" : 0.06051826010804458 , "bi-outgoingentitynames-/nnp" : 0.05185893423123806 , "bi-outgoingentitynames-fieldlikelihood" : 0.06389402260521132 , "bi-similarentitynames-/nnp" : 0.0 , "bi-similarentitynames-fieldlikelihood" : 0.054455096235700155 , "name" : "default-best" , "score" : "0.062358895832192285" }
