{ "bi-attributes-/nnp" : 0.10384009714125908 , "bi-attributes-fieldlikelihood" : 0.0964221951108006 , "bi-categories-/nnp" : 0.3308853893888315 , "bi-categories-fieldlikelihood" : 0.24102695335359686 , "bi-names-/nnp" : 0.0 , "bi-names-fieldlikelihood" : 0.0 , "bi-outgoingentitynames-/nnp" : 0.1485516588091904 , "bi-outgoingentitynames-fieldlikelihood" : 0.05742467395389746 , "bi-similarentitynames-/nnp" : 0.0 , "bi-similarentitynames-fieldlikelihood" : 0.02184903224242416 , "name" : "default-best" , "score" : "0.18947455005926708" }
