{ "bi-attributes-/nnp" : 0.04901744532260434 , "bi-attributes-fieldlikelihood" : 0.17443843456025088 , "bi-categories-/nnp" : 0.26983657595031185 , "bi-categories-fieldlikelihood" : 0.22894921060536974 , "bi-names-/nnp" : 0.0 , "bi-names-fieldlikelihood" : 0.0 , "bi-outgoingentitynames-/nnp" : 0.17396041984778665 , "bi-outgoingentitynames-fieldlikelihood" : 0.07287200866165179 , "bi-similarentitynames-/nnp" : 0.0 , "bi-similarentitynames-fieldlikelihood" : 0.0309259050520247 , "name" : "default-best" , "score" : "0.16601198448436155" }
