{ "bi-attributes-/nnp" : 0.12024645266366547 , "bi-attributes-fieldlikelihood" : 0.13183269000819667 , "bi-categories-/nnp" : 0.21549200548600006 , "bi-categories-fieldlikelihood" : 0.29468851730843154 , "bi-names-/nnp" : 0.0 , "bi-names-fieldlikelihood" : 0.0 , "bi-outgoingentitynames-/nnp" : 0.13810374669855474 , "bi-outgoingentitynames-fieldlikelihood" : 0.06564112933171734 , "bi-similarentitynames-/nnp" : 0.0 , "bi-similarentitynames-fieldlikelihood" : 0.03399545850343415 , "name" : "default-best" , "score" : "0.16238244095714877" }
