{ "bi-attributes-/nnp" : 0.16872567155178575 , "bi-attributes-fieldlikelihood" : 0.15439715071153723 , "bi-categories-/nnp" : 0.35475544190794 , "bi-categories-fieldlikelihood" : 0.20609756382739414 , "bi-names-/nnp" : 0.0 , "bi-names-fieldlikelihood" : 0.0 , "bi-outgoingentitynames-/nnp" : 0.0 , "bi-outgoingentitynames-fieldlikelihood" : 0.07159398142351085 , "bi-similarentitynames-/nnp" : 0.0 , "bi-similarentitynames-fieldlikelihood" : 0.04443019057783212 , "name" : "default-best" , "score" : "0.16932680411701262" }
