{ "bi-attributes-/nnp" : 0.07036851826600106 , "bi-attributes-fieldlikelihood" : 0.07124568621996438 , "bi-categories-/nnp" : 0.10622011441017404 , "bi-categories-fieldlikelihood" : 0.2705521241308338 , "bi-names-/nnp" : 0.0 , "bi-names-fieldlikelihood" : 0.0 , "bi-outgoingentitynames-/nnp" : 0.27986754230293975 , "bi-outgoingentitynames-fieldlikelihood" : 0.11968067012258238 , "bi-similarentitynames-/nnp" : 0.0 , "bi-similarentitynames-fieldlikelihood" : 0.0820653445475046 , "name" : "default-best" , "score" : "0.12455217141633572" }
