{ "bi-attributes-/nnp" : 0.14298289041497844 , "bi-attributes-fieldlikelihood" : 0.020290183956450665 , "bi-categories-/nnp" : 0.1364759575783019 , "bi-categories-fieldlikelihood" : 0.319108017683209 , "bi-names-/nnp" : 0.0 , "bi-names-fieldlikelihood" : 0.0 , "bi-outgoingentitynames-/nnp" : 0.2720050584271627 , "bi-outgoingentitynames-fieldlikelihood" : 0.08804921539147866 , "bi-similarentitynames-/nnp" : 0.0 , "bi-similarentitynames-fieldlikelihood" : 0.021088676548418565 , "name" : "default-best" , "score" : "0.12786739083164542" }
