{ "bi-attributes-/nnp" : 0.04302942021178146 , "bi-attributes-fieldlikelihood" : 0.03569528346859225 , "bi-categories-/nnp" : 0.05586657608754707 , "bi-categories-fieldlikelihood" : 0.24020297460090217 , "bi-names-/nnp" : 0.0 , "bi-names-fieldlikelihood" : 0.0 , "bi-outgoingentitynames-/nnp" : 0.30042834207935765 , "bi-outgoingentitynames-fieldlikelihood" : 0.1757185278215004 , "bi-similarentitynames-/nnp" : 0.0 , "bi-similarentitynames-fieldlikelihood" : 0.14905887573031895 , "name" : "default-best" , "score" : "0.10377583875684562" }
