{ "bi-attributes-/nnp" : 0.11343484557111616 , "bi-attributes-fieldlikelihood" : 0.12249229803070688 , "bi-categories-/nnp" : 0.08381726351953588 , "bi-categories-fieldlikelihood" : 0.05493574227494578 , "bi-names-/nnp" : 0.1105534689407566 , "bi-names-fieldlikelihood" : 0.12701564764766432 , "bi-outgoingentitynames-/nnp" : 0.0 , "bi-outgoingentitynames-fieldlikelihood" : 0.03088473289854794 , "bi-similarentitynames-/nnp" : 0.140385620555742 , "bi-similarentitynames-fieldlikelihood" : 0.2164803805609846 , "name" : "default-best" , "score" : "0.2664270869925131" }
