{ "bi-attributes-/nnp" : 0.11571486204321654 , "bi-attributes-fieldlikelihood" : 0.15290279560440329 , "bi-categories-/nnp" : 0.0537198633662635 , "bi-categories-fieldlikelihood" : 0.06367146713408847 , "bi-names-/nnp" : 0.11144770529979385 , "bi-names-fieldlikelihood" : 0.10697839200565146 , "bi-outgoingentitynames-/nnp" : 0.02825126020046054 , "bi-outgoingentitynames-fieldlikelihood" : 0.006230805672631277 , "bi-similarentitynames-/nnp" : 0.1544579651069816 , "bi-similarentitynames-fieldlikelihood" : 0.20662488356650974 , "name" : "default-best" , "score" : "0.30459274353008203" }
