{ "bi-attributes-/nnp" : 0.08066448697751395 , "bi-attributes-fieldlikelihood" : 0.16827353211192647 , "bi-categories-/nnp" : 0.0637869357432392 , "bi-categories-fieldlikelihood" : 0.06425576863040873 , "bi-names-/nnp" : 0.031073572925536305 , "bi-names-fieldlikelihood" : 0.1986216321825391 , "bi-outgoingentitynames-/nnp" : 0.0 , "bi-outgoingentitynames-fieldlikelihood" : 0.03805974730743733 , "bi-similarentitynames-/nnp" : 0.09136444074766314 , "bi-similarentitynames-fieldlikelihood" : 0.2638998833737357 , "name" : "default-best" , "score" : "0.28888927016139854" }
