{ "name" : "default-best-best" , "od-/const" : 0.15506361511081881 , "od-collectiontf" : 0.025703421539085728 , "score" : "0.14120175546219227" , "uni-/const" : 0.4314676633641355 , "uni-collectiontf" : 0.39040347436928685 , "uww-/const" : 0.05012531328320804 , "uww-collectiontf" : -0.05276348766653476 }
