{ "name" : "default-best-best" , "od-/const" : 0.05531525021187348 , "od-collectiontf" : 0.025638317038819546 , "score" : "0.1288311883890308" , "uni-/const" : 0.45438491695372013 , "uni-collectiontf" : 0.358452806343093 , "uww-/const" : 0.0606457685914527 , "uww-collectiontf" : 0.045562940861041124 }
