{ "name" : "default-best-best" , "od-/const" : 0.11231363709432535 , "od-collectiontf" : 0.0 , "score" : "0.12684843286400427" , "uni-/const" : 0.3901319713185717 , "uni-collectiontf" : 0.37430477692285397 , "uww-/const" : 0.04433570228312631 , "uww-collectiontf" : 0.07891391238112265 }
