{ "name" : "default-best-best" , "od-/const" : 0.0 , "od-collectiontf" : 0.09944029094707346 , "score" : "0.12389889795463027" , "uni-/const" : 0.47611391933969793 , "uni-collectiontf" : 0.31436350138324753 , "uww-/const" : 0.11008228832998111 , "uww-collectiontf" : 0.0 }
