{ "name" : "default-best-best" , "od-/const" : 0.0 , "od-collectiontf" : 0.21434612251158716 , "score" : "0.12455820692031987" , "uni-/const" : 0.3835177046726833 , "uni-collectiontf" : 0.4214288576506029 , "uww-/const" : 0.1588194825102446 , "uww-collectiontf" : -0.17811216734511803 }
