{ "name" : "default-best-best" , "od-/const" : 0.13724878063753024 , "od-collectiontf" : -0.05276348766653475 , "score" : "0.20723190343237086" , "uni-/const" : 0.48781783173296556 , "uni-collectiontf" : 0.4056722109850682 , "uww-/const" : 0.0 , "uww-collectiontf" : 0.022024664310970637 }
