{ "name" : "default-best-best" , "od-/const" : 0.16944703212206816 , "od-collectiontf" : -0.15841782813544267 , "score" : "0.20960508786689178" , "uni-/const" : 0.3138528493902759 , "uni-collectiontf" : 0.44394883146474035 , "uww-/const" : 0.23116911515835825 , "uww-collectiontf" : 0.0 }
