{ "name" : "default-best-best" , "od-/const" : 0.20414096769349468 , "od-collectiontf" : 0.0 , "score" : "0.237182241874707" , "uni-/const" : 0.3231422802261472 , "uni-collectiontf" : 0.31461542568165807 , "uww-/const" : 0.06633852924005973 , "uww-collectiontf" : 0.09176279715864027 }
