{ "name" : "default-best-best" , "od-/const" : 0.14702618575711174 , "od-collectiontf" : 0.0 , "score" : "0.21717525014398326" , "uni-/const" : 0.21428309325954334 , "uni-collectiontf" : 0.42698085424387844 , "uww-/const" : 0.08004879603344339 , "uww-collectiontf" : 0.1316610707060231 }
