{ "name" : "default-best-best" , "od-/const" : 0.0 , "od-collectiontf" : 0.13537803320128855 , "score" : "0.21962844363011272" , "uni-/const" : 0.24013276466797387 , "uni-collectiontf" : 0.49770008150079875 , "uww-/const" : 0.0473228986562575 , "uww-collectiontf" : 0.07946622197368126 }
