{ "name" : "default-best-best" , "od-/const" : 0.2578961604908793 , "od-collectiontf" : 0.12074985001451659 , "score" : "0.22172661051930306" , "uni-/const" : 0.39615638245574936 , "uni-collectiontf" : 0.11084604162744811 , "uww-/const" : 0.166983144358775 , "uww-collectiontf" : -0.05263157894736842 }
