{ "name" : "default-best-best" , "od-/const" : 0.23188922952383403 , "od-collectiontf" : 0.18653052887768737 , "score" : "0.2110402147050167" , "uni-/const" : 0.1280668306322195 , "uni-collectiontf" : 0.29523853922073423 , "uww-/const" : 0.13336932814754643 , "uww-collectiontf" : 0.024905543597978603 }
