{ "name" : "default-best-best" , "od-/const" : 0.13217729949476864 , "od-collectiontf" : 0.31107610961625093 , "score" : "0.25166401058841775" , "uni-/const" : 0.24861863029196288 , "uni-collectiontf" : 0.0 , "uww-/const" : 0.16835214161939097 , "uww-collectiontf" : 0.13977581897762661 }
