{ "name" : "default-best-best" , "od-/const" : 0.42134479972364985 , "od-collectiontf" : -0.06138688315774128 , "score" : "0.24163313295453287" , "uni-/const" : 0.38911280690612193 , "uni-collectiontf" : 0.12621209970343042 , "uww-/const" : 0.35904678154989816 , "uww-collectiontf" : -0.2343296047253589 }
