{ "name" : "default-best-best" , "od-/const" : 0.17221172461826295 , "od-collectiontf" : 0.32614154460800443 , "score" : "0.20457672340213207" , "uni-/const" : 0.1776481227406546 , "uni-collectiontf" : 0.17537516576481174 , "uww-/const" : 0.12448692201051371 , "uww-collectiontf" : 0.02413652025775256 }
