{ "name" : "default-best-best" , "od-/const" : 0.07700517483802224 , "od-collectiontf" : 0.12426583097911675 , "score" : "0.4239191836432526" , "uni-/const" : 0.13683520534413798 , "uni-collectiontf" : 0.31341875157766985 , "uww-/const" : 0.02625527005270245 , "uww-collectiontf" : 0.3222197672083507 }
