{ "name" : "default-best-best" , "od-/const" : 0.03837985758357949 , "od-collectiontf" : 0.04016345511587285 , "score" : "0.4098564118235394" , "uni-/const" : 0.36429636827024214 , "uni-collectiontf" : 0.31742839901213077 , "uww-/const" : 0.23973192001817475 , "uww-collectiontf" : 0.0 }
