{ "name" : "default-best-best" , "od-/const" : 0.08729664409935042 , "od-collectiontf" : 0.3524048839646629 , "score" : "0.38201846745078183" , "uni-/const" : 0.4945846926400545 , "uni-collectiontf" : -0.09811527644495506 , "uww-/const" : 0.09802293256096097 , "uww-collectiontf" : 0.06580612317992637 }
