{ "name" : "default-best-best" , "od-/const" : 0.03502169948835695 , "od-collectiontf" : -0.01120201958668254 , "score" : "0.41176484791336515" , "uni-/const" : 0.3818202752848401 , "uni-collectiontf" : 0.2014793239953005 , "uww-/const" : 0.3430514837439661 , "uww-collectiontf" : 0.049829237074218886 }
