{ "name" : "default-best-best" , "od-/const" : 0.0783909265228885 , "od-collectiontf" : 0.26671610460462003 , "score" : "0.38531149644673907" , "uni-/const" : 0.0961164052830821 , "uni-collectiontf" : 0.20932599447865538 , "uww-/const" : 0.09280126444019031 , "uww-collectiontf" : 0.2566493046705637 }
