{ "name" : "default-best-best" , "od-/const" : 0.0 , "od-/google-ngrams-word-invcount" : 0.0 , "od-bigramcfratioimp" : 0.09132375007059033 , "score" : "0.13077022865591054" , "uni-/const" : 0.3089318792620829 , "uni-/dep-leaf" : 0.05309012087199756 , "uni-/google-ngrams-word-invcount" : 0.41462211315178243 , "uww-/const" : 0.08852859992785818 , "uww-/google-ngrams-word-invcount" : 0.0 , "uww-bigramcfratioimp" : 0.04350353671568854 }
