{ "name" : "default-best-best" , "od-/const" : 0.02885769717719718 , "od-/google-ngrams-word-invcount" : 0.04237864165515929 , "od-bigramcfratioimp" : 0.03594621193237242 , "score" : "0.13379139402951695" , "uni-/const" : 0.3599216480102982 , "uni-/dep-leaf" : 0.002595628704421355 , "uni-/google-ngrams-word-invcount" : 0.303092929353433 , "uww-/const" : 0.025543284252293522 , "uww-/google-ngrams-word-invcount" : 0.036968119397118304 , "uww-bigramcfratioimp" : 0.16469583951770667 }
