{ "name" : "default-best-best" , "od-/const" : 0.026896073931652276 , "od-/google-ngrams-word-invcount" : 0.07122327183991439 , "od-bigramcfratioimp" : 0.05142492755635191 , "score" : "0.12529988201079428" , "uni-/const" : 0.34726073417137754 , "uni-/dep-leaf" : 0.0 , "uni-/google-ngrams-word-invcount" : 0.35397732381484753 , "uww-/const" : 0.07298224458353601 , "uww-/google-ngrams-word-invcount" : 0.07623542410232037 , "uww-bigramcfratioimp" : 0.0 }
