{ "name" : "default-best-best" , "od-/const" : 0.0 , "od-/google-ngrams-word-invcount" : 0.0 , "od-bigramcfratioimp" : 0.0 , "score" : "0.13599520841382867" , "uni-/const" : 0.4044082217750767 , "uni-/dep-leaf" : 0.03023927694433256 , "uni-/google-ngrams-word-invcount" : 0.3193593300448443 , "uww-/const" : 0.08002068716141687 , "uww-/google-ngrams-word-invcount" : 0.0 , "uww-bigramcfratioimp" : 0.16597248407432968 }
