{ "name" : "default-best-best" , "od-/const" : 0.12921218333215237 , "od-/google-ngrams-word-invcount" : 0.0 , "od-bigramcfratioimp" : 0.0 , "score" : "0.14173147619803905" , "uni-/const" : 0.314231845106912 , "uni-/dep-leaf" : 0.1039628910613303 , "uni-/google-ngrams-word-invcount" : 0.2508768970400228 , "uww-/const" : 0.09330718233896329 , "uww-/google-ngrams-word-invcount" : 0.0 , "uww-bigramcfratioimp" : 0.10840900112061892 }
