{ "name" : "default-best-best" , "od-/const" : 0.05926763344886638 , "od-/google-ngrams-word-invcount" : 0.020023136291520437 , "od-bigramcfratioimp" : 0.012155838589143536 , "score" : "0.22051103602359903" , "uni-/const" : 0.29318980492455443 , "uni-/dep-leaf" : 0.0 , "uni-/google-ngrams-word-invcount" : 0.3684016910632559 , "uww-/const" : 0.02865113500862289 , "uww-/google-ngrams-word-invcount" : 0.21831076067403646 , "uww-bigramcfratioimp" : 0.0 }
