{ "name" : "default-best-best" , "od-/const" : 0.011398502648320721 , "od-/google-ngrams-word-invcount" : 0.3080936986094155 , "od-bigramcfratioimp" : 0.0 , "score" : "0.24118900966390786" , "uni-/const" : 0.2879101529349651 , "uni-/dep-leaf" : 0.0 , "uni-/google-ngrams-word-invcount" : 0.20155327391830946 , "uww-/const" : 0.04943579838445304 , "uww-/google-ngrams-word-invcount" : 0.05156129910395324 , "uww-bigramcfratioimp" : 0.09004727440058302 }
