{ "name" : "default-best-best" , "od-/const" : 0.0 , "od-/google-ngrams-word-invcount" : 0.05012531328320802 , "od-bigramcfratioimp" : 0.043401814662836075 , "score" : "0.20260567761094408" , "uni-/const" : 0.32906703263079423 , "uni-/dep-leaf" : 0.0 , "uni-/google-ngrams-word-invcount" : 0.22249186286230047 , "uww-/const" : 0.014439169575789963 , "uww-/google-ngrams-word-invcount" : 0.2578528068307838 , "uww-bigramcfratioimp" : 0.08262200015428735 }
