{ "name" : "default-best-best" , "od-/const" : 0.16084136434223714 , "od-/google-ngrams-word-invcount" : 8.822507817294883E-4 , "od-bigramcfratioimp" : 0.0051999242748003585 , "score" : "0.2137700160757162" , "uni-/const" : 0.42054541903877174 , "uni-/dep-leaf" : 0.0 , "uni-/google-ngrams-word-invcount" : 0.12308055071785225 , "uww-/const" : 0.06684152088334326 , "uww-/google-ngrams-word-invcount" : 0.22260896996126572 , "uww-bigramcfratioimp" : 0.0 }
