{ "name" : "default-best-best" , "od-/const" : 0.07973870721815 , "od-/google-ngrams-word-invcount" : 0.057525501391293726 , "od-bigramcfratioimp" : 0.04702737472670949 , "score" : "0.20592353308317526" , "uni-/const" : 0.2838509030204285 , "uni-/dep-leaf" : 0.009429418121301781 , "uni-/google-ngrams-word-invcount" : 0.20011355323253133 , "uww-/const" : 0.18316977468149812 , "uww-/google-ngrams-word-invcount" : 0.13914476760808694 , "uww-bigramcfratioimp" : 0.0 }
