{ "name" : "default-best-best" , "od-/const" : 0.0665006635578807 , "od-/google-ngrams-word-invcount" : 0.1874704615686584 , "od-bigramcfratioimp" : 0.04761904761904762 , "score" : "0.2273273377616251" , "uni-/const" : 0.26363808585721105 , "uni-/dep-leaf" : 0.028313958055880238 , "uni-/google-ngrams-word-invcount" : 0.19136978906981894 , "uww-/const" : 0.1250138339634505 , "uww-/google-ngrams-word-invcount" : 0.0 , "uww-bigramcfratioimp" : 0.09007416030805257 }
