{ "name" : "default-best-best" , "od-/const" : 0.22034837052904566 , "od-/google-ngrams-word-invcount" : 0.09313108415099228 , "od-bigramcfratioimp" : 0.08625063571129571 , "score" : "0.2536422269074011" , "uni-/const" : 0.28069338877747885 , "uni-/dep-leaf" : 0.0 , "uni-/google-ngrams-word-invcount" : 0.09977070190717566 , "uww-/const" : 0.09360755289266233 , "uww-/google-ngrams-word-invcount" : 0.036084412890199806 , "uww-bigramcfratioimp" : 0.09011385314114984 }
