{ "name" : "default-best-best" , "od-/const" : 0.1733241685007345 , "od-/google-ngrams-word-invcount" : 0.06140261255043732 , "od-bigramcfratioimp" : 0.06052629670928472 , "score" : "0.25054768347774264" , "uni-/const" : 0.17559114128233969 , "uni-/dep-leaf" : 0.0 , "uni-/google-ngrams-word-invcount" : 0.06641267486386974 , "uww-/const" : 0.11953390931085137 , "uww-/google-ngrams-word-invcount" : 0.2320702083170616 , "uww-bigramcfratioimp" : 0.11113898846542114 }
