{ "name" : "default-best-best" , "od-/const" : 0.09143183171001158 , "od-/google-ngrams-word-invcount" : 0.1318320425982712 , "od-bigramcfratioimp" : 0.2219791908092869 , "score" : "0.20806669352045196" , "uni-/const" : 0.33560450255056834 , "uni-/dep-leaf" : 0.0 , "uni-/google-ngrams-word-invcount" : 0.0451311646579113 , "uww-/const" : 0.05028798245123231 , "uww-/google-ngrams-word-invcount" : 0.12373328522271843 , "uww-bigramcfratioimp" : 0.0 }
