{ "name" : "default-best-best" , "od-/const" : 0.16037605747618205 , "od-/google-ngrams-word-invcount" : 0.025503092229982906 , "od-bigramcfratioimp" : 0.13192643740369364 , "score" : "0.2079321802607835" , "uni-/const" : 0.30616100621272274 , "uni-/dep-leaf" : 0.08467022465466412 , "uni-/google-ngrams-word-invcount" : 0.10275046771624988 , "uww-/const" : 0.03991484525844814 , "uww-/google-ngrams-word-invcount" : 0.0271816811527522 , "uww-bigramcfratioimp" : 0.12151618789530431 }
