{ "name" : "default-best-best" , "od-/const" : 0.10244972913240549 , "od-/google-ngrams-word-invcount" : 0.01610471215534004 , "od-bigramcfratioimp" : 0.14550054437626483 , "score" : "0.38501340280017016" , "uni-/const" : 0.32118648592569005 , "uni-/dep-leaf" : 0.0 , "uni-/google-ngrams-word-invcount" : 0.0666771207627251 , "uww-/const" : 0.17509887128683632 , "uww-/google-ngrams-word-invcount" : 0.17298253636073824 , "uww-bigramcfratioimp" : 0.0 }
