{ "name" : "default-best-best" , "od-/const" : 0.03074495748715347 , "od-/google-ngrams-word-invcount" : 0.031539719513616095 , "od-bigramcfratioimp" : 0.0 , "score" : "0.41992727736869784" , "uni-/const" : 0.33970544829385196 , "uni-/dep-leaf" : 0.041267815507513475 , "uni-/google-ngrams-word-invcount" : 0.1651434086525098 , "uww-/const" : 0.15083201055681814 , "uww-/google-ngrams-word-invcount" : 0.1539696346126011 , "uww-bigramcfratioimp" : 0.08679700537593601 }
