{ "name" : "default-best-best" , "od-/const" : 0.11523847800185325 , "od-/google-ngrams-word-invcount" : 0.0 , "od-bigramcfratioimp" : 0.0029683955702018553 , "score" : "0.43026395324357875" , "uni-/const" : 0.268705818330852 , "uni-/dep-leaf" : 0.04096515085780622 , "uni-/google-ngrams-word-invcount" : 0.2415145235988872 , "uww-/const" : 0.03642724415579603 , "uww-/google-ngrams-word-invcount" : 0.29418038948460357 , "uww-bigramcfratioimp" : 0.0 }
