{ "name" : "default-best-best" , "od-/const" : 0.11748932711198556 , "od-/google-ngrams-word-invcount" : 0.03857730564660973 , "od-bigramcfratioimp" : 0.026648786619473872 , "score" : "0.39054297987954556" , "uni-/const" : 0.34280395209999587 , "uni-/dep-leaf" : 0.11866778751025467 , "uni-/google-ngrams-word-invcount" : 0.06309551461563155 , "uww-/const" : 0.14067932742032144 , "uww-/google-ngrams-word-invcount" : 0.05986859145038647 , "uww-bigramcfratioimp" : 0.09216940752534086 }
