{ "name" : "default-best-best" , "od-/const" : 0.028770744890598873 , "od-/google-ngrams-word-invcount" : 0.02837239033708304 , "od-bigramcfratioimp" : 0.0 , "score" : "0.408571536755959" , "uni-/const" : 0.2386238001491932 , "uni-/dep-leaf" : 0.057159287787533944 , "uni-/google-ngrams-word-invcount" : 0.23879622635139253 , "uww-/const" : 0.16982574547169882 , "uww-/google-ngrams-word-invcount" : 0.23845180501249955 , "uww-bigramcfratioimp" : 0.0 }
