{ "bi-attributes-/nns" : 0.12957572006703022 , "bi-attributes-/np-part" : 0.03732712827250644 , "bi-attributes-baselinetopscore" : 0.0 , "bi-attributes-fieldlikelihood" : 0.0 , "bi-categories-/nns" : 0.07958711077001623 , "bi-categories-/np-part" : 0.04824214139264131 , "bi-categories-baselinetopscore" : 0.047355807496059776 , "bi-categories-fieldlikelihood" : 0.023524725575298333 , "bi-names-/nns" : 0.11256958110793248 , "bi-names-/np-part" : 0.09987057278967063 , "bi-names-baselinetopscore" : 0.06809815413526948 , "bi-names-fieldlikelihood" : 0.038389355189950555 , "bi-outgoingentitynames-/nns" : 0.0 , "bi-outgoingentitynames-/np-part" : 0.0 , "bi-outgoingentitynames-baselinetopscore" : 0.0 , "bi-outgoingentitynames-fieldlikelihood" : 0.03270113874116912 , "bi-similarentitynames-/nns" : 0.12070088873159938 , "bi-similarentitynames-/np-part" : 0.1620576757308562 , "bi-similarentitynames-baselinetopscore" : 0.0 , "bi-similarentitynames-fieldlikelihood" : 0.0 , "name" : "default-best" , "score" : "0.18519617016993264" }
