{ "bi-attributes-/nns" : 3.1882399104126634E-4 , "bi-attributes-/np-part" : 0.060218668776082084 , "bi-attributes-baselinetopscore" : 0.0018234812568600509 , "bi-attributes-fieldlikelihood" : 0.0 , "bi-categories-/nns" : 0.055342151813166846 , "bi-categories-/np-part" : 0.10646540701224196 , "bi-categories-baselinetopscore" : 0.03611454995900941 , "bi-categories-fieldlikelihood" : 0.0809304232755922 , "bi-names-/nns" : 0.058991005729072905 , "bi-names-/np-part" : 0.1273540396155137 , "bi-names-baselinetopscore" : 0.07496331390781658 , "bi-names-fieldlikelihood" : 0.08610413161253029 , "bi-outgoingentitynames-/nns" : 0.007276556320850669 , "bi-outgoingentitynames-/np-part" : 0.0 , "bi-outgoingentitynames-baselinetopscore" : 0.0 , "bi-outgoingentitynames-fieldlikelihood" : 0.030417795779435496 , "bi-similarentitynames-/nns" : 0.019809907190760413 , "bi-similarentitynames-/np-part" : 0.1820693060816581 , "bi-similarentitynames-baselinetopscore" : 0.06556838327522657 , "bi-similarentitynames-fieldlikelihood" : 0.006232054403141539 , "name" : "default-best" , "score" : "0.19153698782535827" }
