{ "bi-attributes-/nns" : 0.0 , "bi-attributes-/np-part" : 0.0 , "bi-attributes-baselinetopscore" : 0.0 , "bi-attributes-fieldlikelihood" : 0.0 , "bi-categories-/nns" : 0.12699883722330058 , "bi-categories-/np-part" : 0.04019205192724753 , "bi-categories-baselinetopscore" : 0.03015320353322798 , "bi-categories-fieldlikelihood" : 0.0 , "bi-names-/nns" : 0.0 , "bi-names-/np-part" : 0.132649354030814 , "bi-names-baselinetopscore" : 0.17011275774459828 , "bi-names-fieldlikelihood" : 0.10333965495202663 , "bi-outgoingentitynames-/nns" : 0.12171730696412371 , "bi-outgoingentitynames-/np-part" : 0.0 , "bi-outgoingentitynames-baselinetopscore" : 0.0 , "bi-outgoingentitynames-fieldlikelihood" : 0.0 , "bi-similarentitynames-/nns" : 0.1311762912581289 , "bi-similarentitynames-/np-part" : 0.11118038718864472 , "bi-similarentitynames-baselinetopscore" : 0.016201910057461855 , "bi-similarentitynames-fieldlikelihood" : 0.016278245120425777 , "name" : "default-best" , "score" : "0.17711766308671412" }
