{ "bi-attributes-/nns" : 0.07168811836406658 , "bi-attributes-/np-part" : 0.0 , "bi-attributes-baselinetopscore" : 0.06276412052407959 , "bi-attributes-fieldlikelihood" : 0.0 , "bi-categories-/nns" : 0.11058778731268888 , "bi-categories-/np-part" : 0.0 , "bi-categories-baselinetopscore" : 0.10811559444698209 , "bi-categories-fieldlikelihood" : 0.015211794072062579 , "bi-names-/nns" : 0.2146701424383013 , "bi-names-/np-part" : 0.06276412052407959 , "bi-names-baselinetopscore" : 0.16459100699687845 , "bi-names-fieldlikelihood" : 0.07202440527738392 , "bi-outgoingentitynames-/nns" : 0.0 , "bi-outgoingentitynames-/np-part" : 0.006871925873455531 , "bi-outgoingentitynames-baselinetopscore" : 0.0 , "bi-outgoingentitynames-fieldlikelihood" : 0.06276412052407959 , "bi-similarentitynames-/nns" : 0.013858961384220794 , "bi-similarentitynames-/np-part" : 0.0 , "bi-similarentitynames-baselinetopscore" : 0.021778535095294586 , "bi-similarentitynames-fieldlikelihood" : 0.012309367166426494 , "name" : "default-best" , "score" : "0.1584679591981479" }
