{ "bi-attributes-/nns" : 0.0 , "bi-attributes-/np-part" : 0.04783539167993297 , "bi-attributes-baselinetopscore" : 0.0 , "bi-attributes-fieldlikelihood" : 0.0 , "bi-categories-/nns" : 0.0 , "bi-categories-/np-part" : 0.0 , "bi-categories-baselinetopscore" : 0.13039739234795192 , "bi-categories-fieldlikelihood" : 0.005843797571878849 , "bi-names-/nns" : 0.04873818494198652 , "bi-names-/np-part" : 0.07931256695817922 , "bi-names-baselinetopscore" : 0.07830201329424842 , "bi-names-fieldlikelihood" : 0.10835337616766616 , "bi-outgoingentitynames-/nns" : 0.0 , "bi-outgoingentitynames-/np-part" : 0.0 , "bi-outgoingentitynames-baselinetopscore" : 0.0 , "bi-outgoingentitynames-fieldlikelihood" : 0.06309647177762226 , "bi-similarentitynames-/nns" : 0.2380446380994663 , "bi-similarentitynames-/np-part" : 0.18318622232088125 , "bi-similarentitynames-baselinetopscore" : 0.016889944840186185 , "bi-similarentitynames-fieldlikelihood" : 0.0 , "name" : "default-best" , "score" : "0.17685806125349499" }
