{ "bi-attributes-/nns" : 0.026838750200737005 , "bi-attributes-/np-part" : 0.036735892836616886 , "bi-attributes-baselinetopscore" : 0.039391304568942236 , "bi-attributes-fieldlikelihood" : 0.0 , "bi-categories-/nns" : 0.0 , "bi-categories-/np-part" : 0.0 , "bi-categories-baselinetopscore" : 0.06848865389108369 , "bi-categories-fieldlikelihood" : 0.01880491107087446 , "bi-names-/nns" : 0.21306707491187393 , "bi-names-/np-part" : 0.1303132521462783 , "bi-names-baselinetopscore" : 0.14662465742793396 , "bi-names-fieldlikelihood" : 0.0 , "bi-outgoingentitynames-/nns" : 0.0 , "bi-outgoingentitynames-/np-part" : 0.0 , "bi-outgoingentitynames-baselinetopscore" : 0.0132792687837118 , "bi-outgoingentitynames-fieldlikelihood" : 0.007568688077284489 , "bi-similarentitynames-/nns" : 0.1974610507637719 , "bi-similarentitynames-/np-part" : 0.03620931588430928 , "bi-similarentitynames-baselinetopscore" : 0.06521717943658209 , "bi-similarentitynames-fieldlikelihood" : 0.0 , "name" : "default-best" , "score" : "0.1551847512953133" }
