{ "bi-attributes-/nns" : 0.0 , "bi-attributes-/np-part" : 0.0 , "bi-attributes-baselinetopscore" : 0.0 , "bi-attributes-fieldlikelihood" : 0.0 , "bi-categories-/nns" : 0.17562690309354378 , "bi-categories-/np-part" : 0.0 , "bi-categories-baselinetopscore" : 0.0 , "bi-categories-fieldlikelihood" : 0.04701356709226166 , "bi-names-/nns" : 0.03299154108644613 , "bi-names-/np-part" : 0.16920782416895294 , "bi-names-baselinetopscore" : 0.10808922451028394 , "bi-names-fieldlikelihood" : 0.07848539317347573 , "bi-outgoingentitynames-/nns" : 0.1349461038570524 , "bi-outgoingentitynames-/np-part" : 0.0 , "bi-outgoingentitynames-baselinetopscore" : 0.0 , "bi-outgoingentitynames-fieldlikelihood" : 0.0 , "bi-similarentitynames-/nns" : 0.055118675769265525 , "bi-similarentitynames-/np-part" : 0.161006006592791 , "bi-similarentitynames-baselinetopscore" : 0.02424379196866083 , "bi-similarentitynames-fieldlikelihood" : 0.01327096868726601 , "name" : "default-best" , "score" : "0.18935965586009204" }
