{ "bi-attributes-/nns" : 0.17637593850011668 , "bi-attributes-/np-part" : 0.025044987408873388 , "bi-attributes-baselinetopscore" : 0.0373797483157459 , "bi-attributes-fieldlikelihood" : 0.045351473922902494 , "bi-categories-/nns" : 0.20678087310476503 , "bi-categories-/np-part" : 0.0 , "bi-categories-baselinetopscore" : 0.14251865143235293 , "bi-categories-fieldlikelihood" : 0.09289001451342177 , "bi-names-/nns" : 0.0 , "bi-names-/np-part" : 0.0 , "bi-names-baselinetopscore" : 0.026827301429970928 , "bi-names-fieldlikelihood" : 0.05019730908330289 , "bi-outgoingentitynames-/nns" : 0.03873226895133798 , "bi-outgoingentitynames-/np-part" : 0.0 , "bi-outgoingentitynames-baselinetopscore" : 0.042198489264399196 , "bi-outgoingentitynames-fieldlikelihood" : 0.06808389645376316 , "bi-similarentitynames-/nns" : 0.0 , "bi-similarentitynames-/np-part" : 0.0 , "bi-similarentitynames-baselinetopscore" : 0.0 , "bi-similarentitynames-fieldlikelihood" : 0.04761904761904763 , "name" : "default-best" , "score" : "0.12125414008883814" }
