{ "bi-attributes-/nns" : 0.15870705234620697 , "bi-attributes-/np-part" : 0.06002046479903469 , "bi-attributes-baselinetopscore" : 0.042016120376019414 , "bi-attributes-fieldlikelihood" : 0.03789180652492633 , "bi-categories-/nns" : 0.10114299028115696 , "bi-categories-/np-part" : 0.024860326633708157 , "bi-categories-baselinetopscore" : 0.21638828417201345 , "bi-categories-fieldlikelihood" : 0.06308526532814718 , "bi-names-/nns" : 0.0 , "bi-names-/np-part" : 0.048408908259334645 , "bi-names-baselinetopscore" : 0.0 , "bi-names-fieldlikelihood" : 0.01924171393930687 , "bi-outgoingentitynames-/nns" : 0.010127176078936519 , "bi-outgoingentitynames-/np-part" : 0.029354323551614304 , "bi-outgoingentitynames-baselinetopscore" : 0.04771565250456112 , "bi-outgoingentitynames-fieldlikelihood" : 0.06806992058241748 , "bi-similarentitynames-/nns" : 0.05090299392424059 , "bi-similarentitynames-/np-part" : 0.02206700069837543 , "bi-similarentitynames-baselinetopscore" : 0.0 , "bi-similarentitynames-fieldlikelihood" : 0.0 , "name" : "default-best" , "score" : "0.12369518663551786" }
