{ "bi-attributes-/nns" : 0.1373658788471761 , "bi-attributes-/np-part" : 0.09563103510757423 , "bi-attributes-baselinetopscore" : 0.017301590751914623 , "bi-attributes-fieldlikelihood" : 0.0 , "bi-categories-/nns" : 0.06836849350613762 , "bi-categories-/np-part" : 0.010006373646389018 , "bi-categories-baselinetopscore" : 0.17465041385870916 , "bi-categories-fieldlikelihood" : 0.1319534445650358 , "bi-names-/nns" : 0.05226511610537356 , "bi-names-/np-part" : 0.05011917696397864 , "bi-names-baselinetopscore" : 0.0 , "bi-names-fieldlikelihood" : 0.03514284456737057 , "bi-outgoingentitynames-/nns" : 0.0 , "bi-outgoingentitynames-/np-part" : 0.1182037827689557 , "bi-outgoingentitynames-baselinetopscore" : 0.0 , "bi-outgoingentitynames-fieldlikelihood" : 0.09242904264144315 , "bi-similarentitynames-/nns" : 0.0 , "bi-similarentitynames-/np-part" : 0.01656280666994191 , "bi-similarentitynames-baselinetopscore" : 0.0 , "bi-similarentitynames-fieldlikelihood" : 0.0 , "name" : "default-best" , "score" : "0.1275556651626268" }
