{ "bi-attributes-/nns" : 0.0955340650470579 , "bi-attributes-/np-part" : 0.21529308120323126 , "bi-attributes-baselinetopscore" : 0.04661034819269506 , "bi-attributes-fieldlikelihood" : 0.0 , "bi-categories-/nns" : 0.18714590040980608 , "bi-categories-/np-part" : 0.025485844242951475 , "bi-categories-baselinetopscore" : 0.08895043891277005 , "bi-categories-fieldlikelihood" : 0.022633702870294866 , "bi-names-/nns" : 0.0 , "bi-names-/np-part" : 0.0 , "bi-names-baselinetopscore" : 0.0 , "bi-names-fieldlikelihood" : 0.011423034929423953 , "bi-outgoingentitynames-/nns" : 0.0037124533053398377 , "bi-outgoingentitynames-/np-part" : 0.026862396594757715 , "bi-outgoingentitynames-baselinetopscore" : 0.040103883874825795 , "bi-outgoingentitynames-fieldlikelihood" : 0.048387403849004695 , "bi-similarentitynames-/nns" : 0.13713700254829506 , "bi-similarentitynames-/np-part" : 0.009321401931445518 , "bi-similarentitynames-baselinetopscore" : 0.01011956874975161 , "bi-similarentitynames-fieldlikelihood" : 0.03127947333834913 , "name" : "default-best" , "score" : "0.126560562954646" }
