{ "bi-attributes-/nns" : 0.18738874373861908 , "bi-attributes-/np-part" : 0.0 , "bi-attributes-baselinetopscore" : 0.11216503738327412 , "bi-attributes-fieldlikelihood" : 0.0 , "bi-categories-/nns" : 0.18866224234524615 , "bi-categories-/np-part" : 0.0 , "bi-categories-baselinetopscore" : 0.12834847458811896 , "bi-categories-fieldlikelihood" : 0.10799858974337005 , "bi-names-/nns" : 0.08089663291158955 , "bi-names-/np-part" : 0.04479355268722863 , "bi-names-baselinetopscore" : 0.0 , "bi-names-fieldlikelihood" : 0.0 , "bi-outgoingentitynames-/nns" : 0.0 , "bi-outgoingentitynames-/np-part" : 0.0 , "bi-outgoingentitynames-baselinetopscore" : 0.09217374815942636 , "bi-outgoingentitynames-fieldlikelihood" : 0.03148607615158018 , "bi-similarentitynames-/nns" : 0.011039301112391636 , "bi-similarentitynames-/np-part" : 0.015047601179155401 , "bi-similarentitynames-baselinetopscore" : 0.0 , "bi-similarentitynames-fieldlikelihood" : 0.0 , "name" : "default-best" , "score" : "0.12392826305266265" }
