{ "bi-attributes-/const" : 0.15843436009642814 , "bi-attributes-baselinetopscore" : 0.16093630269961756 , "bi-categories-/const" : 0.15830233146301445 , "bi-categories-baselinetopscore" : 0.15803926358575873 , "bi-names-/const" : 0.050170880697202234 , "bi-names-baselinetopscore" : 0.15790822269362173 , "bi-outgoingentitynames-/const" : 0.0 , "bi-outgoingentitynames-baselinetopscore" : 0.0 , "bi-similarentitynames-/const" : 0.05058573203340514 , "bi-similarentitynames-baselinetopscore" : 0.1056229067309521 , "name" : "default-best" , "score" : "0.08994227635684991" }
