{ "bi-attributes-/const" : 0.09978020984589632 , "bi-attributes-baselinetopscore" : 0.21302349389015915 , "bi-categories-/const" : 0.09516223856962228 , "bi-categories-baselinetopscore" : 0.33946746813307516 , "bi-names-/const" : 0.04377228519912421 , "bi-names-baselinetopscore" : 0.07584488644717902 , "bi-outgoingentitynames-/const" : 0.0 , "bi-outgoingentitynames-baselinetopscore" : 0.0230602850226254 , "bi-similarentitynames-/const" : 0.06305315505223236 , "bi-similarentitynames-baselinetopscore" : 0.046835977840086064 , "name" : "default-best" , "score" : "0.08467148696695852" }
