{ "bi-attributes-/const" : 0.08557083064130196 , "bi-attributes-baselinetopscore" : 0.22656111779685967 , "bi-categories-/const" : 0.10909457859062922 , "bi-categories-baselinetopscore" : 0.2904806433738235 , "bi-names-/const" : 0.1207083558790493 , "bi-names-baselinetopscore" : 0.0 , "bi-outgoingentitynames-/const" : -0.049284246164001656 , "bi-outgoingentitynames-baselinetopscore" : 0.13134086483233331 , "bi-similarentitynames-/const" : 0.08552785505000479 , "bi-similarentitynames-baselinetopscore" : 0.0 , "name" : "default-best" , "score" : "0.07600905007314726" }
