{ "bi-attributes-/const" : 0.1937643155944388 , "bi-attributes-baselinetopscore" : 0.11744759152652576 , "bi-categories-/const" : 0.19725240546063885 , "bi-categories-baselinetopscore" : 0.10261160494981889 , "bi-names-/const" : 0.1476025964750736 , "bi-names-baselinetopscore" : 0.10056109672056732 , "bi-outgoingentitynames-/const" : -0.05025094063479503 , "bi-outgoingentitynames-baselinetopscore" : 0.050584961549293726 , "bi-similarentitynames-/const" : 0.14042636835843816 , "bi-similarentitynames-baselinetopscore" : 0.0 , "name" : "default-best" , "score" : "0.09583741000509062" }
