{ "bi-attributes-/const" : 0.13113805121294925 , "bi-attributes-baselinetopscore" : 0.1679402722603873 , "bi-categories-/const" : 0.20251738615696424 , "bi-categories-baselinetopscore" : 0.08369576022770141 , "bi-names-/const" : 0.17105864572211746 , "bi-names-baselinetopscore" : 0.00952855401891666 , "bi-outgoingentitynames-/const" : 0.0 , "bi-outgoingentitynames-baselinetopscore" : 0.0849667233420997 , "bi-similarentitynames-/const" : 0.10173788389866967 , "bi-similarentitynames-baselinetopscore" : 0.04741672316019449 , "name" : "default-best" , "score" : "0.0854994965233169" }
