{ "bi-attributes-/const" : 0.1427378703191717 , "bi-attributes-baselinetopscore" : 0.13669657548309455 , "bi-categories-/const" : 0.2667736558082159 , "bi-categories-baselinetopscore" : 0.15805872334926901 , "bi-names-/const" : -0.05012531328320803 , "bi-names-baselinetopscore" : 0.0 , "bi-outgoingentitynames-/const" : 0.1215021073719527 , "bi-outgoingentitynames-baselinetopscore" : 0.1530814744171772 , "bi-similarentitynames-/const" : 0.0 , "bi-similarentitynames-baselinetopscore" : 0.07127490653432694 , "name" : "default-best" , "score" : "0.18143468935618542" }
