{ "bi-attributes-/const" : 0.0969884450644422 , "bi-attributes-baselinetopscore" : 0.26830374133806423 , "bi-categories-/const" : 0.23383213556310503 , "bi-categories-baselinetopscore" : 0.20095138614513333 , "bi-names-/const" : 0.0 , "bi-names-baselinetopscore" : -0.05540166204986149 , "bi-outgoingentitynames-/const" : 0.20619619102298456 , "bi-outgoingentitynames-baselinetopscore" : 0.08057888417033301 , "bi-similarentitynames-/const" : 0.08919921268156807 , "bi-similarentitynames-baselinetopscore" : -0.12064833393576889 , "name" : "default-best" , "score" : "0.19201943263810592" }
