{ "bi-attributes-/const" : 0.09956988882467983 , "bi-attributes-baselinetopscore" : 0.21912547764875603 , "bi-categories-/const" : 0.1543964341715186 , "bi-categories-baselinetopscore" : 0.2830139978797381 , "bi-names-/const" : -0.0554016620498615 , "bi-names-baselinetopscore" : 0.0 , "bi-outgoingentitynames-/const" : 0.18249554753205988 , "bi-outgoingentitynames-baselinetopscore" : 0.07301499401360352 , "bi-similarentitynames-/const" : 0.04378532197950546 , "bi-similarentitynames-baselinetopscore" : 0.0 , "name" : "default-best" , "score" : "0.21346579666331583" }
