{ "bi-attributes-/const" : 0.0518076752975097 , "bi-attributes-baselinetopscore" : 0.2137296822056565 , "bi-categories-/const" : 0.24503938930835423 , "bi-categories-baselinetopscore" : 0.2236327703099179 , "bi-names-/const" : -0.06009778943411357 , "bi-names-baselinetopscore" : 0.0 , "bi-outgoingentitynames-/const" : 0.21946537664720014 , "bi-outgoingentitynames-baselinetopscore" : 0.01387512396537919 , "bi-similarentitynames-/const" : -0.051526342216073114 , "bi-similarentitynames-baselinetopscore" : 0.14407411391616912 , "name" : "default-best" , "score" : "0.18633332612302986" }
