{ "bi-attributes-/const" : 0.18579949748513058 , "bi-attributes-baselinetopscore" : 0.16494183346375949 , "bi-categories-/const" : 0.22901209764911046 , "bi-categories-baselinetopscore" : 0.210785869586799 , "bi-names-/const" : 0.0 , "bi-names-baselinetopscore" : -0.058317538999854215 , "bi-outgoingentitynames-/const" : 0.27562377700459006 , "bi-outgoingentitynames-baselinetopscore" : -0.05263157894736842 , "bi-similarentitynames-/const" : 0.04478604275783303 , "bi-similarentitynames-baselinetopscore" : 0.0 , "name" : "default-best" , "score" : "0.19194014377149257" }
