{ "bi-attributes-/const" : 0.0 , "bi-attributes-baselinetopscore" : 0.11537913838436091 , "bi-categories-/const" : 0.29694257928072976 , "bi-categories-baselinetopscore" : 0.19753674119073106 , "bi-names-/const" : -0.05025094063479503 , "bi-names-baselinetopscore" : 0.0 , "bi-outgoingentitynames-/const" : 0.1579959666447701 , "bi-outgoingentitynames-baselinetopscore" : 0.0887117427947109 , "bi-similarentitynames-/const" : 0.07821567279123985 , "bi-similarentitynames-baselinetopscore" : 0.11546909954825255 , "name" : "default-best" , "score" : "0.20471696280532006" }
