{ "bi-attributes-/const" : 0.0516348411419163 , "bi-attributes-baselinetopscore" : 0.0918562660371584 , "bi-categories-/const" : 0.20540683767139323 , "bi-categories-baselinetopscore" : 0.2222061603287659 , "bi-names-/const" : 0.0 , "bi-names-baselinetopscore" : -0.05911056181688012 , "bi-outgoingentitynames-/const" : 0.13826024557782807 , "bi-outgoingentitynames-baselinetopscore" : 0.20257291679850145 , "bi-similarentitynames-/const" : 0.01909407799990648 , "bi-similarentitynames-baselinetopscore" : 0.12807921626141028 , "name" : "default-best" , "score" : "0.20657481165970598" }
