{ "bi-attributes-/const" : 0.0478640237714481 , "bi-attributes-baselinetopscore" : 0.04152637367224118 , "bi-categories-/const" : 0.20452744245724913 , "bi-categories-baselinetopscore" : 0.3506041889334845 , "bi-names-/const" : 0.0 , "bi-names-baselinetopscore" : -0.10062845397684189 , "bi-outgoingentitynames-/const" : 0.1533622532391176 , "bi-outgoingentitynames-baselinetopscore" : 0.10587920255451054 , "bi-similarentitynames-/const" : 0.04634992566919457 , "bi-similarentitynames-baselinetopscore" : 0.15051504367959634 , "name" : "default-best" , "score" : "0.16974326543223758" }
