{ "bi-attributes-/const" : 0.050204240715856295 , "bi-attributes-baselinetopscore" : 0.11449864115345637 , "bi-categories-/const" : 0.3600102172856846 , "bi-categories-baselinetopscore" : 0.13413726937092735 , "bi-names-/const" : 0.021684771619167657 , "bi-names-baselinetopscore" : -0.12426409122385525 , "bi-outgoingentitynames-/const" : 0.2591760819459838 , "bi-outgoingentitynames-baselinetopscore" : 0.0 , "bi-similarentitynames-/const" : -0.1089046673362587 , "bi-similarentitynames-baselinetopscore" : 0.2934575364690379 , "name" : "default-best" , "score" : "0.19600979223288456" }
