{ "bi-attributes-/const" : 0.11822815673234013 , "bi-attributes-baselinetopscore" : 0.056622734976417656 , "bi-categories-/const" : 0.23584449845807673 , "bi-categories-baselinetopscore" : 0.2859857318622534 , "bi-names-/const" : 0.0 , "bi-names-baselinetopscore" : -0.10830400099972924 , "bi-outgoingentitynames-/const" : 0.17409287899898956 , "bi-outgoingentitynames-baselinetopscore" : 0.12471065615114174 , "bi-similarentitynames-/const" : 0.05305488533363766 , "bi-similarentitynames-baselinetopscore" : 0.05976445848687226 , "name" : "default-best" , "score" : "0.18171423715082918" }
