{ "bi-attributes-/const" : 0.080448565063089 , "bi-attributes-baselinetopscore" : 0.038836061936751626 , "bi-categories-/const" : 0.16855831349406933 , "bi-categories-baselinetopscore" : 0.047619047619047616 , "bi-names-/const" : 0.13897625596438282 , "bi-names-baselinetopscore" : 0.15178335401600518 , "bi-outgoingentitynames-/const" : 0.0 , "bi-outgoingentitynames-baselinetopscore" : 0.0 , "bi-similarentitynames-/const" : 0.19911170622568652 , "bi-similarentitynames-baselinetopscore" : 0.17466669568096785 , "name" : "default-best" , "score" : "0.3275411278956899" }
