{ "bi-attributes-/const" : 0.07660172153304542 , "bi-attributes-baselinetopscore" : 0.14692677860984213 , "bi-categories-/const" : -0.058463698245467884 , "bi-categories-baselinetopscore" : 0.14786196800336898 , "bi-names-/const" : 0.18766660641926022 , "bi-names-baselinetopscore" : 0.04309346024511446 , "bi-outgoingentitynames-/const" : -0.06477972104760983 , "bi-outgoingentitynames-baselinetopscore" : 0.06710959982542634 , "bi-similarentitynames-/const" : 0.2056350968989531 , "bi-similarentitynames-baselinetopscore" : 0.24834818775806705 , "name" : "default-best" , "score" : "0.3487662978745133" }
