{ "bi-attributes-/const" : 0.16374604367042447 , "bi-attributes-baselinetopscore" : -0.06139535121358906 , "bi-categories-/const" : 0.05416691768581929 , "bi-categories-baselinetopscore" : 0.25320985929172296 , "bi-names-/const" : 0.1243337507580104 , "bi-names-baselinetopscore" : 0.1676626525739107 , "bi-outgoingentitynames-/const" : 0.0 , "bi-outgoingentitynames-baselinetopscore" : -0.05263157894736842 , "bi-similarentitynames-/const" : 0.3014303463377377 , "bi-similarentitynames-baselinetopscore" : 0.0494773598433319 , "name" : "default-best" , "score" : "0.30479886170508924" }
