{ "bi-attributes-/const" : 0.07759662577355161 , "bi-attributes-baselinetopscore" : 0.12121708946203483 , "bi-categories-/const" : 0.026178404354241302 , "bi-categories-baselinetopscore" : 0.12807061477442838 , "bi-names-/const" : 0.025225971625092942 , "bi-names-baselinetopscore" : 0.22583262116964511 , "bi-outgoingentitynames-/const" : 0.0 , "bi-outgoingentitynames-baselinetopscore" : 0.0 , "bi-similarentitynames-/const" : 0.2008535321250206 , "bi-similarentitynames-baselinetopscore" : 0.19502514071598526 , "name" : "default-best" , "score" : "0.3452073423835988" }
