{ "bi-attributes-/const" : 0.11422579576084012 , "bi-attributes-baselinetopscore" : 0.11726753034586566 , "bi-categories-/const" : 0.0013856065483941094 , "bi-categories-baselinetopscore" : 0.10902784251204287 , "bi-names-/const" : 0.06762166088568523 , "bi-names-baselinetopscore" : 0.22070669270661122 , "bi-outgoingentitynames-/const" : 0.0244480795037611 , "bi-outgoingentitynames-baselinetopscore" : 0.0 , "bi-similarentitynames-/const" : 0.16741297694997112 , "bi-similarentitynames-baselinetopscore" : 0.1779038147868286 , "name" : "default-best" , "score" : "0.3125583732526372" }
