{ "bi-attributes-bigramcfratio" : 0.01352702830467595 , "bi-attributes-fieldlikelihood" : 0.14680536739044017 , "bi-categories-bigramcfratio" : 0.3417118744894117 , "bi-categories-fieldlikelihood" : 0.25694947976322335 , "bi-names-bigramcfratio" : 0.0 , "bi-names-fieldlikelihood" : 0.0 , "bi-outgoingentitynames-bigramcfratio" : 0.15049770067884374 , "bi-outgoingentitynames-fieldlikelihood" : 0.04415051188946587 , "bi-similarentitynames-bigramcfratio" : 0.0 , "bi-similarentitynames-fieldlikelihood" : 0.04635803748393917 , "name" : "default-best" , "score" : "0.18766084918089074" }
