{ "bi-attributes-bigramcfratio" : 0.17776487740148966 , "bi-attributes-fieldlikelihood" : 0.015242717149188966 , "bi-categories-bigramcfratio" : 0.3182466273381525 , "bi-categories-fieldlikelihood" : 0.22270344254084412 , "bi-names-bigramcfratio" : 0.0 , "bi-names-fieldlikelihood" : 0.0 , "bi-outgoingentitynames-bigramcfratio" : 0.12240891755186448 , "bi-outgoingentitynames-fieldlikelihood" : 0.05940309591365569 , "bi-similarentitynames-bigramcfratio" : 0.059994902967068546 , "bi-similarentitynames-fieldlikelihood" : 0.024235419137735872 , "name" : "default-best" , "score" : "0.15706820180480638" }
