{ "bi-attributes-bigramcfratio" : 0.0 , "bi-attributes-fieldlikelihood" : 0.04499012392049265 , "bi-categories-bigramcfratio" : 0.23802182102962627 , "bi-categories-fieldlikelihood" : 0.3204672380624758 , "bi-names-bigramcfratio" : 0.0059619507243827315 , "bi-names-fieldlikelihood" : 0.0 , "bi-outgoingentitynames-bigramcfratio" : 0.2837425005009329 , "bi-outgoingentitynames-fieldlikelihood" : 0.0 , "bi-similarentitynames-bigramcfratio" : 0.10681636576208967 , "bi-similarentitynames-fieldlikelihood" : 0.0 , "name" : "default-best" , "score" : "0.1309895968178731" }
