{ "bi-attributes-bigramcfratio" : 0.08131412811505782 , "bi-attributes-fieldlikelihood" : 0.046178662832901764 , "bi-categories-bigramcfratio" : 0.2611295542057252 , "bi-categories-fieldlikelihood" : 0.22663379189805802 , "bi-names-bigramcfratio" : 0.04824791625563013 , "bi-names-fieldlikelihood" : 0.0 , "bi-outgoingentitynames-bigramcfratio" : 0.12216053993934473 , "bi-outgoingentitynames-fieldlikelihood" : 0.12874213305644155 , "bi-similarentitynames-bigramcfratio" : 0.04400050133529297 , "bi-similarentitynames-fieldlikelihood" : 0.04159277236154783 , "name" : "default-best" , "score" : "0.12198343588536938" }
