{ "bi-attributes-bigramcfratio" : 0.09147093869266457 , "bi-attributes-fieldlikelihood" : 0.018710416933366905 , "bi-categories-bigramcfratio" : 0.2902444683173014 , "bi-categories-fieldlikelihood" : 0.33511532733839844 , "bi-names-bigramcfratio" : 0.0 , "bi-names-fieldlikelihood" : 0.033377815707261047 , "bi-outgoingentitynames-bigramcfratio" : 0.09334292762648116 , "bi-outgoingentitynames-fieldlikelihood" : 0.08920366410926131 , "bi-similarentitynames-bigramcfratio" : 0.017340423053454495 , "bi-similarentitynames-fieldlikelihood" : 0.031194018221810716 , "name" : "default-best" , "score" : "0.12758213726385637" }
