{ "bi-attributes-bigramcfratio" : 0.19598574984730385 , "bi-attributes-fieldlikelihood" : 0.0 , "bi-categories-bigramcfratio" : 0.2882052231192423 , "bi-categories-fieldlikelihood" : 0.3041274564605853 , "bi-names-bigramcfratio" : 0.0 , "bi-names-fieldlikelihood" : 0.0 , "bi-outgoingentitynames-bigramcfratio" : 0.13846331561115097 , "bi-outgoingentitynames-fieldlikelihood" : 0.03007132451147823 , "bi-similarentitynames-bigramcfratio" : 0.0 , "bi-similarentitynames-fieldlikelihood" : 0.04314693045023936 , "name" : "default-best" , "score" : "0.11738193979381119" }
