{ "bi-attributes-bigramcfratio" : 0.20243687613373673 , "bi-attributes-fieldlikelihood" : 0.08944877216970928 , "bi-categories-bigramcfratio" : 0.21376624325621663 , "bi-categories-fieldlikelihood" : 0.2181472463395874 , "bi-names-bigramcfratio" : 0.0 , "bi-names-fieldlikelihood" : 0.047613237226730463 , "bi-outgoingentitynames-bigramcfratio" : 0.16832989841829155 , "bi-outgoingentitynames-fieldlikelihood" : 0.016295952145564556 , "bi-similarentitynames-bigramcfratio" : 0.024855617773787704 , "bi-similarentitynames-fieldlikelihood" : 0.01910615653637568 , "name" : "default-best" , "score" : "0.10547715017803734" }
