{ "bi-attributes-bigramcfratio" : 0.056872406704158274 , "bi-attributes-fieldlikelihood" : 0.12634715216730408 , "bi-categories-bigramcfratio" : 0.0395518428390726 , "bi-categories-fieldlikelihood" : 0.12634715216730408 , "bi-names-bigramcfratio" : 0.06034614397731555 , "bi-names-fieldlikelihood" : 0.18952072825095614 , "bi-outgoingentitynames-bigramcfratio" : 0.010193627878948038 , "bi-outgoingentitynames-fieldlikelihood" : 0.008944575286274927 , "bi-similarentitynames-bigramcfratio" : 0.1925135764179192 , "bi-similarentitynames-fieldlikelihood" : 0.18936279431074704 , "name" : "default-best" , "score" : "0.2669447328462905" }
