{ "bi-attributes-bigramcfratio" : 0.17094856347429485 , "bi-attributes-fieldlikelihood" : 0.09486151743636094 , "bi-categories-bigramcfratio" : 0.005441300426062694 , "bi-categories-fieldlikelihood" : 0.09049133453176061 , "bi-names-bigramcfratio" : 0.08365703346558137 , "bi-names-fieldlikelihood" : 0.1636492721252255 , "bi-outgoingentitynames-bigramcfratio" : 0.0 , "bi-outgoingentitynames-fieldlikelihood" : 0.016262062765506097 , "bi-similarentitynames-bigramcfratio" : 0.23381155982607493 , "bi-similarentitynames-fieldlikelihood" : 0.140877355949133 , "name" : "default-best" , "score" : "0.30460221734009063" }
