{ "bi-attributes-bigramcfratio" : 0.1905343860491142 , "bi-attributes-fieldlikelihood" : 0.04643979463512268 , "bi-categories-bigramcfratio" : 0.08002430074750456 , "bi-categories-fieldlikelihood" : 0.01872196508433958 , "bi-names-bigramcfratio" : 0.13284533878409988 , "bi-names-fieldlikelihood" : 0.1066584113096914 , "bi-outgoingentitynames-bigramcfratio" : 0.018393566927613535 , "bi-outgoingentitynames-fieldlikelihood" : 0.0 , "bi-similarentitynames-bigramcfratio" : 0.27723783143913205 , "bi-similarentitynames-fieldlikelihood" : 0.12914440502338198 , "name" : "default-best" , "score" : "0.31591712103090414" }
