{ "bi-attributes-bigramcfratio" : 0.09605033424650052 , "bi-attributes-fieldlikelihood" : 0.1626299362932889 , "bi-categories-bigramcfratio" : 0.04833725913115137 , "bi-categories-fieldlikelihood" : 0.04819090027487226 , "bi-names-bigramcfratio" : 0.1122298525232448 , "bi-names-fieldlikelihood" : 0.1623508081725895 , "bi-outgoingentitynames-bigramcfratio" : 0.0 , "bi-outgoingentitynames-fieldlikelihood" : 0.0 , "bi-similarentitynames-bigramcfratio" : 0.21010924517856958 , "bi-similarentitynames-fieldlikelihood" : 0.16010166417978317 , "name" : "default-best" , "score" : "0.2784589517436074" }
