{ "bi-attributes-/const" : 0.022594038534620983 , "bi-attributes-/nns" : 0.0 , "bi-attributes-/np-part" : 0.05293329413832184 , "bi-attributes-baselinetopscore" : 0.027470200702614193 , "bi-attributes-fieldlikelihood" : 0.0977026340059516 , "bi-categories-/const" : 0.06893238412631641 , "bi-categories-/nns" : 0.18412449280627843 , "bi-categories-/np-part" : 0.0 , "bi-categories-baselinetopscore" : 0.06131766249373733 , "bi-categories-fieldlikelihood" : 0.06121042761072981 , "bi-incomingentitynames-/const" : 0.012187078202649467 , "bi-incomingentitynames-/nns" : 0.0 , "bi-incomingentitynames-/np-part" : 0.0 , "bi-incomingentitynames-baselinetopscore" : 0.05883495635594875 , "bi-incomingentitynames-fieldlikelihood" : 0.049536333419007234 , "bi-names-/const" : 0.0 , "bi-names-/nns" : 0.0 , "bi-names-/np-part" : 0.0 , "bi-names-baselinetopscore" : 0.014867263904246834 , "bi-names-fieldlikelihood" : 0.0 , "bi-outgoingentitynames-/const" : 0.0 , "bi-outgoingentitynames-/nns" : 0.045991973784732736 , "bi-outgoingentitynames-/np-part" : 0.05189528630032762 , "bi-outgoingentitynames-baselinetopscore" : 0.0 , "bi-outgoingentitynames-fieldlikelihood" : 0.08273585563240418 , "bi-similarentitynames-/const" : 0.0 , "bi-similarentitynames-/nns" : 0.04279455816707928 , "bi-similarentitynames-/np-part" : 0.0545143134707556 , "bi-similarentitynames-baselinetopscore" : 0.0 , "bi-similarentitynames-fieldlikelihood" : 0.0103572463442779 , "name" : "default-best" , "score" : "0.09781455397158194" }
