{ "bi-attributes-/const" : 0.027007038228147685 , "bi-attributes-/nns" : 0.0 , "bi-attributes-/np-part" : 0.03173052180615486 , "bi-attributes-baselinetopscore" : 0.03272376784971048 , "bi-attributes-fieldlikelihood" : 0.053538838540642064 , "bi-categories-/const" : 0.0 , "bi-categories-/nns" : 0.1251402298735239 , "bi-categories-/np-part" : 0.03456332102752304 , "bi-categories-baselinetopscore" : 0.08888809131029979 , "bi-categories-fieldlikelihood" : 0.015531814381602107 , "bi-incomingentitynames-/const" : 0.02041613017092378 , "bi-incomingentitynames-/nns" : 0.0 , "bi-incomingentitynames-/np-part" : 0.0 , "bi-incomingentitynames-baselinetopscore" : 0.03638685590800775 , "bi-incomingentitynames-fieldlikelihood" : 0.09173517368460782 , "bi-names-/const" : 0.0 , "bi-names-/nns" : 0.0 , "bi-names-/np-part" : 0.0 , "bi-names-baselinetopscore" : 0.08286707565915834 , "bi-names-fieldlikelihood" : 0.0 , "bi-outgoingentitynames-/const" : 0.0 , "bi-outgoingentitynames-/nns" : 0.13044742964417846 , "bi-outgoingentitynames-/np-part" : 0.0 , "bi-outgoingentitynames-baselinetopscore" : 0.0 , "bi-outgoingentitynames-fieldlikelihood" : 0.0 , "bi-similarentitynames-/const" : 0.0 , "bi-similarentitynames-/nns" : 0.10613795415708242 , "bi-similarentitynames-/np-part" : 0.0 , "bi-similarentitynames-baselinetopscore" : 0.022051482324178452 , "bi-similarentitynames-fieldlikelihood" : 0.100834275434259 , "name" : "default-best" , "score" : "0.09672091353730147" }
