{ "bi-attributes-/const" : 0.03599348179055955 , "bi-attributes-/nns" : 0.0 , "bi-attributes-/np-part" : 0.011269111215291512 , "bi-attributes-baselinetopscore" : 0.05610232596803287 , "bi-attributes-fieldlikelihood" : 0.07265591909104635 , "bi-categories-/const" : 0.0373611033758638 , "bi-categories-/nns" : 0.17653572646814483 , "bi-categories-/np-part" : 0.022742764284249532 , "bi-categories-baselinetopscore" : 0.011080000962589218 , "bi-categories-fieldlikelihood" : 0.08502233978699529 , "bi-incomingentitynames-/const" : 0.038761174091232066 , "bi-incomingentitynames-/nns" : 0.0 , "bi-incomingentitynames-/np-part" : 0.0 , "bi-incomingentitynames-baselinetopscore" : 0.047774469083795866 , "bi-incomingentitynames-fieldlikelihood" : 0.029023085497338803 , "bi-names-/const" : 0.0 , "bi-names-/nns" : 0.0 , "bi-names-/np-part" : 0.0 , "bi-names-baselinetopscore" : 0.0 , "bi-names-fieldlikelihood" : 0.0 , "bi-outgoingentitynames-/const" : 0.0 , "bi-outgoingentitynames-/nns" : 0.1690767604278177 , "bi-outgoingentitynames-/np-part" : 0.04096923197037913 , "bi-outgoingentitynames-baselinetopscore" : 0.0 , "bi-outgoingentitynames-fieldlikelihood" : 0.04712101207085107 , "bi-similarentitynames-/const" : 0.0 , "bi-similarentitynames-/nns" : 0.07437843137173614 , "bi-similarentitynames-/np-part" : 0.025661510787450256 , "bi-similarentitynames-baselinetopscore" : 0.0 , "bi-similarentitynames-fieldlikelihood" : 0.018471551756626167 , "name" : "default-best" , "score" : "0.09673583665083524" }
