{ "bi-attributes-/const" : 0.06279055714858436 , "bi-attributes-/nns" : 0.09617208664352264 , "bi-attributes-/np-part" : 0.0838295564775693 , "bi-attributes-baselinetopscore" : 0.04677035094754155 , "bi-attributes-fieldlikelihood" : 0.0 , "bi-categories-/const" : 0.052713101820155414 , "bi-categories-/nns" : 0.023696987112807582 , "bi-categories-/np-part" : 0.06675744758897721 , "bi-categories-baselinetopscore" : 0.10557594473684927 , "bi-categories-fieldlikelihood" : 0.14226433649856446 , "bi-incomingentitynames-/const" : 0.06262394511347265 , "bi-incomingentitynames-/nns" : 0.03495243751102839 , "bi-incomingentitynames-/np-part" : 0.08604028159603215 , "bi-incomingentitynames-baselinetopscore" : 0.047039306480438754 , "bi-incomingentitynames-fieldlikelihood" : 0.011513204583580029 , "bi-names-/const" : 0.0 , "bi-names-/nns" : 0.0 , "bi-names-/np-part" : 0.0 , "bi-names-baselinetopscore" : 0.0 , "bi-names-fieldlikelihood" : 0.0 , "bi-outgoingentitynames-/const" : 0.06424992575953217 , "bi-outgoingentitynames-/nns" : 0.0 , "bi-outgoingentitynames-/np-part" : 0.0 , "bi-outgoingentitynames-baselinetopscore" : 0.0 , "bi-outgoingentitynames-fieldlikelihood" : 0.0 , "bi-similarentitynames-/const" : 0.0 , "bi-similarentitynames-/nns" : 0.013010529981344165 , "bi-similarentitynames-/np-part" : 0.0 , "bi-similarentitynames-baselinetopscore" : 0.0 , "bi-similarentitynames-fieldlikelihood" : 0.0 , "name" : "default-best" , "score" : "0.22911876070351198" }
