{ "bi-attributes-/const" : 0.0 , "bi-attributes-/nns" : 0.06558898445742888 , "bi-attributes-/np-part" : 0.015615364526397531 , "bi-attributes-baselinetopscore" : 0.057592963338425694 , "bi-attributes-fieldlikelihood" : 0.11705752161839436 , "bi-categories-/const" : 0.12378023401303163 , "bi-categories-/nns" : 0.0 , "bi-categories-/np-part" : 0.018579263975231946 , "bi-categories-baselinetopscore" : 0.016330946825632044 , "bi-categories-fieldlikelihood" : 0.1228675305478264 , "bi-incomingentitynames-/const" : 0.012913298866025272 , "bi-incomingentitynames-/nns" : 0.05332303213175785 , "bi-incomingentitynames-/np-part" : 0.09307840401633717 , "bi-incomingentitynames-baselinetopscore" : 0.03400092057518685 , "bi-incomingentitynames-fieldlikelihood" : 0.07632498398821434 , "bi-names-/const" : 0.0 , "bi-names-/nns" : 0.054072554325048205 , "bi-names-/np-part" : 0.0 , "bi-names-baselinetopscore" : 0.0 , "bi-names-fieldlikelihood" : 0.0 , "bi-outgoingentitynames-/const" : 0.0 , "bi-outgoingentitynames-/nns" : 0.0 , "bi-outgoingentitynames-/np-part" : 0.0 , "bi-outgoingentitynames-baselinetopscore" : 0.0 , "bi-outgoingentitynames-fieldlikelihood" : 0.1289259663189854 , "bi-similarentitynames-/const" : 0.0 , "bi-similarentitynames-/nns" : 0.009948030476076265 , "bi-similarentitynames-/np-part" : 0.0 , "bi-similarentitynames-baselinetopscore" : 0.0 , "bi-similarentitynames-fieldlikelihood" : 0.0 , "name" : "default-best" , "score" : "0.2505339848696414" }
