{ "bi-attributes-/const" : 0.03324525774215888 , "bi-attributes-/nns" : 0.060810041874559656 , "bi-attributes-/np-part" : 0.057492083658779204 , "bi-attributes-baselinetopscore" : 0.041827769647330836 , "bi-attributes-fieldlikelihood" : 0.07638911855975945 , "bi-categories-/const" : 0.12477291013996863 , "bi-categories-/nns" : 0.04428642841649508 , "bi-categories-/np-part" : 0.017099506649801376 , "bi-categories-baselinetopscore" : 0.0 , "bi-categories-fieldlikelihood" : 0.1469753949526156 , "bi-incomingentitynames-/const" : 0.04074216672344188 , "bi-incomingentitynames-/nns" : 0.05094580506445317 , "bi-incomingentitynames-/np-part" : 0.0743174060203787 , "bi-incomingentitynames-baselinetopscore" : 0.06392763048701211 , "bi-incomingentitynames-fieldlikelihood" : 0.0 , "bi-names-/const" : 0.0 , "bi-names-/nns" : 0.0 , "bi-names-/np-part" : 0.0 , "bi-names-baselinetopscore" : 0.0 , "bi-names-fieldlikelihood" : 0.0 , "bi-outgoingentitynames-/const" : 0.0570869473126445 , "bi-outgoingentitynames-/nns" : 0.0 , "bi-outgoingentitynames-/np-part" : 0.02662740677675044 , "bi-outgoingentitynames-baselinetopscore" : 0.02717228507966329 , "bi-outgoingentitynames-fieldlikelihood" : 0.0 , "bi-similarentitynames-/const" : 0.0 , "bi-similarentitynames-/nns" : 0.0562818408941872 , "bi-similarentitynames-/np-part" : 0.0 , "bi-similarentitynames-baselinetopscore" : 0.0 , "bi-similarentitynames-fieldlikelihood" : 0.0 , "name" : "default-best" , "score" : "0.21718578227301272" }
