{ "bi-attributes-/const" : 0.11762065156725048 , "bi-attributes-/nns" : 0.011337175102344508 , "bi-attributes-/np-part" : 0.013902011958172764 , "bi-attributes-baselinetopscore" : 0.03515927978793799 , "bi-attributes-fieldlikelihood" : 0.013175444442356429 , "bi-categories-/const" : 0.1009802451842931 , "bi-categories-/nns" : 0.08774028558693721 , "bi-categories-/np-part" : 0.0 , "bi-categories-baselinetopscore" : 0.12176508469642208 , "bi-categories-fieldlikelihood" : 0.08350257971738885 , "bi-incomingentitynames-/const" : 0.04532680006395643 , "bi-incomingentitynames-/nns" : 0.0 , "bi-incomingentitynames-/np-part" : 0.0 , "bi-incomingentitynames-baselinetopscore" : 0.10070095745789555 , "bi-incomingentitynames-fieldlikelihood" : 0.007218958816814798 , "bi-names-/const" : 0.0 , "bi-names-/nns" : 0.02635634950542898 , "bi-names-/np-part" : 0.0 , "bi-names-baselinetopscore" : 0.0 , "bi-names-fieldlikelihood" : 0.0 , "bi-outgoingentitynames-/const" : 0.03521489297917711 , "bi-outgoingentitynames-/nns" : 0.010500350377596477 , "bi-outgoingentitynames-/np-part" : 0.03806923423413197 , "bi-outgoingentitynames-baselinetopscore" : 0.022574580889998266 , "bi-outgoingentitynames-fieldlikelihood" : 0.11949553974855893 , "bi-similarentitynames-/const" : 0.0 , "bi-similarentitynames-/nns" : 0.009359577883337989 , "bi-similarentitynames-/np-part" : 0.0 , "bi-similarentitynames-baselinetopscore" : 0.0 , "bi-similarentitynames-fieldlikelihood" : 0.0 , "name" : "default-best" , "score" : "0.20643883903898527" }
