{ "bi-attributes-/const" : 0.0 , "bi-attributes-/nns" : 0.10180198711658522 , "bi-attributes-/np-part" : 0.05809126392034256 , "bi-attributes-baselinetopscore" : 0.02746487756023368 , "bi-attributes-fieldlikelihood" : 0.02080384278041317 , "bi-categories-/const" : 0.11914641521643286 , "bi-categories-/nns" : 0.12022323172453654 , "bi-categories-/np-part" : 0.027069453147578536 , "bi-categories-baselinetopscore" : 0.03058298325132371 , "bi-categories-fieldlikelihood" : 0.1304609317949624 , "bi-incomingentitynames-/const" : 0.0 , "bi-incomingentitynames-/nns" : 0.006323754923953784 , "bi-incomingentitynames-/np-part" : 0.08050792894601595 , "bi-incomingentitynames-baselinetopscore" : 0.03773709275492518 , "bi-incomingentitynames-fieldlikelihood" : 0.07249517045289018 , "bi-names-/const" : 0.0 , "bi-names-/nns" : 0.0 , "bi-names-/np-part" : 0.0 , "bi-names-baselinetopscore" : 0.0 , "bi-names-fieldlikelihood" : 0.0 , "bi-outgoingentitynames-/const" : 0.0266908728789276 , "bi-outgoingentitynames-/nns" : 0.0 , "bi-outgoingentitynames-/np-part" : 0.028585675992519287 , "bi-outgoingentitynames-baselinetopscore" : 0.02076233351238959 , "bi-outgoingentitynames-fieldlikelihood" : 0.046525415720783246 , "bi-similarentitynames-/const" : 0.0 , "bi-similarentitynames-/nns" : 0.04472676830518628 , "bi-similarentitynames-/np-part" : 0.0 , "bi-similarentitynames-baselinetopscore" : 0.0 , "bi-similarentitynames-fieldlikelihood" : 0.0 , "name" : "default-best" , "score" : "0.20049712141737863" }
