{ "bi-attributes-/const" : 0.035184018340792156 , "bi-attributes-/nns" : 0.0 , "bi-attributes-/np-part" : 0.0 , "bi-attributes-baselinetopscore" : 0.012009288954875642 , "bi-attributes-fieldlikelihood" : 0.017837552551315417 , "bi-categories-/const" : 0.04401058731410987 , "bi-categories-/nns" : 0.16256327425350628 , "bi-categories-/np-part" : 0.04774403390116639 , "bi-categories-baselinetopscore" : 0.13750502579985713 , "bi-categories-fieldlikelihood" : 0.03701360535707908 , "bi-incomingentitynames-/const" : 0.0 , "bi-incomingentitynames-/nns" : 0.0 , "bi-incomingentitynames-/np-part" : 0.0 , "bi-incomingentitynames-baselinetopscore" : 0.0 , "bi-incomingentitynames-fieldlikelihood" : 0.027256911636242654 , "bi-names-/const" : 0.0 , "bi-names-/nns" : 0.049041891123729184 , "bi-names-/np-part" : 0.0 , "bi-names-baselinetopscore" : 0.0 , "bi-names-fieldlikelihood" : 0.0 , "bi-outgoingentitynames-/const" : 0.0 , "bi-outgoingentitynames-/nns" : 0.12966390728081723 , "bi-outgoingentitynames-/np-part" : 0.11216656375712922 , "bi-outgoingentitynames-baselinetopscore" : 0.0 , "bi-outgoingentitynames-fieldlikelihood" : 0.07391991831654468 , "bi-similarentitynames-/const" : 0.03879829473598132 , "bi-similarentitynames-/nns" : 0.03579581180299375 , "bi-similarentitynames-/np-part" : 0.0 , "bi-similarentitynames-baselinetopscore" : 0.03948931487386015 , "bi-similarentitynames-fieldlikelihood" : 0.0 , "name" : "default-best" , "score" : "0.21135336584674969" }
