{ "bi-attributes-/const" : 0.04278534300933411 , "bi-attributes-/nns" : 0.03734174085914853 , "bi-attributes-/np-part" : 0.0 , "bi-attributes-baselinetopscore" : 0.0 , "bi-attributes-fieldlikelihood" : 0.034206196068700054 , "bi-categories-/const" : 0.03605491021137125 , "bi-categories-/nns" : 0.14420833833097357 , "bi-categories-/np-part" : 0.029944641919110518 , "bi-categories-baselinetopscore" : 0.11234661544679093 , "bi-categories-fieldlikelihood" : 0.13962054099715224 , "bi-incomingentitynames-/const" : 0.0 , "bi-incomingentitynames-/nns" : 0.0 , "bi-incomingentitynames-/np-part" : 0.07700607536437357 , "bi-incomingentitynames-baselinetopscore" : 0.0 , "bi-incomingentitynames-fieldlikelihood" : 0.11024665345781383 , "bi-names-/const" : 0.0 , "bi-names-/nns" : 0.0 , "bi-names-/np-part" : 0.0 , "bi-names-baselinetopscore" : 0.0 , "bi-names-fieldlikelihood" : 0.0 , "bi-outgoingentitynames-/const" : 0.06475904117597897 , "bi-outgoingentitynames-/nns" : 0.038844541883470265 , "bi-outgoingentitynames-/np-part" : 0.07248398730423665 , "bi-outgoingentitynames-baselinetopscore" : 0.0 , "bi-outgoingentitynames-fieldlikelihood" : 0.0 , "bi-similarentitynames-/const" : 0.0 , "bi-similarentitynames-/nns" : 0.021166673349130447 , "bi-similarentitynames-/np-part" : 0.0 , "bi-similarentitynames-baselinetopscore" : 0.013692398672937901 , "bi-similarentitynames-fieldlikelihood" : 0.025292301949477188 , "name" : "default-best" , "score" : "0.2111551813906177" }
