{ "bi-attributes-/const" : 0.0 , "bi-attributes-/nns" : 0.06541502060823741 , "bi-attributes-/np-part" : 0.04789671992102422 , "bi-attributes-baselinetopscore" : 0.0 , "bi-attributes-fieldlikelihood" : 0.04942617999875462 , "bi-categories-/const" : 0.010038190682069634 , "bi-categories-/nns" : 0.016250304467985924 , "bi-categories-/np-part" : 0.0633416810410601 , "bi-categories-baselinetopscore" : 0.0 , "bi-categories-fieldlikelihood" : 0.0 , "bi-incomingentitynames-/const" : 0.01242851426642497 , "bi-incomingentitynames-/nns" : 0.13852154385735072 , "bi-incomingentitynames-/np-part" : 0.03870212828701264 , "bi-incomingentitynames-baselinetopscore" : 0.0 , "bi-incomingentitynames-fieldlikelihood" : 0.03982114324436142 , "bi-names-/const" : 0.016808599161984735 , "bi-names-/nns" : 0.07973690047614067 , "bi-names-/np-part" : 0.025000673482389085 , "bi-names-baselinetopscore" : 0.022059777346020926 , "bi-names-fieldlikelihood" : 0.04279693017269447 , "bi-outgoingentitynames-/const" : 0.0 , "bi-outgoingentitynames-/nns" : 0.0 , "bi-outgoingentitynames-/np-part" : 0.0 , "bi-outgoingentitynames-baselinetopscore" : 0.0 , "bi-outgoingentitynames-fieldlikelihood" : 0.0 , "bi-similarentitynames-/const" : 0.018137892649553622 , "bi-similarentitynames-/nns" : 0.11060489704720519 , "bi-similarentitynames-/np-part" : 0.11698192693933333 , "bi-similarentitynames-baselinetopscore" : 0.044609125753027175 , "bi-similarentitynames-fieldlikelihood" : 0.041421850597369324 , "name" : "default-best" , "score" : "0.36739483425580083" }
