{ "bi-attributes-/const" : 0.04602133186263523 , "bi-attributes-/nns" : 0.026337176296195707 , "bi-attributes-/np-part" : 0.03499308555474023 , "bi-attributes-baselinetopscore" : 0.00158067861677341 , "bi-attributes-fieldlikelihood" : 0.045957068107026273 , "bi-categories-/const" : 0.0 , "bi-categories-/nns" : 0.030177369756567443 , "bi-categories-/np-part" : 0.051807712683873706 , "bi-categories-baselinetopscore" : 0.0 , "bi-categories-fieldlikelihood" : 0.022429376455706834 , "bi-incomingentitynames-/const" : 0.03610265427710687 , "bi-incomingentitynames-/nns" : 0.05690291058291627 , "bi-incomingentitynames-/np-part" : 0.04035011666610043 , "bi-incomingentitynames-baselinetopscore" : 0.0 , "bi-incomingentitynames-fieldlikelihood" : 0.06688842860983905 , "bi-names-/const" : 0.04183908577889919 , "bi-names-/nns" : 0.0 , "bi-names-/np-part" : 0.046624250522030064 , "bi-names-baselinetopscore" : 0.0 , "bi-names-fieldlikelihood" : 0.05979051701008862 , "bi-outgoingentitynames-/const" : 0.0 , "bi-outgoingentitynames-/nns" : 0.0 , "bi-outgoingentitynames-/np-part" : 0.0093623048896654 , "bi-outgoingentitynames-baselinetopscore" : 0.0 , "bi-outgoingentitynames-fieldlikelihood" : 0.0 , "bi-similarentitynames-/const" : 0.1040804232913323 , "bi-similarentitynames-/nns" : 0.14468854297679623 , "bi-similarentitynames-/np-part" : 0.11093978628858546 , "bi-similarentitynames-baselinetopscore" : 0.023127179773121242 , "bi-similarentitynames-fieldlikelihood" : 0.0 , "name" : "default-best" , "score" : "0.3377907244706656" }
