{ "bi-attributes-/const" : 0.040313956340519735 , "bi-attributes-/nns" : 0.06080674334693513 , "bi-attributes-/np-part" : 0.06018465741087248 , "bi-attributes-baselinetopscore" : 0.0 , "bi-attributes-fieldlikelihood" : 0.0 , "bi-categories-/const" : 0.11335014624784184 , "bi-categories-/nns" : 0.016636249494363303 , "bi-categories-/np-part" : 0.0 , "bi-categories-baselinetopscore" : 0.0 , "bi-categories-fieldlikelihood" : 0.005863226917965681 , "bi-incomingentitynames-/const" : 0.03854934796592951 , "bi-incomingentitynames-/nns" : 0.0 , "bi-incomingentitynames-/np-part" : 0.06648312901716281 , "bi-incomingentitynames-baselinetopscore" : 0.0 , "bi-incomingentitynames-fieldlikelihood" : 0.06387980673968907 , "bi-names-/const" : 0.08417931248657103 , "bi-names-/nns" : 0.0 , "bi-names-/np-part" : 0.037862427211093036 , "bi-names-baselinetopscore" : 0.02842059783811066 , "bi-names-fieldlikelihood" : 0.013572043098696654 , "bi-outgoingentitynames-/const" : 0.0 , "bi-outgoingentitynames-/nns" : 0.0 , "bi-outgoingentitynames-/np-part" : 0.0 , "bi-outgoingentitynames-baselinetopscore" : 0.0 , "bi-outgoingentitynames-fieldlikelihood" : 0.0 , "bi-similarentitynames-/const" : 0.04990151653631162 , "bi-similarentitynames-/nns" : 0.045577725374207546 , "bi-similarentitynames-/np-part" : 0.05692068618091887 , "bi-similarentitynames-baselinetopscore" : 0.12640354422589553 , "bi-similarentitynames-fieldlikelihood" : 0.09109488356691553 , "name" : "default-best" , "score" : "0.3207965370423691" }
