{ "bi-attributes-/const" : 0.05185307950584587 , "bi-attributes-/nns" : 0.042809105141686475 , "bi-attributes-/np-part" : 0.0 , "bi-attributes-baselinetopscore" : 0.047112120152235024 , "bi-attributes-fieldlikelihood" : 0.01641199704339282 , "bi-categories-/const" : 0.0 , "bi-categories-/nns" : 0.032239021834012116 , "bi-categories-/np-part" : 0.10139829318537831 , "bi-categories-baselinetopscore" : 0.0 , "bi-categories-fieldlikelihood" : 0.0 , "bi-incomingentitynames-/const" : 0.03621859196311281 , "bi-incomingentitynames-/nns" : 0.0533439934557442 , "bi-incomingentitynames-/np-part" : 0.02742713561480748 , "bi-incomingentitynames-baselinetopscore" : 0.031539673272551805 , "bi-incomingentitynames-fieldlikelihood" : 0.0 , "bi-names-/const" : 0.04838282026287628 , "bi-names-/nns" : 0.0 , "bi-names-/np-part" : 0.0 , "bi-names-baselinetopscore" : 0.02944101502322085 , "bi-names-fieldlikelihood" : 0.05171535413300583 , "bi-outgoingentitynames-/const" : 0.0 , "bi-outgoingentitynames-/nns" : 0.04761904761904763 , "bi-outgoingentitynames-/np-part" : 0.007868124264688102 , "bi-outgoingentitynames-baselinetopscore" : 0.0 , "bi-outgoingentitynames-fieldlikelihood" : 0.0 , "bi-similarentitynames-/const" : 0.10102134927779272 , "bi-similarentitynames-/nns" : 0.09479557485648775 , "bi-similarentitynames-/np-part" : 0.04846260232857269 , "bi-similarentitynames-baselinetopscore" : 0.06724788270132313 , "bi-similarentitynames-fieldlikelihood" : 0.06309321836421836 , "name" : "default-best" , "score" : "0.35180576683236" }
