{ "bi-attributes-/const" : 0.0 , "bi-attributes-/nns" : 0.0 , "bi-attributes-/np-part" : 0.05770515096593367 , "bi-attributes-baselinetopscore" : 0.10866879517331796 , "bi-attributes-fieldlikelihood" : 0.0 , "bi-categories-/const" : 0.0 , "bi-categories-/nns" : 0.012766182679632206 , "bi-categories-/np-part" : 0.0 , "bi-categories-baselinetopscore" : 0.0 , "bi-categories-fieldlikelihood" : 0.0 , "bi-incomingentitynames-/const" : 0.028852575482966835 , "bi-incomingentitynames-/nns" : 0.028852575482966835 , "bi-incomingentitynames-/np-part" : 0.028852575482966835 , "bi-incomingentitynames-baselinetopscore" : 0.028852575482966835 , "bi-incomingentitynames-fieldlikelihood" : 0.028852575482966835 , "bi-names-/const" : 0.05770515096593367 , "bi-names-/nns" : 0.006613778326951946 , "bi-names-/np-part" : 0.0 , "bi-names-baselinetopscore" : 0.002750695774031846 , "bi-names-fieldlikelihood" : 0.05770515096593367 , "bi-outgoingentitynames-/const" : 0.0 , "bi-outgoingentitynames-/nns" : 0.0 , "bi-outgoingentitynames-/np-part" : 0.0 , "bi-outgoingentitynames-baselinetopscore" : 0.0 , "bi-outgoingentitynames-fieldlikelihood" : 0.0 , "bi-similarentitynames-/const" : 0.05770515096593367 , "bi-similarentitynames-/nns" : 0.23715188466339768 , "bi-similarentitynames-/np-part" : 0.05770515096593367 , "bi-similarentitynames-baselinetopscore" : 0.05770515096593367 , "bi-similarentitynames-fieldlikelihood" : 0.141554880172232 , "name" : "default-best" , "score" : "0.37294124840518583" }
