{ "bi-attributes-/np-exact" : 0.07496870609162963 , "bi-attributes-baselinetopscore" : 0.07496870609162963 , "bi-attributes-fieldlikelihood" : 0.07496870609162963 , "bi-categories-/np-exact" : 0.046884211357929036 , "bi-categories-baselinetopscore" : 0.2681595971518879 , "bi-categories-fieldlikelihood" : 0.023570922179996186 , "bi-names-/np-exact" : 0.018742176522907404 , "bi-names-baselinetopscore" : 0.018882742846829222 , "bi-names-fieldlikelihood" : 0.12293519207179787 , "bi-outgoingentitynames-/np-exact" : 0.04907295277396677 , "bi-outgoingentitynames-baselinetopscore" : 0.0 , "bi-outgoingentitynames-fieldlikelihood" : 0.0 , "bi-similarentitynames-/np-exact" : 0.12475524440175509 , "bi-similarentitynames-baselinetopscore" : 0.07496870609162963 , "bi-similarentitynames-fieldlikelihood" : 0.027122136326411823 , "name" : "default-best" , "score" : "0.0666141240941359" }
