{ "bi-attributes-/np-exact" : 0.1387972821144634 , "bi-attributes-baselinetopscore" : 0.0 , "bi-attributes-fieldlikelihood" : 0.020781828042621627 , "bi-categories-/np-exact" : 0.02431557437113886 , "bi-categories-baselinetopscore" : 0.14152109392462792 , "bi-categories-fieldlikelihood" : 0.15590693486938417 , "bi-names-/np-exact" : 0.0 , "bi-names-baselinetopscore" : 0.0 , "bi-names-fieldlikelihood" : 0.0 , "bi-outgoingentitynames-/np-exact" : 0.13547906358532813 , "bi-outgoingentitynames-baselinetopscore" : 0.0813025737204892 , "bi-outgoingentitynames-fieldlikelihood" : 0.14197500046521858 , "bi-similarentitynames-/np-exact" : 0.13543211425245877 , "bi-similarentitynames-baselinetopscore" : 0.024488534654269332 , "bi-similarentitynames-fieldlikelihood" : 0.0 , "name" : "default-best" , "score" : "0.17595756145997646" }
