{ "bi-attributes-/np-exact" : 0.05923254662814043 , "bi-attributes-baselinetopscore" : 0.035638574550152895 , "bi-attributes-fieldlikelihood" : 0.0 , "bi-categories-/np-exact" : 0.036424105595964214 , "bi-categories-baselinetopscore" : 0.3255779836725957 , "bi-categories-fieldlikelihood" : 0.012664374314096715 , "bi-names-/np-exact" : 0.0 , "bi-names-baselinetopscore" : 0.0 , "bi-names-fieldlikelihood" : 0.0 , "bi-outgoingentitynames-/np-exact" : 0.18584363064884504 , "bi-outgoingentitynames-baselinetopscore" : 0.09098471957438216 , "bi-outgoingentitynames-fieldlikelihood" : 0.08551095738057794 , "bi-similarentitynames-/np-exact" : 0.0 , "bi-similarentitynames-baselinetopscore" : 0.10595133951170585 , "bi-similarentitynames-fieldlikelihood" : 0.062171768123539035 , "name" : "default-best" , "score" : "0.1676063135605484" }
