{ "bi-attributes-/np-exact" : 0.0 , "bi-attributes-baselinetopscore" : 0.005410984395741063 , "bi-attributes-fieldlikelihood" : 0.0 , "bi-categories-/np-exact" : 0.14192510790758625 , "bi-categories-baselinetopscore" : 0.14664189673990388 , "bi-categories-fieldlikelihood" : 0.12988414856429528 , "bi-names-/np-exact" : 0.0 , "bi-names-baselinetopscore" : 0.0 , "bi-names-fieldlikelihood" : 0.001523724925250082 , "bi-outgoingentitynames-/np-exact" : 0.2759116609515302 , "bi-outgoingentitynames-baselinetopscore" : 0.08953913149366415 , "bi-outgoingentitynames-fieldlikelihood" : 0.06088332595205611 , "bi-similarentitynames-/np-exact" : 0.0 , "bi-similarentitynames-baselinetopscore" : 0.0432791723316014 , "bi-similarentitynames-fieldlikelihood" : 0.1050008467383718 , "name" : "default-best" , "score" : "0.18300957820824015" }
