{ "bi-attributes-/np-exact" : 0.0 , "bi-attributes-baselinetopscore" : 0.010097686435555898 , "bi-attributes-fieldlikelihood" : 0.0 , "bi-categories-/np-exact" : 0.03419891721093334 , "bi-categories-baselinetopscore" : 0.1814011549415929 , "bi-categories-fieldlikelihood" : 0.27563596475594354 , "bi-names-/np-exact" : 0.0 , "bi-names-baselinetopscore" : 0.0 , "bi-names-fieldlikelihood" : 0.0 , "bi-outgoingentitynames-/np-exact" : 0.22908587520299545 , "bi-outgoingentitynames-baselinetopscore" : 0.05444939026620905 , "bi-outgoingentitynames-fieldlikelihood" : 0.09722108786376205 , "bi-similarentitynames-/np-exact" : 0.0 , "bi-similarentitynames-baselinetopscore" : 0.023569243825299777 , "bi-similarentitynames-fieldlikelihood" : 0.09434067949770798 , "name" : "default-best" , "score" : "0.15275647266857525" }
