{ "bi-attributes-/np-exact" : 0.0 , "bi-attributes-baselinetopscore" : 0.08231065319442021 , "bi-attributes-fieldlikelihood" : 0.0 , "bi-categories-/np-exact" : 0.05821492431710106 , "bi-categories-baselinetopscore" : 0.0 , "bi-categories-fieldlikelihood" : 0.06353524342068802 , "bi-names-/np-exact" : 0.14081037774444208 , "bi-names-baselinetopscore" : 0.08664897007636425 , "bi-names-fieldlikelihood" : 0.14680659951081934 , "bi-outgoingentitynames-/np-exact" : 0.0 , "bi-outgoingentitynames-baselinetopscore" : 0.0 , "bi-outgoingentitynames-fieldlikelihood" : 0.0 , "bi-similarentitynames-/np-exact" : 0.13802467657539338 , "bi-similarentitynames-baselinetopscore" : 0.14037272576609394 , "bi-similarentitynames-fieldlikelihood" : 0.14327582939467773 , "name" : "default-best" , "score" : "0.32707931059574175" }
