{ "bi-attributes-/np-part" : 0.16369411972185507 , "bi-attributes-fieldlikelihood" : 0.11458066043494404 , "bi-categories-/np-part" : 0.16069288564164305 , "bi-categories-fieldlikelihood" : 0.22910779860682295 , "bi-names-/np-part" : 0.05575525454868386 , "bi-names-fieldlikelihood" : 0.0 , "bi-outgoingentitynames-/np-part" : 0.0 , "bi-outgoingentitynames-fieldlikelihood" : 0.0 , "bi-similarentitynames-/np-part" : 0.22687241232249886 , "bi-similarentitynames-fieldlikelihood" : 0.0492968687235522 , "name" : "default-best" , "score" : "0.063196242540634" }
