{ "bi-attributes-/np-part" : 0.08400945745732231 , "bi-attributes-fieldlikelihood" : 0.13828478022890647 , "bi-categories-/np-part" : 0.0020150797707353158 , "bi-categories-fieldlikelihood" : 0.29995635703425033 , "bi-names-/np-part" : 0.0 , "bi-names-fieldlikelihood" : 0.09632608708502793 , "bi-outgoingentitynames-/np-part" : 0.0 , "bi-outgoingentitynames-fieldlikelihood" : 0.08521747182882795 , "bi-similarentitynames-/np-part" : 0.16404635632311548 , "bi-similarentitynames-fieldlikelihood" : 0.13014441027181417 , "name" : "default-best" , "score" : "0.060953717891449745" }
