{ "bi-attributes-/np-part" : 0.19240176038270826 , "bi-attributes-fieldlikelihood" : 0.1343251636953488 , "bi-categories-/np-part" : 0.3000654030217647 , "bi-categories-fieldlikelihood" : 0.1910673816390411 , "bi-names-/np-part" : 0.0 , "bi-names-fieldlikelihood" : 0.0 , "bi-outgoingentitynames-/np-part" : 0.10053881900546394 , "bi-outgoingentitynames-fieldlikelihood" : 0.04643036177471233 , "bi-similarentitynames-/np-part" : 0.0 , "bi-similarentitynames-fieldlikelihood" : 0.03517111048096083 , "name" : "default-best" , "score" : "0.16677602616575446" }
