{ "bi-attributes-/np-part" : 0.18119399161209893 , "bi-attributes-fieldlikelihood" : 0.17349615919559866 , "bi-categories-/np-part" : 0.2601013101015248 , "bi-categories-fieldlikelihood" : 0.2238933756223996 , "bi-names-/np-part" : 0.0 , "bi-names-fieldlikelihood" : 0.0 , "bi-outgoingentitynames-/np-part" : 0.0778152796120922 , "bi-outgoingentitynames-fieldlikelihood" : 0.04116398330800376 , "bi-similarentitynames-/np-part" : 0.0 , "bi-similarentitynames-fieldlikelihood" : 0.04233590054828191 , "name" : "default-best" , "score" : "0.17496695218662003" }
