{ "bi-attributes-/np-part" : 0.2250494635651594 , "bi-attributes-fieldlikelihood" : 0.0683447283505229 , "bi-categories-/np-part" : 0.2592277093561575 , "bi-categories-fieldlikelihood" : 0.282511366044277 , "bi-names-/np-part" : 0.0 , "bi-names-fieldlikelihood" : 0.0 , "bi-outgoingentitynames-/np-part" : 0.0 , "bi-outgoingentitynames-fieldlikelihood" : 0.13362282160614927 , "bi-similarentitynames-/np-part" : 0.0 , "bi-similarentitynames-fieldlikelihood" : 0.03124391107773411 , "name" : "default-best" , "score" : "0.19560339022387088" }
