{ "bi-attributes-/np-part" : 0.0 , "bi-attributes-fieldlikelihood" : 0.09000707039066892 , "bi-categories-/np-part" : 0.0 , "bi-categories-fieldlikelihood" : 0.4630532581711355 , "bi-names-/np-part" : 0.0 , "bi-names-fieldlikelihood" : 0.011718290592878619 , "bi-outgoingentitynames-/np-part" : 0.1625388063520361 , "bi-outgoingentitynames-fieldlikelihood" : 0.17422266788981255 , "bi-similarentitynames-/np-part" : 0.0 , "bi-similarentitynames-fieldlikelihood" : 0.0984599066034682 , "name" : "default-best" , "score" : "0.12487184714514976" }
