{ "bi-attributes-/np-part" : 0.12583948905040146 , "bi-attributes-fieldlikelihood" : 0.06307704388651375 , "bi-categories-/np-part" : 0.16800185046161045 , "bi-categories-fieldlikelihood" : 0.0 , "bi-names-/np-part" : 0.06947924380437755 , "bi-names-fieldlikelihood" : 0.18531475114883061 , "bi-outgoingentitynames-/np-part" : 0.007311667575724345 , "bi-outgoingentitynames-fieldlikelihood" : 0.009162643664068477 , "bi-similarentitynames-/np-part" : 0.18546381195609482 , "bi-similarentitynames-fieldlikelihood" : 0.18634949845237847 , "name" : "default-best" , "score" : "0.3179998028241856" }
