{ "bi-attributes-/np-part" : 0.13989961707945991 , "bi-attributes-fieldlikelihood" : 0.10573055083141356 , "bi-categories-/np-part" : 0.0 , "bi-categories-fieldlikelihood" : 0.013719110960125434 , "bi-names-/np-part" : 0.12275667395816325 , "bi-names-fieldlikelihood" : 0.12391159634952857 , "bi-outgoingentitynames-/np-part" : 0.0 , "bi-outgoingentitynames-fieldlikelihood" : 0.009232279087342173 , "bi-similarentitynames-/np-part" : 0.23816532543148064 , "bi-similarentitynames-fieldlikelihood" : 0.24658484630248645 , "name" : "default-best" , "score" : "0.3209992031356693" }
