{
  "uni-attributes-/nnp": 0.030847531687869988,
  "uni-attributes-/nns": 0.09735974928742308,
  "uni-attributes-fieldlikelihood": 0.19338286277819708,
  "uni-categories-/nnp": 0.09250355042309193,
  "uni-categories-/nns": 0.044200673114121486,
  "uni-categories-fieldlikelihood": 0.02812347759958004,
  "uni-names-/nnp": 0.027023077584615363,
  "uni-names-/nns": 0.07378086588821112,
  "uni-names-fieldlikelihood": 0.09961051970411329,
  "uni-outgoingentitynames-/nnp": 0,
  "uni-outgoingentitynames-/nns": 0.046323555462354324,
  "uni-outgoingentitynames-fieldlikelihood": 0.0019982211743788925,
  "uni-similarentitynames-/nnp": 0.1551809916206849,
  "uni-similarentitynames-/nns": 0.029638148351532896,
  "uni-similarentitynames-fieldlikelihood": 0.08002677532382557,
  "bi-attributes-/nns": 0.03350783645952764,
  "bi-attributes-/np-part": 0.08049220777028761,
  "bi-attributes-baselinetopscore": 0.06266137878658398,
  "bi-categories-/nns": 0.12747596908274436,
  "bi-categories-/np-part": 0.0688278206345083,
  "bi-categories-baselinetopscore": 0.023006663998765185,
  "bi-names-/nns": 0.0400326292478961,
  "bi-names-/np-part": 0.055948177762683585,
  "bi-names-baselinetopscore": 0.09644505939720956,
  "bi-outgoingentitynames-/nns": 0.04097358860621757,
  "bi-outgoingentitynames-/np-part": 0,
  "bi-outgoingentitynames-baselinetopscore": 0.0038697005138066806,
  "bi-similarentitynames-/nns": 0.12222012029774665,
  "bi-similarentitynames-/np-part": 0.10930824889704453,
  "bi-similarentitynames-baselinetopscore": 0.13523059854497835,
  "odw": 0.13757019011317556,
  "uniw": 0.5452801937419147,
  "uww": 0.3171496161449097
}
