{
  "uni-attributes-/nnp": 0.1459403363798592,
  "uni-attributes-/nns": 0.07168534255813953,
  "uni-attributes-fieldlikelihood": 0.1441343420142385,
  "uni-categories-/nnp": 0.2499309506720217,
  "uni-categories-/nns": 0.12341595127240919,
  "uni-categories-fieldlikelihood": 0.17952660855946884,
  "uni-names-/nnp": 0,
  "uni-names-/nns": 0.0016398951020404067,
  "uni-names-fieldlikelihood": 0.0022762876534244145,
  "uni-outgoingentitynames-/nnp": 0.03752895887863602,
  "uni-outgoingentitynames-/nns": 0,
  "uni-outgoingentitynames-fieldlikelihood": 0.01627103973118089,
  "uni-similarentitynames-/nnp": 0,
  "uni-similarentitynames-/nns": 0.016149389690011375,
  "uni-similarentitynames-fieldlikelihood": 0.01150089748856987,
  "bi-attributes-/nns": 0.10918655678437743,
  "bi-attributes-/np-part": 0.15290669942300797,
  "bi-attributes-baselinetopscore": 0.07299969948583557,
  "bi-categories-/nns": 0.15132321888789055,
  "bi-categories-/np-part": 0.14949246505205807,
  "bi-categories-baselinetopscore": 0.2023316352140621,
  "bi-names-/nns": 0.05762755780273021,
  "bi-names-/np-part": -0.06294512327112134,
  "bi-names-baselinetopscore": 0,
  "bi-outgoingentitynames-/nns": -0.013469009255049836,
  "bi-outgoingentitynames-/np-part": 0.07026510954505846,
  "bi-outgoingentitynames-baselinetopscore": 0.07128621421788753,
  "bi-similarentitynames-/nns": 0.03442656872241649,
  "bi-similarentitynames-/np-part": -0.008620641077585107,
  "bi-similarentitynames-baselinetopscore": 0.013189048468431847,
  "odw": 0.1512453519590487,
  "uniw": 0.6802331485147108,
  "uww": 0.16852149952624046
}
