{ "bi-content-/nns" : 0.5214679238429066 , "bi-content-/np-part" : 0.015517030639432274 , "bi-content-baselinetopscore" : 0.3564451659122461 , "bi-title-/nns" : -0.10288880094974277 , "bi-title-/np-part" : 0.13304188915776574 , "bi-title-baselinetopscore" : 0.07641679139739192 , "name" : "default-best" , "score" : "0.026110970021140954" }
