{ "bi-content-/nns" : 0.36153013653312555 , "bi-content-/np-part" : 0.27111871432095774 , "bi-content-baselinetopscore" : 0.39936075823713013 , "bi-title-/nns" : -0.05263157894736842 , "bi-title-/np-part" : 0.020621969856154873 , "bi-title-baselinetopscore" : 0.0 , "name" : "default-best" , "score" : "0.02287650522258077" }
