{ "bi-content-/nns" : 0.32003236085682496 , "bi-content-/np-part" : 0.2112190733481919 , "bi-content-baselinetopscore" : 0.21311537456245921 , "bi-title-/nns" : 0.0 , "bi-title-/np-part" : 0.18616124240095297 , "bi-title-baselinetopscore" : 0.06947194883157094 , "name" : "default-best" , "score" : "0.022139895474315854" }
