{ "bi-content-/nns" : 0.3875834661226802 , "bi-content-/np-part" : 0.43434573862275194 , "bi-content-baselinetopscore" : 0.17807079525456784 , "bi-title-/nns" : 0.0 , "bi-title-/np-part" : 0.0 , "bi-title-baselinetopscore" : 0.0 , "name" : "default-best" , "score" : "0.019073370225132603" }
