{ "bi-content-/nns" : 0.31169332670247635 , "bi-content-/np-part" : 0.18161744965165838 , "bi-content-baselinetopscore" : 0.28188411640318395 , "bi-title-/nns" : -0.05012531328320803 , "bi-title-/np-part" : 0.17990482188125836 , "bi-title-baselinetopscore" : 0.09502559864463105 , "name" : "default-best" , "score" : "0.021271833527995283" }
