{ "bi-content-/nns" : 0.2556682230939239 , "bi-content-/np-part" : 0.26138624310297437 , "bi-content-baselinetopscore" : 0.43915519942768827 , "bi-title-/nns" : 0.13796766611700992 , "bi-title-/np-part" : -0.14885218307091197 , "bi-title-baselinetopscore" : 0.05467485132931534 , "name" : "default-best" , "score" : "0.059204560680779846" }
