{ "bi-content-/nns" : 0.16938058045239734 , "bi-content-/np-part" : 0.2542473623335327 , "bi-content-baselinetopscore" : 0.49229208188176726 , "bi-title-/nns" : 0.26532594747215343 , "bi-title-/np-part" : -0.05846369824546789 , "bi-title-baselinetopscore" : -0.12278227389438282 , "name" : "default-best" , "score" : "0.05753247482487239" }
