{ "bi-content-/nns" : 0.28800952118401646 , "bi-content-/np-part" : 0.45124858251927735 , "bi-content-baselinetopscore" : 0.214784977301126 , "bi-title-/nns" : 0.2125788069933676 , "bi-title-/np-part" : -0.110942175383056 , "bi-title-baselinetopscore" : -0.05567971261473132 , "name" : "default-best" , "score" : "0.0750288152177624" }
