{ "bi-content-/nns" : 0.33204646259355003 , "bi-content-/np-part" : 0.4610306403507545 , "bi-content-baselinetopscore" : 0.19542307266300366 , "bi-title-/nns" : 0.1778506043897758 , "bi-title-/np-part" : -0.11094911794722262 , "bi-title-baselinetopscore" : -0.0554016620498615 , "name" : "default-best" , "score" : "0.06838481818954814" }
