{ "bi-content-/nns" : 0.3210179259920531 , "bi-content-/np-part" : 0.28381859383073993 , "bi-content-baselinetopscore" : 0.2816010450651035 , "bi-title-/nns" : 0.15224703223018907 , "bi-title-/np-part" : -0.05263157894736843 , "bi-title-baselinetopscore" : 0.013946981829282923 , "name" : "default-best" , "score" : "0.055709226555311554" }
