{ "bi-content-/nns" : 0.15499386931461395 , "bi-content-/np-part" : 0.5874996106393694 , "bi-content-baselinetopscore" : 0.2079717574513075 , "bi-title-/nns" : 0.06804997248047862 , "bi-title-/np-part" : -0.09711759805615174 , "bi-title-baselinetopscore" : 0.07860238817038222 , "name" : "default-best" , "score" : "0.04580236114307735" }
