{ "bi-content-/nns" : 0.0956646804630618 , "bi-content-/np-part" : 0.6435949506351746 , "bi-content-baselinetopscore" : 0.24363388982618533 , "bi-title-/nns" : 0.036137240286202965 , "bi-title-/np-part" : 0.027797715870126277 , "bi-title-baselinetopscore" : -0.04682847708075081 , "name" : "default-best" , "score" : "0.0300909207508329" }
