{ "bi-content-/nns" : 0.14694300971687138 , "bi-content-/np-part" : 0.29381596273998345 , "bi-content-baselinetopscore" : 0.4328390074006779 , "bi-title-/nns" : 0.12419281535332156 , "bi-title-/np-part" : -0.137064535127206 , "bi-title-baselinetopscore" : 0.1392737399163519 , "name" : "default-best" , "score" : "0.04564913169148353" }
