{ "bi-content-/nns" : 0.1870983087585207 , "bi-content-/np-part" : 0.41959265649460303 , "bi-content-baselinetopscore" : 0.023145506352087564 , "bi-title-/nns" : 0.4923206604913625 , "bi-title-/np-part" : -0.14040473539076567 , "bi-title-baselinetopscore" : 0.018247603294191735 , "name" : "default-best" , "score" : "0.03408989223134583" }
