{ "bi-content-/nns" : 0.2678724932477085 , "bi-content-/np-part" : 0.45140747401407466 , "bi-content-baselinetopscore" : 0.242603665481744 , "bi-title-/nns" : 0.06723694188513726 , "bi-title-/np-part" : 0.029343123616803315 , "bi-title-baselinetopscore" : -0.058463698245467884 , "name" : "default-best" , "score" : "0.043470223565026965" }
