{ "bi-content-/nns" : 0.2161667688548693 , "bi-content-/np-part" : 0.26934308347628344 , "bi-content-baselinetopscore" : 0.3252632394983163 , "bi-title-/nns" : 0.05868135294977838 , "bi-title-/np-part" : 0.11465009006418635 , "bi-title-baselinetopscore" : 0.015895465156566257 , "name" : "default-best" , "score" : "0.1375729313581569" }
