{ "bi-content-/nns" : 0.4514968844640244 , "bi-content-/np-part" : -0.047093411142793556 , "bi-content-baselinetopscore" : 0.5155461565905181 , "bi-title-/nns" : 0.05554103659830648 , "bi-title-/np-part" : 0.0 , "bi-title-baselinetopscore" : 0.024509333489944697 , "name" : "default-best" , "score" : "0.12713026625158746" }
