{ "bi-content-/nns" : 0.24568030140515446 , "bi-content-/np-part" : 0.3425963177947854 , "bi-content-baselinetopscore" : 0.20456419631296655 , "bi-title-/nns" : 0.08232060696144697 , "bi-title-/np-part" : 0.08417555102731968 , "bi-title-baselinetopscore" : 0.04066302649832703 , "name" : "default-best" , "score" : "0.10899743227064038" }
