{ "bi-content-/nns" : 0.3673863915596067 , "bi-content-/np-part" : 0.18037819751938197 , "bi-content-baselinetopscore" : 0.3530372717726095 , "bi-title-/nns" : 0.0 , "bi-title-/np-part" : 0.0828745251502833 , "bi-title-baselinetopscore" : 0.01632361399811853 , "name" : "default-best" , "score" : "0.12288921014759564" }
