{ "bi-content-/nns" : 0.19135501762839935 , "bi-content-/np-part" : 0.2328213350023114 , "bi-content-baselinetopscore" : 0.27610619458130986 , "bi-title-/nns" : 0.19113764526821883 , "bi-title-/np-part" : 0.05222280534846959 , "bi-title-baselinetopscore" : 0.056357002171290825 , "name" : "default-best" , "score" : "0.1391039454862377" }
