{ "name" : "default-best" , "score" : "0.12355899672493342" , "uni-attributes-/jj" : 0.17864067671641634 , "uni-attributes-/nnp" : 0.3135825312644781 , "uni-attributes-fieldlikelihood" : 0.07579878634929743 , "uni-categories-/jj" : 0.06164358500045768 , "uni-categories-/nnp" : 0.0 , "uni-categories-fieldlikelihood" : 0.09405217930512022 , "uni-names-/jj" : 0.040795638920095606 , "uni-names-/nnp" : 0.09710084439715932 , "uni-names-fieldlikelihood" : 0.0027991819724173836 , "uni-outgoingentitynames-/jj" : 0.037923804025879235 , "uni-outgoingentitynames-/nnp" : 0.0 , "uni-outgoingentitynames-fieldlikelihood" : 0.0 , "uni-similarentitynames-/jj" : 0.04100038459064514 , "uni-similarentitynames-/nnp" : 0.0 , "uni-similarentitynames-fieldlikelihood" : 0.056662387458033384 }
