{ "name" : "default-best" , "score" : "0.1235428325524327" , "uni-attributes-/jj" : 0.04900671752074753 , "uni-attributes-/nnp" : 0.39386967074744544 , "uni-attributes-fieldlikelihood" : 0.10899158438454475 , "uni-categories-/jj" : 0.03600282839642979 , "uni-categories-/nnp" : 0.0 , "uni-categories-fieldlikelihood" : 0.06553694608844826 , "uni-names-/jj" : 0.1083484959923097 , "uni-names-/nnp" : 0.11048627159782216 , "uni-names-fieldlikelihood" : 0.06606487434461535 , "uni-outgoingentitynames-/jj" : 0.0010960552258149085 , "uni-outgoingentitynames-/nnp" : 0.0 , "uni-outgoingentitynames-fieldlikelihood" : 0.004386109241705441 , "uni-similarentitynames-/jj" : 0.04576969585682757 , "uni-similarentitynames-/nnp" : 0.01044075060328912 , "uni-similarentitynames-fieldlikelihood" : 0.0 }
