{ "name" : "default-best" , "score" : "0.11900515079605214" , "uni-attributes-/jj" : 0.09218981831136522 , "uni-attributes-/nnp" : 0.21451896650307709 , "uni-attributes-fieldlikelihood" : 0.13793743824053378 , "uni-categories-/jj" : 0.13160168566405533 , "uni-categories-/nnp" : 0.0 , "uni-categories-fieldlikelihood" : 0.06232011782169277 , "uni-names-/jj" : 0.16631308382129023 , "uni-names-/nnp" : 0.09466302415100396 , "uni-names-fieldlikelihood" : 0.03868759486273941 , "uni-outgoingentitynames-/jj" : 0.0 , "uni-outgoingentitynames-/nnp" : 0.0 , "uni-outgoingentitynames-fieldlikelihood" : 0.0 , "uni-similarentitynames-/jj" : 0.002889971883485717 , "uni-similarentitynames-/nnp" : 0.012503200052869872 , "uni-similarentitynames-fieldlikelihood" : 0.04637509868788665 }
