{ "name" : "default-best" , "score" : "0.12068958301304604" , "uni-attributes-/jj" : 0.047619047619047616 , "uni-attributes-/nnp" : 0.2573852011967618 , "uni-attributes-fieldlikelihood" : 0.19237491346563862 , "uni-categories-/jj" : 0.09292144333960065 , "uni-categories-/nnp" : 0.0 , "uni-categories-fieldlikelihood" : 0.11359896179373931 , "uni-names-/jj" : 0.0 , "uni-names-/nnp" : 0.086538316746212 , "uni-names-fieldlikelihood" : 0.0 , "uni-outgoingentitynames-/jj" : 0.0 , "uni-outgoingentitynames-/nnp" : 0.0431918799265738 , "uni-outgoingentitynames-fieldlikelihood" : 0.0 , "uni-similarentitynames-/jj" : 0.08538615973896309 , "uni-similarentitynames-/nnp" : 0.0 , "uni-similarentitynames-fieldlikelihood" : 0.08098407617346302 }
