{ "name" : "default-best" , "score" : "0.11693695276144941" , "uni-attributes-/jj" : 0.09116182014223757 , "uni-attributes-/nnp" : 0.28193154200986154 , "uni-attributes-fieldlikelihood" : 0.18616456564055706 , "uni-categories-/jj" : 0.013896811788547727 , "uni-categories-/nnp" : 0.0 , "uni-categories-fieldlikelihood" : 0.18126312241493056 , "uni-names-/jj" : 0.003997649967813191 , "uni-names-/nnp" : 0.06861339609424337 , "uni-names-fieldlikelihood" : 0.0 , "uni-outgoingentitynames-/jj" : 0.0 , "uni-outgoingentitynames-/nnp" : 0.04893802227782597 , "uni-outgoingentitynames-fieldlikelihood" : 0.0 , "uni-similarentitynames-/jj" : 0.04856042667520642 , "uni-similarentitynames-/nnp" : 0.0 , "uni-similarentitynames-fieldlikelihood" : 0.07547264298877664 }
