{ "name" : "default-best" , "score" : "0.21469888374710935" , "uni-attributes-/jj" : 0.13176126191894333 , "uni-attributes-/nnp" : 0.217537545501124 , "uni-attributes-fieldlikelihood" : 0.10369898206698168 , "uni-categories-/jj" : 0.11107634799696434 , "uni-categories-/nnp" : 0.15882504739353506 , "uni-categories-fieldlikelihood" : 0.18400059115453643 , "uni-names-/jj" : 0.0 , "uni-names-/nnp" : 0.0 , "uni-names-fieldlikelihood" : 0.0 , "uni-outgoingentitynames-/jj" : 0.0 , "uni-outgoingentitynames-/nnp" : 0.05078272570864349 , "uni-outgoingentitynames-fieldlikelihood" : 0.021580456107640242 , "uni-similarentitynames-/jj" : 0.0 , "uni-similarentitynames-/nnp" : 0.0 , "uni-similarentitynames-fieldlikelihood" : 0.020737042151631305 }
