{ "name" : "default-best" , "score" : "0.18525122136145739" , "uni-attributes-/jj" : 0.19988085161372848 , "uni-attributes-/nnp" : 0.15220025749823848 , "uni-attributes-fieldlikelihood" : 0.13210458054650226 , "uni-categories-/jj" : 0.048748994703281756 , "uni-categories-/nnp" : 0.21293913229049513 , "uni-categories-fieldlikelihood" : 0.1498170760041286 , "uni-names-/jj" : 0.0 , "uni-names-/nnp" : 0.0 , "uni-names-fieldlikelihood" : 0.0 , "uni-outgoingentitynames-/jj" : 0.0 , "uni-outgoingentitynames-/nnp" : 0.0528775287123042 , "uni-outgoingentitynames-fieldlikelihood" : 0.0 , "uni-similarentitynames-/jj" : 0.03963259169047621 , "uni-similarentitynames-/nnp" : 0.0 , "uni-similarentitynames-fieldlikelihood" : 0.011798986940844837 }
