{ "name" : "default-best" , "score" : "0.20884078840341708" , "uni-attributes-/jj" : 0.2066517907213129 , "uni-attributes-/nnp" : 0.17140875389013202 , "uni-attributes-fieldlikelihood" : 0.09437003598959551 , "uni-categories-/jj" : 0.07187410240580576 , "uni-categories-/nnp" : 0.199521555366324 , "uni-categories-fieldlikelihood" : 0.19034876096377273 , "uni-names-/jj" : 0.0 , "uni-names-/nnp" : 0.0 , "uni-names-fieldlikelihood" : 0.0 , "uni-outgoingentitynames-/jj" : 0.0 , "uni-outgoingentitynames-/nnp" : 0.0452414795091949 , "uni-outgoingentitynames-fieldlikelihood" : 0.0 , "uni-similarentitynames-/jj" : 0.0 , "uni-similarentitynames-/nnp" : 0.0 , "uni-similarentitynames-fieldlikelihood" : 0.020583521153862312 }
