{ "name" : "default-best" , "score" : "0.208557376903387" , "uni-attributes-/jj" : 0.18982562915388929 , "uni-attributes-/nnp" : 0.1375706455279485 , "uni-attributes-fieldlikelihood" : 0.084490040831738 , "uni-categories-/jj" : 0.1415327561483238 , "uni-categories-/nnp" : 0.1950230550422508 , "uni-categories-fieldlikelihood" : 0.13951219430619138 , "uni-names-/jj" : 0.04186434072784379 , "uni-names-/nnp" : 0.0 , "uni-names-fieldlikelihood" : 0.0 , "uni-outgoingentitynames-/jj" : 0.0 , "uni-outgoingentitynames-/nnp" : 0.028165364041218475 , "uni-outgoingentitynames-fieldlikelihood" : 0.020779391988216836 , "uni-similarentitynames-/jj" : 0.0 , "uni-similarentitynames-/nnp" : 0.0 , "uni-similarentitynames-fieldlikelihood" : 0.021236582232379 }
