{ "name" : "default-best" , "score" : "0.18958887932513296" , "uni-attributes-/jj" : 0.0805781020784072 , "uni-attributes-/nnp" : 0.1560102385467416 , "uni-attributes-fieldlikelihood" : 0.1489756879440553 , "uni-categories-/jj" : 0.10079200153652917 , "uni-categories-/nnp" : 0.2605993872880333 , "uni-categories-fieldlikelihood" : 0.17404568684140037 , "uni-names-/jj" : 0.0 , "uni-names-/nnp" : 0.0 , "uni-names-fieldlikelihood" : 0.0 , "uni-outgoingentitynames-/jj" : 0.0 , "uni-outgoingentitynames-/nnp" : 0.0415126375267512 , "uni-outgoingentitynames-fieldlikelihood" : 0.0 , "uni-similarentitynames-/jj" : 0.0 , "uni-similarentitynames-/nnp" : 0.0 , "uni-similarentitynames-fieldlikelihood" : 0.03748625823808207 }
