{ "name" : "default-best" , "score" : "0.20330426459124468" , "uni-attributes-/jj" : 0.09105109948353751 , "uni-attributes-/nnp" : 0.04545531807233661 , "uni-attributes-fieldlikelihood" : 0.10391835819633223 , "uni-categories-/jj" : 0.09433945148897127 , "uni-categories-/nnp" : 0.020023695315810656 , "uni-categories-fieldlikelihood" : 0.18205867518085617 , "uni-names-/jj" : 0.0 , "uni-names-/nnp" : 0.0 , "uni-names-fieldlikelihood" : 0.0 , "uni-outgoingentitynames-/jj" : 0.0 , "uni-outgoingentitynames-/nnp" : 0.27963298224526606 , "uni-outgoingentitynames-fieldlikelihood" : 0.055203426492316236 , "uni-similarentitynames-/jj" : 0.0 , "uni-similarentitynames-/nnp" : 0.10050826742906906 , "uni-similarentitynames-fieldlikelihood" : 0.02780872609550431 }
