{ "name" : "default-best" , "score" : "0.16260928255270293" , "uni-attributes-/jj" : 0.030831243972723615 , "uni-attributes-/nnp" : 0.07060220023997041 , "uni-attributes-fieldlikelihood" : 0.04606027618595911 , "uni-categories-/jj" : 0.11427492077501751 , "uni-categories-/nnp" : 0.05217448377180558 , "uni-categories-fieldlikelihood" : 0.14831210377618664 , "uni-names-/jj" : 0.0 , "uni-names-/nnp" : 0.0 , "uni-names-fieldlikelihood" : 0.0 , "uni-outgoingentitynames-/jj" : 0.036254556132076496 , "uni-outgoingentitynames-/nnp" : 0.23373103917806373 , "uni-outgoingentitynames-fieldlikelihood" : 0.027640885070587356 , "uni-similarentitynames-/jj" : 0.11312463210933475 , "uni-similarentitynames-/nnp" : 0.12699365878827476 , "uni-similarentitynames-fieldlikelihood" : 0.0 }
