{ "name" : "default-best" , "score" : "0.20236137332321746" , "uni-attributes-/jj" : 0.06580762143048545 , "uni-attributes-/nnp" : 0.0 , "uni-attributes-fieldlikelihood" : 0.029333239511694933 , "uni-categories-/jj" : 0.30980758942029485 , "uni-categories-/nnp" : 0.03737566445075125 , "uni-categories-fieldlikelihood" : 0.10224579887186365 , "uni-names-/jj" : 0.0 , "uni-names-/nnp" : 0.0 , "uni-names-fieldlikelihood" : 0.0 , "uni-outgoingentitynames-/jj" : 0.10201708548150461 , "uni-outgoingentitynames-/nnp" : 0.23198294104648706 , "uni-outgoingentitynames-fieldlikelihood" : 0.015743552840770555 , "uni-similarentitynames-/jj" : 0.0 , "uni-similarentitynames-/nnp" : 0.0933630317378669 , "uni-similarentitynames-fieldlikelihood" : 0.012323475208280605 }
