{ "name" : "default-best" , "score" : "0.20493810133035945" , "uni-attributes-/jj" : 0.034478776857557195 , "uni-attributes-/nnp" : 0.0 , "uni-attributes-fieldlikelihood" : 0.10796028836607273 , "uni-categories-/jj" : 0.28148823246401794 , "uni-categories-/nnp" : 0.0 , "uni-categories-fieldlikelihood" : 0.19467629811299153 , "uni-names-/jj" : 0.0 , "uni-names-/nnp" : 0.0 , "uni-names-fieldlikelihood" : 0.0 , "uni-outgoingentitynames-/jj" : 0.0 , "uni-outgoingentitynames-/nnp" : 0.22915096620090053 , "uni-outgoingentitynames-fieldlikelihood" : 0.04917429493141938 , "uni-similarentitynames-/jj" : 0.0 , "uni-similarentitynames-/nnp" : 0.01897634478881621 , "uni-similarentitynames-fieldlikelihood" : 0.08409479827822451 }
