{ "name" : "default-best" , "score" : "0.18592073047229454" , "uni-attributes-/jj" : 0.17332972982803757 , "uni-attributes-/nnp" : 0.01550782535428542 , "uni-attributes-fieldlikelihood" : 0.13187474572383598 , "uni-categories-/jj" : 0.11966134391854634 , "uni-categories-/nnp" : 0.05259671759544516 , "uni-categories-fieldlikelihood" : 0.028650403415290897 , "uni-names-/jj" : 0.0 , "uni-names-/nnp" : 0.0 , "uni-names-fieldlikelihood" : 0.0 , "uni-outgoingentitynames-/jj" : 0.0 , "uni-outgoingentitynames-/nnp" : 0.2949476860575017 , "uni-outgoingentitynames-fieldlikelihood" : 0.12124099773904295 , "uni-similarentitynames-/jj" : 0.0 , "uni-similarentitynames-/nnp" : 0.0 , "uni-similarentitynames-fieldlikelihood" : 0.06219055036801396 }
