{ "name" : "default-best" , "score" : "0.3381200232966112" , "uni-attributes-/jj" : 0.05038631958199385 , "uni-attributes-/nnp" : 0.04681255844104321 , "uni-attributes-fieldlikelihood" : 0.1347335605657189 , "uni-categories-/jj" : 0.12908148222404242 , "uni-categories-/nnp" : 0.09800536720104147 , "uni-categories-fieldlikelihood" : 0.013716860999532482 , "uni-names-/jj" : 0.0895720296789625 , "uni-names-/nnp" : 0.018276407380895837 , "uni-names-fieldlikelihood" : 0.08967023947870427 , "uni-outgoingentitynames-/jj" : 0.012691054244714698 , "uni-outgoingentitynames-/nnp" : 0.0 , "uni-outgoingentitynames-fieldlikelihood" : 0.009034824953877618 , "uni-similarentitynames-/jj" : 0.08798734675592979 , "uni-similarentitynames-/nnp" : 0.1775611684010454 , "uni-similarentitynames-fieldlikelihood" : 0.0424707800924976 }
