{ "name" : "default-best" , "score" : "0.34101455060071956" , "uni-attributes-/jj" : 0.04015544039664111 , "uni-attributes-/nnp" : 0.11381551625176552 , "uni-attributes-fieldlikelihood" : 0.13915735464779316 , "uni-categories-/jj" : 0.0 , "uni-categories-/nnp" : 0.08547896761579538 , "uni-categories-fieldlikelihood" : 0.011506141356259688 , "uni-names-/jj" : 0.04580201016648531 , "uni-names-/nnp" : 0.019666414259710722 , "uni-names-fieldlikelihood" : 0.07260739830606568 , "uni-outgoingentitynames-/jj" : 0.019923052535318356 , "uni-outgoingentitynames-/nnp" : 0.0 , "uni-outgoingentitynames-fieldlikelihood" : 0.025219635803468907 , "uni-similarentitynames-/jj" : 0.1592566276516898 , "uni-similarentitynames-/nnp" : 0.1963510089980896 , "uni-similarentitynames-fieldlikelihood" : 0.0710604320109168 }
