{ "name" : "default-best" , "score" : "0.3572335113951517" , "uni-attributes-/jj" : 0.08482745225638348 , "uni-attributes-/nnp" : 0.07506988488508931 , "uni-attributes-fieldlikelihood" : 0.14298595311683993 , "uni-categories-/jj" : 0.050418427734879305 , "uni-categories-/nnp" : 0.045308509067775934 , "uni-categories-fieldlikelihood" : 0.023046573686963643 , "uni-names-/jj" : 0.026505185695650888 , "uni-names-/nnp" : 0.08205661355442381 , "uni-names-fieldlikelihood" : 0.08341142203358225 , "uni-outgoingentitynames-/jj" : 0.0 , "uni-outgoingentitynames-/nnp" : 0.0 , "uni-outgoingentitynames-fieldlikelihood" : 0.023591276396896836 , "uni-similarentitynames-/jj" : 0.14603242009496073 , "uni-similarentitynames-/nnp" : 0.13468966792213014 , "uni-similarentitynames-fieldlikelihood" : 0.08205661355442381 }
