{ "name" : "default-best" , "score" : "0.34564166688939413" , "uni-attributes-/jj" : 0.05684959115176307 , "uni-attributes-/nnp" : 0.06417647577647588 , "uni-attributes-fieldlikelihood" : 0.1527846149605209 , "uni-categories-/jj" : 0.02190690720859414 , "uni-categories-/nnp" : 0.05615147575408584 , "uni-categories-fieldlikelihood" : 0.02174313554759673 , "uni-names-/jj" : 0.10503310541649052 , "uni-names-/nnp" : 0.023908289929941835 , "uni-names-fieldlikelihood" : 0.056803576460433665 , "uni-outgoingentitynames-/jj" : 0.0 , "uni-outgoingentitynames-/nnp" : 0.0 , "uni-outgoingentitynames-fieldlikelihood" : 0.01533330006080153 , "uni-similarentitynames-/jj" : 0.25243348755462 , "uni-similarentitynames-/nnp" : 0.11154283993546983 , "uni-similarentitynames-fieldlikelihood" : 0.061333200243206126 }
