{ "name" : "default-best" , "score" : "0.37224050806874526" , "uni-attributes-/jj" : 0.148153479955794 , "uni-attributes-/nnp" : 0.04520346887516855 , "uni-attributes-fieldlikelihood" : 0.09901073764917863 , "uni-categories-/jj" : 0.054442269911522706 , "uni-categories-/nnp" : 0.10171006944126758 , "uni-categories-fieldlikelihood" : 0.019740633516224734 , "uni-names-/jj" : 0.09945922184461307 , "uni-names-/nnp" : 0.054442269911522706 , "uni-names-fieldlikelihood" : 0.052208406342724785 , "uni-outgoingentitynames-/jj" : 0.0048110804052905925 , "uni-outgoingentitynames-/nnp" : 0.014821027911359032 , "uni-outgoingentitynames-fieldlikelihood" : 0.007528093345569128 , "uni-similarentitynames-/jj" : 0.09527397234516476 , "uni-similarentitynames-/nnp" : 0.14875299863307692 , "uni-similarentitynames-fieldlikelihood" : 0.054442269911522706 }
