{ "name" : "default-best-best" , "od-/const" : 0.04084239504556622 , "od-/nnp" : 0.0 , "od-/nns" : -0.05248329180642 , "od-/np-part" : 0.049859127216098975 , "score" : "0.14805125199515112" , "uni-/const" : 0.21702118397761205 , "uni-/jjs" : 0.21086252543978323 , "uni-/nn" : 0.1394728037291561 , "uni-/nnp" : 0.1647388122524659 , "uni-/nns" : 0.1691835844319802 , "uww-/const" : 0.06033100105455655 , "uww-/nnp" : 1.7185865920082963E-4 , "uww-/nns" : 0.0 , "uww-/np-part" : 0.0 }
