{ "name" : "default-best-best" , "od-/const" : 0.0460803548718778 , "od-/nnp" : 9.473404754113393E-5 , "od-/nns" : -0.05012293899630222 , "od-/np-part" : 0.018556876926501632 , "score" : "0.13854391890582834" , "uni-/const" : 0.253784826943586 , "uni-/jjs" : 0.185823671550192 , "uni-/nn" : 0.15452936557736568 , "uni-/nnp" : 0.13590723756271428 , "uni-/nns" : 0.12771318416536734 , "uww-/const" : 0.04115829228653371 , "uww-/nnp" : 0.03650156291593804 , "uww-/nns" : 0.04997283214868469 , "uww-/np-part" : 0.0 }
