{ "name" : "default-best-best" , "od-/const" : 0.06319218220834943 , "od-/nnp" : 0.051921518362163896 , "od-/nns" : 0.0 , "od-/np-part" : 0.04284093772515465 , "score" : "0.1286348819627937" , "uni-/const" : 0.297150852456278 , "uni-/jjs" : 0.16854744940610655 , "uni-/nn" : 0.13028515680122893 , "uni-/nnp" : 0.12517865833237254 , "uni-/nns" : 0.11356956186520457 , "uww-/const" : 0.11839228383904513 , "uww-/nnp" : -0.05465422985490936 , "uww-/nns" : 0.0 , "uww-/np-part" : -0.05642437114099435 }
