{ "name" : "default-best-best" , "od-/const" : 0.0 , "od-/nnp" : 0.04316629749646551 , "od-/nns" : 0.0 , "od-/np-part" : 0.09385856034795102 , "score" : "0.14242810144144175" , "uni-/const" : 0.3640665326904665 , "uni-/jjs" : 0.13695570254509185 , "uni-/nn" : 0.0795505353616423 , "uni-/nnp" : 0.1507793545461398 , "uni-/nns" : 0.11368108915784941 , "uww-/const" : 0.06668129098769965 , "uww-/nnp" : 0.0 , "uww-/nns" : 0.0 , "uww-/np-part" : -0.048739363133305874 }
