{ "name" : "default-best-best" , "od-/const" : 0.03078943713026391 , "od-/nnp" : 0.0 , "od-/nns" : 0.0 , "od-/np-part" : 0.0 , "score" : "0.13189853076215474" , "uni-/const" : 0.26846124979726765 , "uni-/jjs" : 0.12693458003824284 , "uni-/nn" : 0.13944001174788903 , "uni-/nnp" : 0.09767068115564212 , "uni-/nns" : 0.08642702520208603 , "uww-/const" : 0.038012550752911184 , "uww-/nnp" : 0.027864050757080403 , "uww-/nns" : 0.1392092211825911 , "uww-/np-part" : 0.04519119223602573 }
