{ "name" : "default-best-best" , "od-/const" : 0.18363206434679424 , "od-/nnp" : -0.1540084169012882 , "od-/nns" : -0.07378887222344867 , "od-/np-part" : 0.0 , "score" : "0.21882386752735902" , "uni-/const" : 0.36002729080927653 , "uni-/jjs" : -0.2742769231901481 , "uni-/nn" : -0.15485042327586743 , "uni-/nnp" : 0.2218330134335652 , "uni-/nns" : 0.38671615689838873 , "uww-/const" : 0.03994943930600272 , "uww-/nnp" : 0.0 , "uww-/nns" : 0.08817232595192996 , "uww-/np-part" : 0.37659434484479504 }
