{ "name" : "default-best-best" , "od-/const" : 0.0 , "od-/nnp" : 0.10236727206737975 , "od-/nns" : 0.03460136159771298 , "od-/np-part" : 0.0 , "score" : "0.2268565749024719" , "uni-/const" : 0.26921605902608853 , "uni-/jjs" : 0.1373447511468231 , "uni-/nn" : 0.0 , "uni-/nnp" : 0.05510070723362475 , "uni-/nns" : 0.15418942449958087 , "uww-/const" : 0.10669521504672774 , "uww-/nnp" : 8.071183444480287E-4 , "uww-/nns" : 0.0 , "uww-/np-part" : 0.13967809103761433 }
