{ "name" : "default-best-best" , "od-/const" : 0.0553319661923393 , "od-/nnp" : 0.05852444857077736 , "od-/nns" : 0.050753466919224555 , "od-/np-part" : -0.05342470202023637 , "score" : "0.22612076696382602" , "uni-/const" : 0.1708252961537716 , "uni-/jjs" : -0.16148300320980827 , "uni-/nn" : -0.0554016620498615 , "uni-/nnp" : 0.22904593976858298 , "uni-/nns" : 0.22183939969644484 , "uww-/const" : 0.058444605398568654 , "uww-/nnp" : 0.14324347425763423 , "uww-/nns" : 0.0 , "uww-/np-part" : 0.28230077032256273 }
