{ "name" : "default-best-best" , "od-/const" : 0.036068998375471346 , "od-/nnp" : 0.13157043645803462 , "od-/nns" : 0.09473464841547322 , "od-/np-part" : 0.0 , "score" : "0.23035288350432412" , "uni-/const" : 0.12854624298378117 , "uni-/jjs" : -0.05263157894736843 , "uni-/nn" : 0.0 , "uni-/nnp" : 0.07104875947559565 , "uni-/nns" : 0.2948730785908374 , "uww-/const" : 0.17532228224131263 , "uww-/nnp" : 0.04394927025417468 , "uww-/nns" : 0.043192344521511654 , "uww-/np-part" : 0.033325517631176076 }
