{ "name" : "default-best-best" , "od-/const" : 0.08874748149279627 , "od-/nnp" : 0.0905400993419812 , "od-/nns" : 0.0 , "od-/np-part" : 0.05358389849621453 , "score" : "0.25159511627569836" , "uni-/const" : 0.11929260690503884 , "uni-/jjs" : -0.15850168193786093 , "uni-/nn" : 0.0 , "uni-/nnp" : 0.3551648723142267 , "uni-/nns" : 0.2492927955409161 , "uww-/const" : 0.11929260690503884 , "uww-/nnp" : 0.011270792092853536 , "uww-/nns" : -0.047976078056243834 , "uww-/np-part" : 0.11929260690503884 }
