{ "name" : "default-best-best" , "od-/const" : 0.1404013064593747 , "od-/nnp" : -0.0488593737566196 , "od-/nns" : 0.0 , "od-/np-part" : 0.039359031442608605 , "score" : "0.27184215128651684" , "uni-/const" : 0.16276194475166567 , "uni-/jjs" : -0.10344450884551808 , "uni-/nn" : 0.2511803098542335 , "uni-/nnp" : 0.19287980225009974 , "uni-/nns" : 0.35792757285401045 , "uww-/const" : 0.02603325072865308 , "uww-/nnp" : 0.0 , "uww-/nns" : 0.032695966537950275 , "uww-/np-part" : -0.05093530227645844 }
