{ "name" : "default-best-best" , "od-/const" : 0.22659290487357836 , "od-/nnp" : -0.058072010470582885 , "od-/nns" : 0.0 , "od-/np-part" : 0.04373085010061051 , "score" : "0.25608477087335607" , "uni-/const" : 0.22236157421039868 , "uni-/jjs" : 0.003482084782552559 , "uni-/nn" : -0.06773233470836316 , "uni-/nnp" : 0.04396586037772603 , "uni-/nns" : 0.22703886625068959 , "uww-/const" : 0.22726268556222828 , "uww-/nnp" : 0.098198323759697 , "uww-/nns" : -0.052631578947368446 , "uww-/np-part" : 0.08580277420883381 }
