{ "name" : "default-best-best" , "od-/const" : 0.20128497789783703 , "od-/nnp" : 0.05032914954233051 , "od-/nns" : 0.0375320305725243 , "od-/np-part" : -0.11418933019570651 , "score" : "0.21993056699549696" , "uni-/const" : 0.14605850067572002 , "uni-/jjs" : 0.020659131668686714 , "uni-/nn" : 0.1462284942290631 , "uni-/nnp" : 0.11676846383226772 , "uni-/nns" : 0.015278230709546868 , "uww-/const" : 0.022456603679115804 , "uww-/nnp" : 0.10968217741408835 , "uww-/nns" : 0.09924617331430033 , "uww-/np-part" : 0.14866539666022566 }
