{ "name" : "default-best-best" , "od-/const" : 0.16590435959663802 , "od-/nnp" : -0.058317538999854215 , "od-/nns" : 0.06570313474447842 , "od-/np-part" : 0.05203934878568486 , "score" : "0.2322682497265733" , "uni-/const" : 0.2941436278608267 , "uni-/jjs" : -0.19625915435826927 , "uni-/nn" : 0.1690603315810151 , "uni-/nnp" : 0.2909682152430879 , "uni-/nns" : 0.13182484999927288 , "uww-/const" : 0.16672538975781886 , "uww-/nnp" : -0.11590878863392937 , "uww-/nns" : 0.0 , "uww-/np-part" : 0.03411622442323041 }
