{ "name" : "default-best-best" , "od-/const" : 0.18365871684021884 , "od-/nnp" : 0.03617904503361748 , "od-/nns" : 0.01535615204340197 , "od-/np-part" : -0.048372761599978456 , "score" : "0.21340369443390564" , "uni-/const" : 0.14951072488215691 , "uni-/jjs" : 0.08323760402743154 , "uni-/nn" : 0.05397848852565344 , "uni-/nnp" : 0.20393546218895492 , "uni-/nns" : 0.08981577798486981 , "uww-/const" : 0.03084001788990737 , "uww-/nnp" : 0.06871457493591021 , "uww-/nns" : 0.0 , "uww-/np-part" : 0.13314619724785584 }
