{ "name" : "default-best-best" , "od-/const" : 0.016941855175466036 , "od-/nnp" : 0.1053621867512621 , "od-/nns" : 0.06629777794821583 , "od-/np-part" : 0.0 , "score" : "0.392763833405199" , "uni-/const" : 0.10939133361455615 , "uni-/jjs" : 0.2972775629528359 , "uni-/nn" : 0.06629777794821583 , "uni-/nnp" : 0.06629777794821583 , "uni-/nns" : 0.06629777794821583 , "uww-/const" : 0.11132005303208393 , "uww-/nnp" : 0.11441811164612184 , "uww-/nns" : 0.02920723666821402 , "uww-/np-part" : -0.0491094516334034 }
