{ "name" : "default-best-best" , "od-/const" : 0.0 , "od-/nnp" : 0.15320224205518604 , "od-/nns" : 0.05689561905108731 , "od-/np-part" : 0.04563556882102713 , "score" : "0.42440851385294037" , "uni-/const" : 0.15461663514421833 , "uni-/jjs" : 0.06489238367725152 , "uni-/nn" : 0.11179329219631291 , "uni-/nnp" : 0.013313402664092006 , "uni-/nns" : 0.11401522273740346 , "uww-/const" : 0.15052767395017624 , "uww-/nnp" : 0.1963576553934704 , "uww-/nns" : -0.09849190789002893 , "uww-/np-part" : 0.037242212199803754 }
