{ "name" : "default-best-best" , "od-/const" : 0.17579956953833453 , "od-/nnp" : -0.05252926304023762 , "od-/nns" : 0.1279931525911826 , "od-/np-part" : -0.05900007319206692 , "score" : "0.4090828999194537" , "uni-/const" : 0.29298446109200565 , "uni-/jjs" : 0.010158559389019748 , "uni-/nn" : 0.07257631759232024 , "uni-/nnp" : 0.1266687088239597 , "uni-/nns" : 0.1070090748582538 , "uww-/const" : 0.13672681003207066 , "uww-/nnp" : 0.009268267414922421 , "uww-/nns" : 0.027324822507598143 , "uww-/np-part" : 0.025019592392637225 }
