{ "name" : "default-best-best" , "od-/const" : 0.03916670922523178 , "od-/nnp" : 0.15562770506327606 , "od-/nns" : 0.04145787439287969 , "od-/np-part" : 0.011325272218909898 , "score" : "0.4241853920375011" , "uni-/const" : 0.11486711903141439 , "uni-/jjs" : 0.19932108800257503 , "uni-/nn" : 0.0 , "uni-/nnp" : 0.143743630145287 , "uni-/nns" : 0.0 , "uww-/const" : 0.04692264339633973 , "uww-/nnp" : 0.22958623855258095 , "uww-/nns" : 0.017981719971505463 , "uww-/np-part" : 0.0 }
