{ "name" : "default-best-best" , "od-/const" : 0.027013694717381544 , "od-/nnp" : 0.06682547602624249 , "od-/nns" : 0.0 , "od-/np-part" : 0.026521498082057712 , "score" : "0.39516522524245007" , "uni-/const" : 0.08495844391933213 , "uni-/jjs" : 0.018712889288608706 , "uni-/nn" : 0.1322434100619059 , "uni-/nnp" : 0.384970716354565 , "uni-/nns" : 0.10124304268980158 , "uww-/const" : 0.10293859010401163 , "uww-/nnp" : 0.0 , "uww-/nns" : 0.006641588405093857 , "uww-/np-part" : 0.04793065035099962 }
