{ "bi-attributes-/nns" : 0.006759664907054077 , "bi-attributes-/np-part" : 0.04744573443347534 , "bi-attributes-baselinetopscore" : 0.05898084167534274 , "bi-attributes-fieldlikelihood" : 0.0 , "bi-categories-/nns" : 0.12268859226934198 , "bi-categories-/np-part" : 0.0 , "bi-categories-baselinetopscore" : 0.1249012526792626 , "bi-categories-fieldlikelihood" : 0.14158036411717345 , "bi-names-/nns" : 0.05025094063479501 , "bi-names-/np-part" : 0.03267204025972267 , "bi-names-baselinetopscore" : 0.007513948080878676 , "bi-names-fieldlikelihood" : 0.0 , "bi-outgoingentitynames-/nns" : 0.060346077440988265 , "bi-outgoingentitynames-/np-part" : 0.0 , "bi-outgoingentitynames-baselinetopscore" : 0.0 , "bi-outgoingentitynames-fieldlikelihood" : 0.0 , "bi-similarentitynames-/nns" : 0.04025761324253157 , "bi-similarentitynames-/np-part" : 0.0 , "bi-similarentitynames-baselinetopscore" : 0.20934633043959955 , "bi-similarentitynames-fieldlikelihood" : 0.097256599819834 , "name" : "default-best" , "score" : "0.08268613740837688" }
