{ "bi-attributes-/nns" : 0.019660569623840492 , "bi-attributes-/np-part" : 0.078583659017288 , "bi-attributes-baselinetopscore" : 0.09242860087436038 , "bi-attributes-fieldlikelihood" : 0.07546415815344937 , "bi-categories-/nns" : 0.21730871620096592 , "bi-categories-/np-part" : 0.06622935651866098 , "bi-categories-baselinetopscore" : 0.11158845238131403 , "bi-categories-fieldlikelihood" : 0.09628358926204489 , "bi-names-/nns" : 0.0 , "bi-names-/np-part" : 0.0 , "bi-names-baselinetopscore" : 0.0 , "bi-names-fieldlikelihood" : 0.0 , "bi-outgoingentitynames-/nns" : 0.06620374506507053 , "bi-outgoingentitynames-/np-part" : 0.0 , "bi-outgoingentitynames-baselinetopscore" : 0.0 , "bi-outgoingentitynames-fieldlikelihood" : 0.10742538376112847 , "bi-similarentitynames-/nns" : 0.0 , "bi-similarentitynames-/np-part" : 0.0 , "bi-similarentitynames-baselinetopscore" : 0.06882376914187677 , "bi-similarentitynames-fieldlikelihood" : 0.0 , "name" : "default-best" , "score" : "0.18168044794868396" }
