{ "bi-attributes-/nns" : 0.05054703549104575 , "bi-attributes-/np-part" : 0.1292283142868053 , "bi-attributes-baselinetopscore" : 0.046770578826019975 , "bi-attributes-fieldlikelihood" : 0.0 , "bi-categories-/nns" : 0.05023565982898794 , "bi-categories-/np-part" : 0.12922217349165485 , "bi-categories-baselinetopscore" : 0.16238348476754347 , "bi-categories-fieldlikelihood" : 0.18231243382105708 , "bi-names-/nns" : 0.04871321575649663 , "bi-names-/np-part" : 0.0 , "bi-names-baselinetopscore" : 0.0 , "bi-names-fieldlikelihood" : 0.0 , "bi-outgoingentitynames-/nns" : 0.04685060244673949 , "bi-outgoingentitynames-/np-part" : 0.0 , "bi-outgoingentitynames-baselinetopscore" : 0.0718866776560517 , "bi-outgoingentitynames-fieldlikelihood" : 0.045388747954619085 , "bi-similarentitynames-/nns" : 0.03646107567297869 , "bi-similarentitynames-/np-part" : 0.0 , "bi-similarentitynames-baselinetopscore" : 0.0 , "bi-similarentitynames-fieldlikelihood" : 0.0 , "name" : "default-best" , "score" : "0.2180416527627189" }
