{ "1-const" : 0.8879064964066592 , "1-lndf" : -0.058610223804980335 , "1-lntf" : 0.05581926076664794 , "2-const" : 0.11488446663167326 , "2-lndf" : 0.0 , "2-lntf" : 0.0 , "name" : "default-best" , "score" : "0.12057705562881012" }
