{ "1-const" : 1.0041166663303982 , "1-lndf" : -0.10844320028126606 , "1-lntf" : 0.05581926076664792 , "2-const" : 0.04850727318422001 , "2-lndf" : 0.0 , "2-lntf" : 0.0 , "name" : "default-best" , "score" : "0.12805692180268813" }
