{ "1-const" : 1.004703101438115 , "1-lndf" : -0.11985827399508357 , "1-lntf" : 0.058610223804980335 , "2-const" : 0.056544948751988185 , "2-lndf" : 0.0 , "2-lntf" : 0.0 , "name" : "default-best" , "score" : "0.11725079192335028" }
