{ "1-const" : 0.932063370300752 , "1-lndf" : 0.0 , "1-lntf" : 2.7805056486982074E-4 , "2-const" : 0.06765857913437806 , "2-lndf" : 0.0 , "2-lntf" : 0.0 , "name" : "default-best" , "score" : "0.10906220434274183" }
