{ "1-const" : 0.9191503115330086 , "1-lndf" : 0.0413415732208658 , "1-lntf" : -0.04546513676481452 , "2-const" : 0.08497325201094011 , "2-lndf" : 0.0 , "2-lntf" : 0.0 , "name" : "default-best" , "score" : "0.1175907866972991" }
