{ "1-const" : 0.9151078271096591 , "1-lndf" : 0.04340865188190907 , "1-lntf" : -0.04773839360305525 , "2-const" : 0.08922191461148708 , "2-lndf" : 0.0 , "2-lntf" : 0.0 , "name" : "default-best" , "score" : "0.1254405770550671" }
