{ "1-const" : 0.9057918169593924 , "1-lndf" : -0.14848649267664665 , "1-lntf" : 0.1437138993649487 , "2-const" : 0.0989807763523056 , "2-lndf" : 0.0 , "2-lntf" : 0.0 , "name" : "default-best" , "score" : "0.12295070499288621" }
