{ "1-const" : 0.8421052631578947 , "1-lndf" : 0.0 , "1-lntf" : 0.0 , "2-const" : 0.15789473684210528 , "2-lndf" : 0.0 , "2-lntf" : 0.0 , "name" : "default-best" , "score" : "0.19799386956362727" }
