{ "1-const" : 0.8205263726208947 , "1-lndf" : 0.0 , "1-lntf" : 0.04773839360305525 , "2-const" : 0.13173523377605006 , "2-lndf" : 0.0 , "2-lntf" : 0.0 , "name" : "default-best" , "score" : "0.18977368618791707" }
