{ "1-const" : 0.915107827109659 , "1-lndf" : -0.04773839360305525 , "1-lntf" : 0.04569331777043061 , "2-const" : 0.08693724872296557 , "2-lndf" : 0.0 , "2-lntf" : 0.0 , "name" : "default-best" , "score" : "0.20745972146159086" }
