{ "1-const" : 0.8114333452679319 , "1-lndf" : 0.0 , "1-lntf" : 0.04773839360305526 , "2-const" : 0.14082826112901303 , "2-lndf" : 0.0 , "2-lntf" : 0.0 , "name" : "default-best" , "score" : "0.18892703768845823" }
