{ "1-const" : 0.8310249307479224 , "1-lndf" : 0.0 , "1-lntf" : 0.0 , "2-const" : 0.16897506925207756 , "2-lndf" : 0.0 , "2-lntf" : 0.0 , "name" : "default-best" , "score" : "0.19792451615491916" }
