{ "1-const" : 0.8331366532924238 , "1-lndf" : 2.637826431020722E-4 , "1-lntf" : 0.0 , "2-const" : 0.16659956406447407 , "2-lndf" : 0.0 , "2-lntf" : 0.0 , "name" : "default-best" , "score" : "0.1861765513268969" }
