{ "1-const" : 0.7806149723338819 , "1-lndf" : 0.0 , "1-lntf" : 0.055540513333194486 , "2-const" : 0.16384451433292374 , "2-lndf" : 0.0 , "2-lntf" : 0.0 , "name" : "default-best" , "score" : "0.20210145657760878" }
