{ "1-const" : 0.6959818091594902 , "1-lndf" : 0.050250940634795 , "1-lntf" : 0.05276348766653476 , "2-const" : 0.20100376253918 , "2-lndf" : 0.0 , "2-lntf" : 0.0 , "name" : "default-best" , "score" : "0.1598497728865896" }
