{ "1-const" : 0.7732426303854877 , "1-lndf" : 0.0 , "1-lntf" : 0.045351473922902494 , "2-const" : 0.18140589569160998 , "2-lndf" : 0.0 , "2-lntf" : 0.0 , "name" : "default-best" , "score" : "0.18801494150438633" }
