{ "1-const" : 0.7832531467172086 , "1-lndf" : 0.050125313283208045 , "1-lntf" : 0.0 , "2-const" : 0.16662153999958354 , "2-lndf" : 0.0 , "2-lntf" : 0.0 , "name" : "default-best" , "score" : "0.19040210107461694" }
