{ "1-const" : 0.79226762511505 , "1-lndf" : 0.0431918799265738 , "1-lntf" : 0.0 , "2-const" : 0.16454049495837636 , "2-lndf" : 0.0 , "2-lntf" : 0.0 , "name" : "default-best" , "score" : "0.2171436882994273" }
