{ "1-const" : 0.7482718815195332 , "1-lndf" : 0.0 , "1-lntf" : 0.09093055839890704 , "2-const" : 0.06976986058060312 , "2-lndf" : 0.04761904761904762 , "2-lntf" : 0.04340865188190907 , "name" : "default-best" , "score" : "0.24718399990581968" }
