{ "1-const" : 0.7386891264442285 , "1-lndf" : 0.0453514739229025 , "1-lntf" : 0.0 , "2-const" : 0.21595939963286906 , "2-lndf" : 0.0 , "2-lntf" : 0.0 , "name" : "default-best" , "score" : "0.24795395442413337" }
