{ "1-const" : 0.7282794128246707 , "1-lndf" : 0.0 , "1-lntf" : 0.0 , "2-const" : 0.2717205871753294 , "2-lndf" : 0.0 , "2-lntf" : 0.0 , "name" : "default-best" , "score" : "0.26390741727867373" }
