{ "1-const" : 0.7355864726611544 , "1-lndf" : 0.0 , "1-lntf" : 0.0 , "2-const" : 0.2644135273388456 , "2-lndf" : 0.0 , "2-lntf" : 0.0 , "name" : "default-best" , "score" : "0.2649707044593966" }
