{ "1-const" : 0.7347318996380144 , "1-lndf" : 0.0 , "1-lntf" : 0.0 , "2-const" : 0.2652681003619856 , "2-lndf" : 0.0 , "2-lntf" : 0.0 , "name" : "default-best" , "score" : "0.29254047386916454" }
