{ "1-const" : 0.8421052631578947 , "1-lndf" : 0.0 , "1-lntf" : -0.05263157894736842 , "2-const" : 0.21052631578947367 , "2-lndf" : 0.0 , "2-lntf" : 0.0 , "name" : "default-best" , "score" : "0.2721648492725067" }
