{ "1-const" : 0.7352243292422368 , "1-lndf" : 0.04340865188190909 , "1-lntf" : -0.05025094063479502 , "2-const" : 0.27161795951064915 , "2-lndf" : 0.0 , "2-lntf" : 0.0 , "name" : "default-best" , "score" : "0.2926130172139045" }
