{ "name" : "default-best" , "score" : "0.1236604218591398" , "uni-attributes-/nns" : 0.3123015452205306 , "uni-attributes-fieldlikelihood" : 0.19389875503162696 , "uni-categories-/nns" : 0.2014255787980676 , "uni-categories-fieldlikelihood" : 0.13933037064893053 , "uni-names-/nns" : 0.0 , "uni-names-fieldlikelihood" : 0.0 , "uni-outgoingentitynames-/nns" : 0.0 , "uni-outgoingentitynames-fieldlikelihood" : 0.0 , "uni-similarentitynames-/nns" : 0.0750269312101839 , "uni-similarentitynames-fieldlikelihood" : 0.07801681909066047 }
