{ "name" : "default-best" , "score" : "0.10816017651229567" , "uni-attributes-/nns" : 0.2645517205303939 , "uni-attributes-fieldlikelihood" : 0.27074356009809986 , "uni-categories-/nns" : 0.15825386920711504 , "uni-categories-fieldlikelihood" : 0.15177813680125624 , "uni-names-/nns" : 0.008106239638232864 , "uni-names-fieldlikelihood" : 0.0 , "uni-outgoingentitynames-/nns" : 0.0 , "uni-outgoingentitynames-fieldlikelihood" : 0.014845936902152997 , "uni-similarentitynames-/nns" : 0.0 , "uni-similarentitynames-fieldlikelihood" : 0.13172053682274906 }
