{ "name" : "default-best" , "score" : "0.11971704071505573" , "uni-attributes-/nns" : 0.27714162943695586 , "uni-attributes-fieldlikelihood" : 0.22213586889801432 , "uni-categories-/nns" : 0.17779248916557128 , "uni-categories-fieldlikelihood" : 0.16934984502756598 , "uni-names-/nns" : 0.061772704882082606 , "uni-names-fieldlikelihood" : 0.0 , "uni-outgoingentitynames-/nns" : 0.0 , "uni-outgoingentitynames-fieldlikelihood" : 0.0 , "uni-similarentitynames-/nns" : 0.0 , "uni-similarentitynames-fieldlikelihood" : 0.09180746258980996 }
