{ "name" : "default-best" , "score" : "0.11253672959447039" , "uni-attributes-/nns" : 0.1706509816827292 , "uni-attributes-fieldlikelihood" : 0.3322093297693805 , "uni-categories-/nns" : 0.2183038986390756 , "uni-categories-fieldlikelihood" : 0.15291502202919882 , "uni-names-/nns" : 0.0 , "uni-names-fieldlikelihood" : 0.07645751101459941 , "uni-outgoingentitynames-/nns" : 0.0 , "uni-outgoingentitynames-fieldlikelihood" : 0.0 , "uni-similarentitynames-/nns" : 0.025512659835577756 , "uni-similarentitynames-fieldlikelihood" : 0.02395059702943865 }
