{ "name" : "default-best" , "score" : "0.1161636074861174" , "uni-attributes-/nns" : 0.36919941473324247 , "uni-attributes-fieldlikelihood" : 0.1394557202078984 , "uni-categories-/nns" : 0.28132363137142447 , "uni-categories-fieldlikelihood" : 0.11824403755785821 , "uni-names-/nns" : 0.0 , "uni-names-fieldlikelihood" : 0.003206100490269346 , "uni-outgoingentitynames-/nns" : 0.03293793703015916 , "uni-outgoingentitynames-fieldlikelihood" : 0.0 , "uni-similarentitynames-/nns" : 0.0 , "uni-similarentitynames-fieldlikelihood" : 0.055633158609147776 }
