{ "name" : "default-best" , "score" : "0.21193199141971053" , "uni-attributes-/nns" : 0.2107224306166131 , "uni-attributes-fieldlikelihood" : 0.19232038420431333 , "uni-categories-/nns" : 0.08452975065315743 , "uni-categories-fieldlikelihood" : 0.34019556481799096 , "uni-names-/nns" : 0.0 , "uni-names-fieldlikelihood" : 0.0 , "uni-outgoingentitynames-/nns" : 0.0 , "uni-outgoingentitynames-fieldlikelihood" : 0.041246561513374386 , "uni-similarentitynames-/nns" : 0.11064982642138572 , "uni-similarentitynames-fieldlikelihood" : 0.020335481773165087 }
