{ "name" : "default-best" , "score" : "0.20407562802320958" , "uni-attributes-/nns" : 0.07506978262954435 , "uni-attributes-fieldlikelihood" : 0.22223347915402247 , "uni-categories-/nns" : 0.35794398860219584 , "uni-categories-fieldlikelihood" : 0.2548363047587083 , "uni-names-/nns" : 0.0 , "uni-names-fieldlikelihood" : 0.0 , "uni-outgoingentitynames-/nns" : 0.0 , "uni-outgoingentitynames-fieldlikelihood" : 0.04085417553673028 , "uni-similarentitynames-/nns" : 0.03384716619768942 , "uni-similarentitynames-fieldlikelihood" : 0.0152151031211093 }
