{ "name" : "default-best" , "score" : "0.1843262657524192" , "uni-attributes-/nns" : 0.13399924573832478 , "uni-attributes-fieldlikelihood" : 0.2941159924108269 , "uni-categories-/nns" : 0.15112496151426658 , "uni-categories-fieldlikelihood" : 0.34070934380408685 , "uni-names-/nns" : 0.0 , "uni-names-fieldlikelihood" : 0.0 , "uni-outgoingentitynames-/nns" : 0.0 , "uni-outgoingentitynames-fieldlikelihood" : 0.04472325840425916 , "uni-similarentitynames-/nns" : 0.0 , "uni-similarentitynames-fieldlikelihood" : 0.035327198128235725 }
