{ "name" : "default-best" , "score" : "0.17971823749971327" , "uni-attributes-/nns" : 0.21253524273744617 , "uni-attributes-fieldlikelihood" : 0.20601072854096167 , "uni-categories-/nns" : 0.2636477943977681 , "uni-categories-fieldlikelihood" : 0.21949108534944284 , "uni-names-/nns" : 0.0 , "uni-names-fieldlikelihood" : 0.0 , "uni-outgoingentitynames-/nns" : 0.0 , "uni-outgoingentitynames-fieldlikelihood" : 0.04634834632123065 , "uni-similarentitynames-/nns" : 0.04283255431611756 , "uni-similarentitynames-fieldlikelihood" : 0.00913424833703306 }
