{ "name" : "default-best" , "score" : "0.20579035807215817" , "uni-attributes-/nns" : 0.1543915521398868 , "uni-attributes-fieldlikelihood" : 0.12065933500993298 , "uni-categories-/nns" : 0.30979394561423096 , "uni-categories-fieldlikelihood" : 0.3195932301605597 , "uni-names-/nns" : 0.0 , "uni-names-fieldlikelihood" : 0.0 , "uni-outgoingentitynames-/nns" : 0.0 , "uni-outgoingentitynames-fieldlikelihood" : 0.04676548660054897 , "uni-similarentitynames-/nns" : 0.0 , "uni-similarentitynames-fieldlikelihood" : 0.048796450474840755 }
