{ "name" : "default-best" , "score" : "0.18416294387187054" , "uni-attributes-/nns" : 0.1701245320598748 , "uni-attributes-fieldlikelihood" : 0.09933109169938394 , "uni-categories-/nns" : 0.26341886778311174 , "uni-categories-fieldlikelihood" : 0.0630394718646835 , "uni-names-/nns" : 0.0 , "uni-names-fieldlikelihood" : 0.0 , "uni-outgoingentitynames-/nns" : 0.026576387830767597 , "uni-outgoingentitynames-fieldlikelihood" : 0.1759371202385873 , "uni-similarentitynames-/nns" : 0.14740241425427328 , "uni-similarentitynames-fieldlikelihood" : 0.05417011426931795 }
