{ "name" : "default-best" , "score" : "0.1971762981718113" , "uni-attributes-/nns" : 0.20219663669333704 , "uni-attributes-fieldlikelihood" : 0.10918470929296328 , "uni-categories-/nns" : 0.35076430206931936 , "uni-categories-fieldlikelihood" : 0.027867041705495546 , "uni-names-/nns" : 0.0 , "uni-names-fieldlikelihood" : 0.0 , "uni-outgoingentitynames-/nns" : 0.06596869521516291 , "uni-outgoingentitynames-fieldlikelihood" : 0.16119539507399175 , "uni-similarentitynames-/nns" : 0.04158555049149185 , "uni-similarentitynames-fieldlikelihood" : 0.04123766945823823 }
