{ "name" : "default-best" , "score" : "0.18199023451544266" , "uni-attributes-/nns" : 0.23197154336587317 , "uni-attributes-fieldlikelihood" : 0.13558218070383266 , "uni-categories-/nns" : 0.2857146694840717 , "uni-categories-fieldlikelihood" : 0.023314960735208067 , "uni-names-/nns" : 0.0 , "uni-names-fieldlikelihood" : 0.0 , "uni-outgoingentitynames-/nns" : 0.0 , "uni-outgoingentitynames-fieldlikelihood" : 0.20723556025625023 , "uni-similarentitynames-/nns" : 0.09137140044127014 , "uni-similarentitynames-fieldlikelihood" : 0.02480968501349399 }
