{ "name" : "default-best" , "score" : "0.19758375839334782" , "uni-attributes-/nns" : 0.28005252299520783 , "uni-attributes-fieldlikelihood" : 0.09474868919115194 , "uni-categories-/nns" : 0.30148763202385864 , "uni-categories-fieldlikelihood" : 0.0783346832887833 , "uni-names-/nns" : 0.0 , "uni-names-fieldlikelihood" : 0.0 , "uni-outgoingentitynames-/nns" : 4.010034051408438E-4 , "uni-outgoingentitynames-fieldlikelihood" : 0.19314856430740587 , "uni-similarentitynames-/nns" : 0.0 , "uni-similarentitynames-fieldlikelihood" : 0.051826904788451617 }
