{ "name" : "default-best" , "score" : "0.36379524707528754" , "uni-attributes-/nns" : 0.12387279608019867 , "uni-attributes-fieldlikelihood" : 0.2416740266571899 , "uni-categories-/nns" : 0.0 , "uni-categories-fieldlikelihood" : 0.05125644596454642 , "uni-names-/nns" : 0.056067242273991215 , "uni-names-fieldlikelihood" : 0.12672737604837958 , "uni-outgoingentitynames-/nns" : 0.07111325618368464 , "uni-outgoingentitynames-fieldlikelihood" : 0.030008098489536165 , "uni-similarentitynames-/nns" : 0.1385266461597667 , "uni-similarentitynames-fieldlikelihood" : 0.16075411214270663 }
