{ "name" : "default-best" , "score" : "0.3381639182186602" , "uni-attributes-/nns" : 0.1454398077229125 , "uni-attributes-fieldlikelihood" : 0.2528433332196831 , "uni-categories-/nns" : 0.0 , "uni-categories-fieldlikelihood" : 0.04554339514110828 , "uni-names-/nns" : 0.08587766511699567 , "uni-names-fieldlikelihood" : 0.08791934802867278 , "uni-outgoingentitynames-/nns" : 0.09609411357164505 , "uni-outgoingentitynames-fieldlikelihood" : 0.0 , "uni-similarentitynames-/nns" : 0.1428573951458927 , "uni-similarentitynames-fieldlikelihood" : 0.14342494205308992 }
