{ "name" : "default-best" , "score" : "0.3298650336525528" , "uni-attributes-/nns" : 0.18617637659013853 , "uni-attributes-fieldlikelihood" : 0.29002856756601614 , "uni-categories-/nns" : 0.0 , "uni-categories-fieldlikelihood" : 0.04317290324620029 , "uni-names-/nns" : 0.1446809795762342 , "uni-names-fieldlikelihood" : 0.1485424873166999 , "uni-outgoingentitynames-/nns" : 0.03643040104010562 , "uni-outgoingentitynames-fieldlikelihood" : 0.006953158629538537 , "uni-similarentitynames-/nns" : 0.04402166873856844 , "uni-similarentitynames-fieldlikelihood" : 0.09999345729649842 }
