{ "name" : "default-best" , "score" : "0.35287604095147257" , "uni-attributes-/nns" : 0.21250174539572625 , "uni-attributes-fieldlikelihood" : 0.20521292720140905 , "uni-categories-/nns" : 0.06872757762716933 , "uni-categories-fieldlikelihood" : 0.03384859826579521 , "uni-names-/nns" : 0.1607219804007096 , "uni-names-fieldlikelihood" : 0.06632071008692099 , "uni-outgoingentitynames-/nns" : 0.0755482763297193 , "uni-outgoingentitynames-fieldlikelihood" : 0.0 , "uni-similarentitynames-/nns" : 0.0639752378430956 , "uni-similarentitynames-fieldlikelihood" : 0.1131429468494547 }
