{ "name" : "default-best" , "score" : "0.11279549953369335" , "uni-attributes-/dep-leaf" : 0.045468438664400104 , "uni-attributes-fieldlikelihood" : 0.43271398204479017 , "uni-categories-/dep-leaf" : 0.18443139395906494 , "uni-categories-fieldlikelihood" : 0.20486681643502397 , "uni-names-/dep-leaf" : -0.009986754494751737 , "uni-names-fieldlikelihood" : 0.04619754941269213 , "uni-outgoingentitynames-/dep-leaf" : 0.0 , "uni-outgoingentitynames-fieldlikelihood" : 0.0 , "uni-similarentitynames-/dep-leaf" : 0.09630857397878057 , "uni-similarentitynames-fieldlikelihood" : 0.0 }
