{ "name" : "default-best" , "score" : "0.11689286001549035" , "uni-attributes-/dep-leaf" : 0.2578112027448118 , "uni-attributes-fieldlikelihood" : 0.2587915695931816 , "uni-categories-/dep-leaf" : 0.0904170349793877 , "uni-categories-fieldlikelihood" : 0.21303124517293612 , "uni-names-/dep-leaf" : 0.07142454377098198 , "uni-names-fieldlikelihood" : 0.04103162525214635 , "uni-outgoingentitynames-/dep-leaf" : 0.0 , "uni-outgoingentitynames-fieldlikelihood" : 0.017674627810636636 , "uni-similarentitynames-/dep-leaf" : 0.018001306686500813 , "uni-similarentitynames-fieldlikelihood" : 0.03181684398941703 }
