{ "name" : "default-best" , "score" : "0.11321165789766267" , "uni-attributes-/dep-leaf" : 0.18834597256019198 , "uni-attributes-fieldlikelihood" : 0.24479717875680448 , "uni-categories-/dep-leaf" : 0.18475601410414244 , "uni-categories-fieldlikelihood" : 0.25219763644452664 , "uni-names-/dep-leaf" : 0.0 , "uni-names-fieldlikelihood" : 0.02254816629710043 , "uni-outgoingentitynames-/dep-leaf" : 0.0 , "uni-outgoingentitynames-fieldlikelihood" : 0.0 , "uni-similarentitynames-/dep-leaf" : 0.0667316743406914 , "uni-similarentitynames-fieldlikelihood" : 0.040623357496542625 }
