{ "name" : "default-best" , "score" : "0.11734030124717196" , "uni-attributes-/dep-leaf" : 0.2753460649715648 , "uni-attributes-fieldlikelihood" : 0.19909480601226343 , "uni-categories-/dep-leaf" : 0.21389475669180558 , "uni-categories-fieldlikelihood" : 0.10331831811558446 , "uni-names-/dep-leaf" : 0.020832648923078095 , "uni-names-fieldlikelihood" : 0.032022714548373785 , "uni-outgoingentitynames-/dep-leaf" : 0.0 , "uni-outgoingentitynames-fieldlikelihood" : 0.0 , "uni-similarentitynames-/dep-leaf" : 0.15267334730810184 , "uni-similarentitynames-fieldlikelihood" : 0.0028173434292278862 }
