{ "name" : "default-best" , "score" : "0.11394013202729789" , "uni-attributes-/dep-leaf" : 0.2976880202245753 , "uni-attributes-fieldlikelihood" : 0.28382354271550914 , "uni-categories-/dep-leaf" : 0.03369929203136963 , "uni-categories-fieldlikelihood" : 0.20016020115268307 , "uni-names-/dep-leaf" : 0.0 , "uni-names-fieldlikelihood" : 0.10578646723098611 , "uni-outgoingentitynames-/dep-leaf" : 0.0 , "uni-outgoingentitynames-fieldlikelihood" : 0.0 , "uni-similarentitynames-/dep-leaf" : 0.032138716703132245 , "uni-similarentitynames-fieldlikelihood" : 0.04670375994174451 }
