{ "name" : "default-best" , "score" : "0.2084236564018873" , "uni-attributes-/dep-leaf" : 0.22763990609323748 , "uni-attributes-fieldlikelihood" : 0.1711116208281837 , "uni-categories-/dep-leaf" : 0.2279093511194831 , "uni-categories-fieldlikelihood" : 0.28742829616705273 , "uni-names-/dep-leaf" : 0.005381936561004674 , "uni-names-fieldlikelihood" : -0.050677816774665416 , "uni-outgoingentitynames-/dep-leaf" : 0.0 , "uni-outgoingentitynames-fieldlikelihood" : 0.060515037545153666 , "uni-similarentitynames-/dep-leaf" : 0.013629281665464524 , "uni-similarentitynames-fieldlikelihood" : 0.057062386795085435 }
