{ "name" : "default-best" , "score" : "0.20335012317799883" , "uni-attributes-/dep-leaf" : 0.12443438983084158 , "uni-attributes-fieldlikelihood" : 0.23168035673450263 , "uni-categories-/dep-leaf" : 0.22811979003192362 , "uni-categories-fieldlikelihood" : 0.3604962565415181 , "uni-names-/dep-leaf" : -0.04746792818335709 , "uni-names-fieldlikelihood" : 0.0 , "uni-outgoingentitynames-/dep-leaf" : 0.08816311516057286 , "uni-outgoingentitynames-fieldlikelihood" : 0.01872120747217143 , "uni-similarentitynames-/dep-leaf" : -0.004147187588173228 , "uni-similarentitynames-fieldlikelihood" : 0.0 }
