{ "name" : "default-best" , "score" : "0.1830615449748268" , "uni-attributes-/dep-leaf" : 0.3021565640877204 , "uni-attributes-fieldlikelihood" : 0.20340107750358602 , "uni-categories-/dep-leaf" : 0.2520832188857944 , "uni-categories-fieldlikelihood" : 0.20508873713127382 , "uni-names-/dep-leaf" : -0.09361438453851322 , "uni-names-fieldlikelihood" : 0.008252164835866396 , "uni-outgoingentitynames-/dep-leaf" : 0.10019654446499768 , "uni-outgoingentitynames-fieldlikelihood" : 0.00602315631384128 , "uni-similarentitynames-/dep-leaf" : 0.0 , "uni-similarentitynames-fieldlikelihood" : 0.016412921315433315 }
