{ "name" : "default-best" , "score" : "0.18630848676089987" , "uni-attributes-/dep-leaf" : 0.19793835215562675 , "uni-attributes-fieldlikelihood" : 0.2506687203195053 , "uni-categories-/dep-leaf" : 0.24553851487112424 , "uni-categories-fieldlikelihood" : 0.2526400009700474 , "uni-names-/dep-leaf" : -0.04943896455845676 , "uni-names-fieldlikelihood" : 0.005069144688750111 , "uni-outgoingentitynames-/dep-leaf" : 0.07886530920365882 , "uni-outgoingentitynames-fieldlikelihood" : 0.0 , "uni-similarentitynames-/dep-leaf" : 0.0 , "uni-similarentitynames-fieldlikelihood" : 0.018718922349744052 }
