{ "name" : "default-best" , "score" : "0.21301675672667594" , "uni-attributes-/dep-leaf" : 0.1328577864059155 , "uni-attributes-fieldlikelihood" : 0.30155698472394205 , "uni-categories-/dep-leaf" : 0.16341719656403217 , "uni-categories-fieldlikelihood" : 0.315344311485802 , "uni-names-/dep-leaf" : 0.0 , "uni-names-fieldlikelihood" : -0.056699909410513546 , "uni-outgoingentitynames-/dep-leaf" : 0.11014941993039248 , "uni-outgoingentitynames-fieldlikelihood" : 0.017788434518053245 , "uni-similarentitynames-/dep-leaf" : -0.05540166204986149 , "uni-similarentitynames-fieldlikelihood" : 0.07098743783223761 }
