{ "name" : "default-best" , "score" : "0.19704084977573166" , "uni-attributes-/dep-leaf" : 0.14467437387938464 , "uni-attributes-fieldlikelihood" : 0.20382680416296028 , "uni-categories-/dep-leaf" : 0.13947004100918475 , "uni-categories-fieldlikelihood" : 0.0765976256828795 , "uni-names-/dep-leaf" : 0.09891931579343051 , "uni-names-fieldlikelihood" : -0.05652362408494274 , "uni-outgoingentitynames-/dep-leaf" : 0.12771324712680673 , "uni-outgoingentitynames-fieldlikelihood" : 0.19664875408763688 , "uni-similarentitynames-/dep-leaf" : 0.0 , "uni-similarentitynames-fieldlikelihood" : 0.06867346234265954 }
