{ "name" : "default-best" , "score" : "0.1765970504657253" , "uni-attributes-/dep-leaf" : 0.1721178907231923 , "uni-attributes-fieldlikelihood" : 0.07174046478231984 , "uni-categories-/dep-leaf" : 0.11185961084755079 , "uni-categories-fieldlikelihood" : 0.22833603476353664 , "uni-names-/dep-leaf" : 0.0 , "uni-names-fieldlikelihood" : 0.0 , "uni-outgoingentitynames-/dep-leaf" : 0.20092583874452183 , "uni-outgoingentitynames-fieldlikelihood" : 0.04736137453276484 , "uni-similarentitynames-/dep-leaf" : 0.13919827159590642 , "uni-similarentitynames-fieldlikelihood" : 0.028460514010207213 }
