{ "name" : "default-best" , "score" : "0.17398584761108088" , "uni-attributes-/dep-leaf" : 0.04393310569073807 , "uni-attributes-fieldlikelihood" : 0.21557366599138297 , "uni-categories-/dep-leaf" : 0.08529706030238138 , "uni-categories-fieldlikelihood" : 0.10319058396774887 , "uni-names-/dep-leaf" : 0.048784952235827954 , "uni-names-fieldlikelihood" : -0.10695652091704308 , "uni-outgoingentitynames-/dep-leaf" : 0.2123872532652222 , "uni-outgoingentitynames-fieldlikelihood" : 0.19528911246997546 , "uni-similarentitynames-/dep-leaf" : 0.07432949937100393 , "uni-similarentitynames-fieldlikelihood" : 0.1281712876227621 }
