{ "name" : "default-best" , "score" : "0.20058366788223964" , "uni-attributes-/dep-leaf" : 0.00613897026678942 , "uni-attributes-fieldlikelihood" : 0.13821778705043242 , "uni-categories-/dep-leaf" : 0.29735214902621343 , "uni-categories-fieldlikelihood" : 0.036734405165621695 , "uni-names-/dep-leaf" : 0.009301984817756749 , "uni-names-fieldlikelihood" : -0.04458831601852926 , "uni-outgoingentitynames-/dep-leaf" : 0.12721136601905814 , "uni-outgoingentitynames-fieldlikelihood" : 0.21902363151775078 , "uni-similarentitynames-/dep-leaf" : 0.10339924274457028 , "uni-similarentitynames-fieldlikelihood" : 0.10720877941033635 }
