{ "name" : "default-best" , "score" : "0.17656693340858393" , "uni-attributes-/dep-leaf" : 0.0 , "uni-attributes-fieldlikelihood" : 0.22066158253374044 , "uni-categories-/dep-leaf" : 0.060531764032651064 , "uni-categories-fieldlikelihood" : 0.16424886868596855 , "uni-names-/dep-leaf" : 0.0010104852853822519 , "uni-names-fieldlikelihood" : 0.0011874422143905413 , "uni-outgoingentitynames-/dep-leaf" : 0.2149423639899405 , "uni-outgoingentitynames-fieldlikelihood" : 0.16473821683175918 , "uni-similarentitynames-/dep-leaf" : 0.11294925715370495 , "uni-similarentitynames-fieldlikelihood" : 0.059730019272462555 }
