{ "name" : "default-best" , "score" : "0.36242167518930546" , "uni-attributes-/dep-leaf" : 0.14965683471289273 , "uni-attributes-fieldlikelihood" : 0.246360443394135 , "uni-categories-/dep-leaf" : 0.04047887240651309 , "uni-categories-fieldlikelihood" : 0.043304660192736585 , "uni-names-/dep-leaf" : 0.06851671863535429 , "uni-names-fieldlikelihood" : 0.13175536952255437 , "uni-outgoingentitynames-/dep-leaf" : 0.0 , "uni-outgoingentitynames-fieldlikelihood" : 0.04155340558167182 , "uni-similarentitynames-/dep-leaf" : 0.12319711225133441 , "uni-similarentitynames-fieldlikelihood" : 0.15517658330280754 }
