{ "name" : "default-best" , "score" : "0.33486662642328613" , "uni-attributes-/dep-leaf" : 0.11304237836407108 , "uni-attributes-fieldlikelihood" : 0.23687986076411147 , "uni-categories-/dep-leaf" : 0.0 , "uni-categories-fieldlikelihood" : 0.07243968034643956 , "uni-names-/dep-leaf" : 0.15753084435799308 , "uni-names-fieldlikelihood" : 0.08583301928415427 , "uni-outgoingentitynames-/dep-leaf" : 0.047619047619047616 , "uni-outgoingentitynames-fieldlikelihood" : 0.004017455400474434 , "uni-similarentitynames-/dep-leaf" : 0.1269049420102831 , "uni-similarentitynames-fieldlikelihood" : 0.15573277185342543 }
