{ "name" : "default-best" , "score" : "0.35089121694098796" , "uni-attributes-/dep-leaf" : 0.1353982497242955 , "uni-attributes-fieldlikelihood" : 0.16957450418994255 , "uni-categories-/dep-leaf" : 0.051428211278078916 , "uni-categories-fieldlikelihood" : 0.04319502280747162 , "uni-names-/dep-leaf" : 0.21110747748788972 , "uni-names-fieldlikelihood" : 0.11912929118346505 , "uni-outgoingentitynames-/dep-leaf" : 0.0 , "uni-outgoingentitynames-fieldlikelihood" : 0.020777805832391253 , "uni-similarentitynames-/dep-leaf" : 0.19320029105123845 , "uni-similarentitynames-fieldlikelihood" : 0.05618914644522693 }
