{ "name" : "default-best" , "score" : "0.3320446703749334" , "uni-attributes-/dep-leaf" : 0.1898087996914555 , "uni-attributes-fieldlikelihood" : 0.21766054043412955 , "uni-categories-/dep-leaf" : 0.04154905883341517 , "uni-categories-fieldlikelihood" : 0.04580783736384021 , "uni-names-/dep-leaf" : 0.0723939663789652 , "uni-names-fieldlikelihood" : 0.1849634973669487 , "uni-outgoingentitynames-/dep-leaf" : 0.031766865484345215 , "uni-outgoingentitynames-fieldlikelihood" : 0.0 , "uni-similarentitynames-/dep-leaf" : 0.14827606130837867 , "uni-similarentitynames-fieldlikelihood" : 0.06777337313852186 }
