{ "name" : "default-best" , "score" : "0.33344497858433164" , "uni-attributes-/dep-leaf" : 0.051335593904863 , "uni-attributes-fieldlikelihood" : 0.3160751492695086 , "uni-categories-/dep-leaf" : 0.0 , "uni-categories-fieldlikelihood" : 0.0718972044030193 , "uni-names-/dep-leaf" : 0.0850430142674447 , "uni-names-fieldlikelihood" : 0.16503384792677236 , "uni-outgoingentitynames-/dep-leaf" : 0.015138222731514965 , "uni-outgoingentitynames-fieldlikelihood" : 0.010555201628176665 , "uni-similarentitynames-/dep-leaf" : 0.15178877442448166 , "uni-similarentitynames-fieldlikelihood" : 0.1331329914442187 }
