{"uniw" : 0.6854002603454329 , "odw" : 0.206257842736326 , "uww" : 0.108341896918241,
 "uni-attributes" : 0.5229549088030051 , "uni-categories" : 0.21001237334085884 , "uni-names" : 0.1253825514764598 , "uni-outgoingentitynames" : 0.05699809136172211 , "uni-similarentitynames" : 0.08465207501795424,
 "od-attributes" : 0.23376423889178144 , "od-categories" : 0.3474953905333222 , "od-names" : 0.1327206402095849 , "od-outgoingentitynames" : 0.02864087907472807 , "od-similarentitynames" : 0.2573788512905833,
"uww-attributes" : 0.3290235541318998 , "uww-categories" : 0.3068226917922866 , "uww-names" : 0.139261689251008 , "uww-outgoingentitynames" : 0.04838873326607884 , "uww-similarentitynames" : 0.1765033315587267}
