{"uniw" : 0.4426707434909914 , "odw" : 0.25460751237324664 , "uww" : 0.302721744135762,
 "uni-attributes" : 0.3394868338332117 , "uni-categories" : 0.15428963681566604 , "uni-names" : 0.0 , "uni-outgoingentitynames" : 0.4668521171097941 , "uni-similarentitynames" : 0.1503205301885507,
 "od-attributes" : 0.1690822129143049 , "od-categories" : 0.44718525473161225 , "od-names" : 0.0 , "od-outgoingentitynames" : 0.2043430917763277 , "od-similarentitynames" : 0.17938944057775508,
 "uww-attributes" : 0.1645683576296654 , "uww-categories" : 0.3341393954674501 , "uww-names" : 0.0 , "uww-outgoingentitynames" : 0.3396991076222855 , "uww-similarentitynames" : 0.1615931392805989
}
