{"uniw" : 0.4310189990374398 , "odw" : 0.32374364285945556 , "uww" : 0.2452373581031048,
 "uni-attributes" : 0.3988114272976658 , "uni-categories" : 0.20049668641113755 , "uni-names" : 0.0 , "uni-outgoingentitynames" : 0.3015367754578722 , "uni-similarentitynames" : 0.09915511083332462,
 "od-attributes" : 0.13226165714797392 , "od-categories" : 0.42274149766742913 , "od-names" : 0.0, "od-outgoingentitynames" : 0.23113653883508772 , "od-similarentitynames" : 0.21888543197764995,
 "uww-attributes" : 0.15962950757786507 , "uww-categories" : 0.3388613285157701 , "uww-names" : 0.0 , "uww-outgoingentitynames" : 0.3211693549762715 , "uww-similarentitynames" : 0.1803398089300933
}
