{"uniw" : 0.6825243649649724 , "odw" : 0.16006501579061921 , "uww" : 0.15741061924440838,
 "uni-attributes" : 0.37479852824194076 , "uni-categories" : 0.09595713700310486 , "uni-names" : 0.19479456236658121 , "uni-outgoingentitynames" : 0.04535147392290249 , "uni-similarentitynames" : 0.2890982984654707,
 "od-attributes" : 0.23187453617724924 , "od-categories" : 0.06383021263607926 , "od-names" : 0.2585463105092616 , "od-outgoingentitynames" : 0.0 , "od-similarentitynames" : 0.44574894067741,
 "uww-attributes" : 0.3893072778144127 , "uww-categories" : 0.018085192388934995 , "uww-names" : 0.17456015794025143 , "uww-outgoingentitynames" : 0.0 , "uww-similarentitynames" : 0.418047371856401
}
