{ "bi-/const" : 0.07035745818841176 , "bi-collectiondf" : 0.0 , "bi-collectiontf" : -0.050250940634794995 , "name" : "default-best" , "score" : "0.10986980759363851" , "uni-/const" : 0.7541620435776795 , "uni-collectiondf" : 0.14209926918823879 , "uni-collectiontf" : 0.0836321696804649 }
