{ "bi-/const" : 0.10676271260277655 , "bi-collectiondf" : 0.0 , "bi-collectiontf" : -0.16986706470685803 , "name" : "default-best" , "score" : "0.11733759251639073" , "uni-/const" : 0.9510262512276306 , "uni-collectiondf" : 0.05611894221314476 , "uni-collectiontf" : 0.0559591586633062 }
