{ "bi-/const" : 0.0504056483321176 , "bi-collectiondf" : 0.03918700208801399 , "bi-collectiontf" : -0.052763487666534756 , "name" : "default-best" , "score" : "0.12724040076296497" , "uni-/const" : 0.2810431020131313 , "uni-collectiondf" : 0.4158873522862005 , "uni-collectiontf" : 0.2662403829470714 }
