{ "bi-/const" : 0.05062971498108655 , "bi-collectiondf" : -0.1034121413649359 , "bi-collectiontf" : 0.07521993789753689 , "name" : "default-best" , "score" : "0.12063705031614144" , "uni-/const" : 0.49248215578614196 , "uni-collectiondf" : 0.04672423580346481 , "uni-collectiontf" : 0.4383560968967057 }
