{ "bi-/const" : 0.04663644007494974 , "bi-collectiondf" : 0.0 , "bi-collectiontf" : 0.03714189525706323 , "name" : "default-best" , "score" : "0.11477598167917566" , "uni-/const" : 0.4847821506779364 , "uni-collectiondf" : 0.09962054830558004 , "uni-collectiontf" : 0.33181896568447056 }
