{ "bi-/const" : 0.04744546039254368 , "bi-collectiondf" : 0.0399371724380028 , "bi-collectiontf" : 0.08471696104219986 , "name" : "default-best" , "score" : "0.22358654230102837" , "uni-/const" : 0.30266332159778964 , "uni-collectiondf" : 0.1980795004896667 , "uni-collectiontf" : 0.32715758403979733 }
