{ "bi-/const" : 0.04136811837959308 , "bi-collectiondf" : 0.07365192795322195 , "bi-collectiontf" : 0.19993601440031877 , "name" : "default-best" , "score" : "0.2089991158299218" , "uni-/const" : 0.4268194069437746 , "uni-collectiondf" : 0.23036381050621327 , "uni-collectiontf" : 0.02786072181687837 }
