{ "bi-/const" : 0.11996511145255104 , "bi-collectiondf" : 0.0 , "bi-collectiontf" : -0.05994409572758567 , "name" : "default-best" , "score" : "0.19957464255353222" , "uni-/const" : 0.29853243188208745 , "uni-collectiondf" : 0.23421264343398554 , "uni-collectiontf" : 0.4072339089589616 }
