{ "bi-/const" : 0.043606341372754626 , "bi-collectiondf" : 0.0 , "bi-collectiontf" : 0.06620782958287089 , "name" : "default-best" , "score" : "0.19305325585172353" , "uni-/const" : 0.38594137945569207 , "uni-collectiondf" : 0.24524422345929436 , "uni-collectiontf" : 0.25900022612938817 }
