{ "bi-/const" : 0.09352887957591237 , "bi-collectiondf" : -0.10803324099722994 , "bi-collectiontf" : 0.1657973451277981 , "name" : "default-best" , "score" : "0.18097309647990487" , "uni-/const" : 0.8503719311275654 , "uni-collectiondf" : 0.11803950732354973 , "uni-collectiontf" : -0.1197044221575955 }
