{ "bi-/const" : 0.08583764715410315 , "bi-collectiondf" : 0.03357806934397296 , "bi-collectiontf" : 0.07742320676181819 , "name" : "default-best" , "score" : "0.19520461392575253" , "uni-/const" : 0.3199796577585205 , "uni-collectiondf" : 0.14499794960098217 , "uni-collectiontf" : 0.3381834693806032 }
