{ "bi-/const" : 0.10524119435946268 , "bi-collectiondf" : 0.03632515082115362 , "bi-collectiontf" : 0.0873052369507525 , "name" : "default-best" , "score" : "0.18991558261891792" , "uni-/const" : 0.21807737414648865 , "uni-collectiondf" : 0.19357777012701394 , "uni-collectiontf" : 0.35947327359512876 }
