{ "bi-/const" : 0.10920583505669658 , "bi-collectiondf" : 0.04343228569114146 , "bi-collectiontf" : 0.09816359919357458 , "name" : "default-best" , "score" : "0.21869860208483424" , "uni-/const" : 0.3058089635099782 , "uni-collectiondf" : 0.21701929243001342 , "uni-collectiontf" : 0.22637002411859564 }
