{ "bi-/const" : 0.07086076232441398 , "bi-collectiondf" : -0.10654902734492357 , "bi-collectiontf" : 0.11645397280200535 , "name" : "default-best" , "score" : "0.16531402994159453" , "uni-/const" : 0.3514306877632873 , "uni-collectiondf" : 0.3849949129127823 , "uni-collectiontf" : 0.18280869154243468 }
