{ "bi-/const" : 0.02835611120983419 , "bi-collectiondf" : 0.138505151230438 , "bi-collectiontf" : 0.04644809495629709 , "name" : "default-best" , "score" : "0.20989034756107583" , "uni-/const" : 0.639821208898276 , "uni-collectiondf" : 0.09614171288479224 , "uni-collectiontf" : 0.0507277208203626 }
