{ "bi-/const" : 0.250852580734425 , "bi-collectiondf" : -0.043483211781727205 , "bi-collectiontf" : 0.03944055490406095 , "name" : "default-best" , "score" : "0.27736375319044143" , "uni-/const" : 0.7055710285241936 , "uni-collectiondf" : 0.0 , "uni-collectiontf" : 0.047619047619047616 }
