{ "bi-/const" : 0.25818107097793574 , "bi-collectiondf" : 0.0 , "bi-collectiontf" : -0.05263157894736842 , "name" : "default-best" , "score" : "0.29291881863346797" , "uni-/const" : 0.6657784246231284 , "uni-collectiondf" : 0.08716495968620619 , "uni-collectiontf" : 0.041507123660098164 }
