{ "bi-/const" : 0.037267066408548155 , "bi-collectiondf" : 0.16123842241218458 , "bi-collectiontf" : 0.42870748578990203 , "name" : "default-best" , "score" : "0.2477037148377259" , "uni-/const" : 0.29552987196090447 , "uni-collectiondf" : 0.0 , "uni-collectiontf" : 0.07725715342846072 }
