{ "bi-/const" : 0.24574958241439682 , "bi-collectiondf" : -0.04546513676481453 , "bi-collectiontf" : 0.0392744945598225 , "name" : "default-best" , "score" : "0.26489445010148494" , "uni-/const" : 0.6696301322449737 , "uni-collectiondf" : 0.0476190476190476 , "uni-collectiontf" : 0.04319187992657379 }
