{ "bi-/const" : 0.2753589165774006 , "bi-collectiondf" : 0.0 , "bi-collectiontf" : -0.09479967495561452 , "name" : "default-best" , "score" : "0.24948751942302214" , "uni-/const" : 0.7744109127742971 , "uni-collectiondf" : 0.0 , "uni-collectiontf" : 0.04502984560391689 }
