{ "name" : "default-best" , "score" : "0.12130935988870421" , "uni-attributes-/dep-leaf" : 0.05478879665218318 , "uni-attributes-/nnp" : 0.21688793779758084 , "uni-attributes-/nns" : 0.17937722005698473 , "uni-attributes-fieldlikelihood" : 0.11890660325281142 , "uni-categories-/dep-leaf" : 0.08575401875504726 , "uni-categories-/nnp" : 0.0 , "uni-categories-/nns" : 0.18870651915119308 , "uni-categories-fieldlikelihood" : 0.06855574091856956 , "uni-names-/dep-leaf" : 0.0 , "uni-names-/nnp" : 0.06542136332727351 , "uni-names-/nns" : 0.0 , "uni-names-fieldlikelihood" : 0.0 , "uni-outgoingentitynames-/dep-leaf" : 0.0 , "uni-outgoingentitynames-/nnp" : 0.0 , "uni-outgoingentitynames-/nns" : 0.0 , "uni-outgoingentitynames-fieldlikelihood" : 0.0 , "uni-similarentitynames-/dep-leaf" : 0.03088984884190089 , "uni-similarentitynames-/nnp" : 0.01771663405185887 , "uni-similarentitynames-/nns" : -0.052631578947368425 , "uni-similarentitynames-fieldlikelihood" : 0.025626896141965106 }
