{ "name" : "default-best" , "score" : "0.1329362718835565" , "uni-attributes-/dep-leaf" : 0.11556489408333462 , "uni-attributes-/nnp" : 0.11807838796103412 , "uni-attributes-/nns" : 0.11807844042479448 , "uni-attributes-fieldlikelihood" : 0.11834335580888972 , "uni-categories-/dep-leaf" : 0.1176835457601291 , "uni-categories-/nnp" : -0.05540166204986147 , "uni-categories-/nns" : 0.17509464875129718 , "uni-categories-fieldlikelihood" : 0.12422177270099805 , "uni-names-/dep-leaf" : 0.009452505617557734 , "uni-names-/nnp" : 0.06529396725413827 , "uni-names-/nns" : 0.0034197715349354786 , "uni-names-fieldlikelihood" : 0.008215881066728572 , "uni-outgoingentitynames-/dep-leaf" : 0.006513481320895636 , "uni-outgoingentitynames-/nnp" : 0.0 , "uni-outgoingentitynames-/nns" : 0.0 , "uni-outgoingentitynames-fieldlikelihood" : 0.010147042510990035 , "uni-similarentitynames-/dep-leaf" : 0.06529396725413827 , "uni-similarentitynames-/nnp" : 0.0 , "uni-similarentitynames-/nns" : 0.0 , "uni-similarentitynames-fieldlikelihood" : 0.0 }
