{ "name" : "default-best" , "score" : "0.12685109302465025" , "uni-attributes-/dep-leaf" : 0.2874902665912404 , "uni-attributes-/nnp" : 0.2326384556490113 , "uni-attributes-/nns" : 0.00887651490682161 , "uni-attributes-fieldlikelihood" : 0.13069095252437576 , "uni-categories-/dep-leaf" : 0.125305161606309 , "uni-categories-/nnp" : -0.09115492249511829 , "uni-categories-/nns" : 0.0987752141915291 , "uni-categories-fieldlikelihood" : 0.11075920886211021 , "uni-names-/dep-leaf" : 0.014047920186530054 , "uni-names-/nnp" : 0.08175773689511413 , "uni-names-/nns" : 0.0 , "uni-names-fieldlikelihood" : 0.01109010103214096 , "uni-outgoingentitynames-/dep-leaf" : -0.0503637068000526 , "uni-outgoingentitynames-/nnp" : -0.04760659288725888 , "uni-outgoingentitynames-/nns" : 0.0 , "uni-outgoingentitynames-fieldlikelihood" : 0.019320225922665545 , "uni-similarentitynames-/dep-leaf" : 0.12090898897306393 , "uni-similarentitynames-/nnp" : -0.052535525158482185 , "uni-similarentitynames-/nns" : 0.0 , "uni-similarentitynames-fieldlikelihood" : 0.0 }
