{ "name" : "default-best" , "score" : "0.12525845191094984" , "uni-attributes-/dep-leaf" : 0.16930505336564902 , "uni-attributes-/nnp" : 0.10882483788367373 , "uni-attributes-/nns" : 0.145027544956848 , "uni-attributes-fieldlikelihood" : 0.2134806674543206 , "uni-categories-/dep-leaf" : 0.0 , "uni-categories-/nnp" : -0.11210778406499644 , "uni-categories-/nns" : 0.18630096301127672 , "uni-categories-fieldlikelihood" : 0.14981867430164697 , "uni-names-/dep-leaf" : 0.004306736726394928 , "uni-names-/nnp" : 0.14245779688271953 , "uni-names-/nns" : 0.0 , "uni-names-fieldlikelihood" : 0.05266927500083405 , "uni-outgoingentitynames-/dep-leaf" : 0.0 , "uni-outgoingentitynames-/nnp" : 0.006570565000723666 , "uni-outgoingentitynames-/nns" : 0.0 , "uni-outgoingentitynames-fieldlikelihood" : 0.0 , "uni-similarentitynames-/dep-leaf" : 0.0 , "uni-similarentitynames-/nnp" : -0.05080394394575711 , "uni-similarentitynames-/nns" : -0.048143087381598074 , "uni-similarentitynames-fieldlikelihood" : 0.03229270080826439 }
