{ "name" : "default-best" , "score" : "0.13532028550295627" , "uni-attributes-/dep-leaf" : 0.10556311511715503 , "uni-attributes-/nnp" : 0.26256420073760056 , "uni-attributes-/nns" : 0.1443586415525303 , "uni-attributes-fieldlikelihood" : 0.1485236235000624 , "uni-categories-/dep-leaf" : 0.08015364230443667 , "uni-categories-/nnp" : -0.05986940598807486 , "uni-categories-/nns" : 0.15397904975963173 , "uni-categories-fieldlikelihood" : 0.099261757485887 , "uni-names-/dep-leaf" : 0.0 , "uni-names-/nnp" : 0.0924487974033484 , "uni-names-/nns" : -0.010590273808105144 , "uni-names-fieldlikelihood" : 0.008544633249668162 , "uni-outgoingentitynames-/dep-leaf" : 0.0 , "uni-outgoingentitynames-/nnp" : -0.016428471346452686 , "uni-outgoingentitynames-/nns" : 0.0 , "uni-outgoingentitynames-fieldlikelihood" : 0.0 , "uni-similarentitynames-/dep-leaf" : 0.01910295214503708 , "uni-similarentitynames-/nnp" : -0.056157906884011226 , "uni-similarentitynames-/nns" : -0.05643975290005585 , "uni-similarentitynames-fieldlikelihood" : 0.08498539767134247 }
