{ "name" : "default-best" , "score" : "0.19373536386739726" , "uni-attributes-/dep-leaf" : 0.1192539095469969 , "uni-attributes-/nnp" : 0.120728096247273 , "uni-attributes-/nns" : 0.06404627324853909 , "uni-attributes-fieldlikelihood" : 0.16262136193467805 , "uni-categories-/dep-leaf" : 0.20870090261829014 , "uni-categories-/nnp" : 0.12443293143995035 , "uni-categories-/nns" : 0.09236888086603323 , "uni-categories-fieldlikelihood" : 0.12537779868173693 , "uni-names-/dep-leaf" : -0.05182459878325889 , "uni-names-/nnp" : -0.10302104026720281 , "uni-names-/nns" : -0.05059155312027305 , "uni-names-fieldlikelihood" : 0.045407668226502836 , "uni-outgoingentitynames-/dep-leaf" : 0.023952793310327517 , "uni-outgoingentitynames-/nnp" : 0.05031902941051633 , "uni-outgoingentitynames-/nns" : 0.0 , "uni-outgoingentitynames-fieldlikelihood" : 0.0 , "uni-similarentitynames-/dep-leaf" : 0.0 , "uni-similarentitynames-/nnp" : 0.0 , "uni-similarentitynames-/nns" : 0.02492226913334591 , "uni-similarentitynames-fieldlikelihood" : 0.04330527750654456 }
