{ "name" : "default-best" , "score" : "0.18863481601332807" , "uni-attributes-/dep-leaf" : 0.16627260808614971 , "uni-attributes-/nnp" : 0.07387878230942345 , "uni-attributes-/nns" : 0.03645915227173499 , "uni-attributes-fieldlikelihood" : 0.16615319402500256 , "uni-categories-/dep-leaf" : 0.13161978526003815 , "uni-categories-/nnp" : 0.1749069772790579 , "uni-categories-/nns" : 0.12064145401691895 , "uni-categories-fieldlikelihood" : 0.14168970611400508 , "uni-names-/dep-leaf" : -0.057388219051803475 , "uni-names-/nnp" : -0.057244748504173965 , "uni-names-/nns" : -0.060408651633477355 , "uni-names-fieldlikelihood" : 0.054518808099213306 , "uni-outgoingentitynames-/dep-leaf" : 0.08379750960373807 , "uni-outgoingentitynames-/nnp" : 0.03263027013596968 , "uni-outgoingentitynames-/nns" : 0.0 , "uni-outgoingentitynames-fieldlikelihood" : 0.0 , "uni-similarentitynames-/dep-leaf" : 0.0 , "uni-similarentitynames-/nnp" : -0.007526628011796902 , "uni-similarentitynames-/nns" : 0.0 , "uni-similarentitynames-fieldlikelihood" : 0.0 }
