{ "name" : "default-best" , "score" : "0.21335905765728155" , "uni-attributes-/dep-leaf" : 0.1273187376369603 , "uni-attributes-/nnp" : 0.13892846569804296 , "uni-attributes-/nns" : 0.0 , "uni-attributes-fieldlikelihood" : 0.1878422079721773 , "uni-categories-/dep-leaf" : 0.1421260690909947 , "uni-categories-/nnp" : 0.2449269952575742 , "uni-categories-/nns" : 0.09312865381031396 , "uni-categories-fieldlikelihood" : 0.14743231244836427 , "uni-names-/dep-leaf" : 0.0 , "uni-names-/nnp" : -0.06008817059776313 , "uni-names-/nns" : -0.0602387675165545 , "uni-names-fieldlikelihood" : 0.0 , "uni-outgoingentitynames-/dep-leaf" : 0.014618534395093771 , "uni-outgoingentitynames-/nnp" : 0.019472770370532824 , "uni-outgoingentitynames-/nns" : 0.0 , "uni-outgoingentitynames-fieldlikelihood" : 0.0 , "uni-similarentitynames-/dep-leaf" : -0.05463405530046649 , "uni-similarentitynames-/nnp" : 0.0016081724660155184 , "uni-similarentitynames-/nns" : 0.0 , "uni-similarentitynames-fieldlikelihood" : 0.05755807426871433 }
