{ "name" : "default-best" , "score" : "0.20827237017886327" , "uni-attributes-/dep-leaf" : 0.1262797147698613 , "uni-attributes-/nnp" : 0.12264734670196634 , "uni-attributes-/nns" : 0.06679263702133047 , "uni-attributes-fieldlikelihood" : 0.07623649321105924 , "uni-categories-/dep-leaf" : 0.11457844587333417 , "uni-categories-/nnp" : 0.11153906581087684 , "uni-categories-/nns" : 0.1921313740577577 , "uni-categories-fieldlikelihood" : 0.15224465916345767 , "uni-names-/dep-leaf" : 0.0 , "uni-names-/nnp" : -0.052631578947368425 , "uni-names-/nns" : -0.04758182934176429 , "uni-names-fieldlikelihood" : 0.0 , "uni-outgoingentitynames-/dep-leaf" : 6.377634486310905E-4 , "uni-outgoingentitynames-/nnp" : 0.0592409898970941 , "uni-outgoingentitynames-/nns" : 0.0 , "uni-outgoingentitynames-fieldlikelihood" : 0.0 , "uni-similarentitynames-/dep-leaf" : 0.021355727815947353 , "uni-similarentitynames-/nnp" : 0.011077826854149386 , "uni-similarentitynames-/nns" : 0.045451363663667116 , "uni-similarentitynames-fieldlikelihood" : 0.0 }
