{ "name" : "default-best" , "score" : "0.21676703764330013" , "uni-attributes-/dep-leaf" : 0.06212952982710512 , "uni-attributes-/nnp" : 0.025354093231673407 , "uni-attributes-/nns" : 0.10662210901599085 , "uni-attributes-fieldlikelihood" : 0.13172851490657722 , "uni-categories-/dep-leaf" : 0.06958121910217331 , "uni-categories-/nnp" : 0.22169082581089394 , "uni-categories-/nns" : 0.16073291860844546 , "uni-categories-fieldlikelihood" : 0.1722940755070036 , "uni-names-/dep-leaf" : 0.0 , "uni-names-/nnp" : 0.0 , "uni-names-/nns" : 0.0 , "uni-names-fieldlikelihood" : 0.0 , "uni-outgoingentitynames-/dep-leaf" : 0.0158890626945938 , "uni-outgoingentitynames-/nnp" : 0.0 , "uni-outgoingentitynames-/nns" : -0.046688196531087155 , "uni-outgoingentitynames-fieldlikelihood" : 0.05957441691097306 , "uni-similarentitynames-/dep-leaf" : 0.0 , "uni-similarentitynames-/nnp" : -0.044353786704532806 , "uni-similarentitynames-/nns" : 0.016443671396233737 , "uni-similarentitynames-fieldlikelihood" : 0.0490015462239565 }
