{ "name" : "default-best" , "score" : "0.2184723659124215" , "uni-attributes-/dep-leaf" : 0.07215809024019337 , "uni-attributes-/nnp" : 0.0 , "uni-attributes-/nns" : 0.05053449097492957 , "uni-attributes-fieldlikelihood" : 0.03255331428860101 , "uni-categories-/dep-leaf" : 0.03011944956953779 , "uni-categories-/nnp" : 0.025143665324920492 , "uni-categories-/nns" : 0.3177676613209715 , "uni-categories-fieldlikelihood" : 0.14552077899601595 , "uni-names-/dep-leaf" : 0.0 , "uni-names-/nnp" : -0.004201627423418126 , "uni-names-/nns" : -0.1710209618791122 , "uni-names-fieldlikelihood" : 0.0 , "uni-outgoingentitynames-/dep-leaf" : 0.0 , "uni-outgoingentitynames-/nnp" : 0.3176510036881962 , "uni-outgoingentitynames-/nns" : 0.0 , "uni-outgoingentitynames-fieldlikelihood" : 0.023038075185603406 , "uni-similarentitynames-/dep-leaf" : 0.0 , "uni-similarentitynames-/nnp" : 0.12156747349681961 , "uni-similarentitynames-/nns" : 0.0 , "uni-similarentitynames-fieldlikelihood" : 0.039168586216741345 }
