{ "name" : "default-best" , "score" : "0.18946480534990956" , "uni-attributes-/dep-leaf" : 0.03218014814542632 , "uni-attributes-/nnp" : 0.03655312500913382 , "uni-attributes-/nns" : 0.051207947159229265 , "uni-attributes-fieldlikelihood" : 0.1739811520728849 , "uni-categories-/dep-leaf" : 0.06473129716323428 , "uni-categories-/nnp" : 0.0 , "uni-categories-/nns" : 0.15083570452671327 , "uni-categories-fieldlikelihood" : 0.11528738446176766 , "uni-names-/dep-leaf" : 0.0 , "uni-names-/nnp" : 0.0 , "uni-names-/nns" : -0.059361445894571326 , "uni-names-fieldlikelihood" : 0.0 , "uni-outgoingentitynames-/dep-leaf" : 0.07736595445587136 , "uni-outgoingentitynames-/nnp" : 0.17204695827882363 , "uni-outgoingentitynames-/nns" : 0.06917585760993616 , "uni-outgoingentitynames-fieldlikelihood" : 0.07174182145721443 , "uni-similarentitynames-/dep-leaf" : 0.0 , "uni-similarentitynames-/nnp" : 0.0 , "uni-similarentitynames-/nns" : 0.0068031822703236286 , "uni-similarentitynames-fieldlikelihood" : 0.03745091328401259 }
