{ "name" : "default-best" , "score" : "0.22507439496332518" , "uni-attributes-/dep-leaf" : 0.13152675439927713 , "uni-attributes-/nnp" : 0.04761046131060303 , "uni-attributes-/nns" : 0.0 , "uni-attributes-fieldlikelihood" : 0.10369977718920717 , "uni-categories-/dep-leaf" : 0.16209700181717007 , "uni-categories-/nnp" : 0.07081262740616714 , "uni-categories-/nns" : 0.11836198357887613 , "uni-categories-fieldlikelihood" : 0.03987345393388714 , "uni-names-/dep-leaf" : 0.0 , "uni-names-/nnp" : -0.10347505102555624 , "uni-names-/nns" : -0.056559711945053194 , "uni-names-fieldlikelihood" : 0.0 , "uni-outgoingentitynames-/dep-leaf" : 0.16651937577838805 , "uni-outgoingentitynames-/nnp" : 0.1428841904106678 , "uni-outgoingentitynames-/nns" : -0.0873600739062875 , "uni-outgoingentitynames-fieldlikelihood" : 0.13444636167942106 , "uni-similarentitynames-/dep-leaf" : 0.04332760480077156 , "uni-similarentitynames-/nnp" : 0.06051397708324485 , "uni-similarentitynames-/nns" : -0.04027524851404628 , "uni-similarentitynames-fieldlikelihood" : 0.06599651600326202 }
