{ "name" : "default-best" , "score" : "0.18687925727314453" , "uni-attributes-/dep-leaf" : 0.0 , "uni-attributes-/nnp" : 0.05833171388663213 , "uni-attributes-/nns" : -0.0565721224440461 , "uni-attributes-fieldlikelihood" : 0.21877861123162326 , "uni-categories-/dep-leaf" : 0.13918563003458193 , "uni-categories-/nnp" : 0.0 , "uni-categories-/nns" : 0.38318100471148336 , "uni-categories-fieldlikelihood" : 0.16982289434106382 , "uni-names-/dep-leaf" : -0.11777776640095268 , "uni-names-/nnp" : 0.0 , "uni-names-/nns" : -0.18395921338486224 , "uni-names-fieldlikelihood" : 0.0 , "uni-outgoingentitynames-/dep-leaf" : -0.060513899290399596 , "uni-outgoingentitynames-/nnp" : 0.14368440284593245 , "uni-outgoingentitynames-/nns" : 0.010249749888736859 , "uni-outgoingentitynames-fieldlikelihood" : 0.08339537345915106 , "uni-similarentitynames-/dep-leaf" : 0.050726748411785975 , "uni-similarentitynames-/nnp" : 0.09423997171321762 , "uni-similarentitynames-/nns" : 0.05008754395028859 , "uni-similarentitynames-fieldlikelihood" : 0.017139357045763498 }
