{ "name" : "default-best" , "score" : "0.22169582535029145" , "uni-attributes-/dep-leaf" : 0.09564077982771405 , "uni-attributes-/nnp" : 0.1422366323259664 , "uni-attributes-/nns" : 0.04511057421098325 , "uni-attributes-fieldlikelihood" : 0.09858380464273611 , "uni-categories-/dep-leaf" : 0.147745111074605 , "uni-categories-/nnp" : -0.058440499629563096 , "uni-categories-/nns" : 0.20481734668345422 , "uni-categories-fieldlikelihood" : 0.1568075966536393 , "uni-names-/dep-leaf" : 0.0 , "uni-names-/nnp" : -0.061176275300179134 , "uni-names-/nns" : 0.0 , "uni-names-fieldlikelihood" : -0.05811746153517017 , "uni-outgoingentitynames-/dep-leaf" : 0.0 , "uni-outgoingentitynames-/nnp" : 0.14185698436191344 , "uni-outgoingentitynames-/nns" : 0.0 , "uni-outgoingentitynames-fieldlikelihood" : 0.049291902321368056 , "uni-similarentitynames-/dep-leaf" : 5.434432230930992E-4 , "uni-similarentitynames-/nnp" : 0.058032571896243564 , "uni-similarentitynames-/nns" : -0.06151631539954012 , "uni-similarentitynames-fieldlikelihood" : 0.09858380464273611 }
