{ "name" : "default-best" , "score" : "0.3386452876216016" , "uni-attributes-/dep-leaf" : 0.10894120987290092 , "uni-attributes-/nnp" : 0.045912094354127325 , "uni-attributes-/nns" : 0.021093376406047512 , "uni-attributes-fieldlikelihood" : 0.14022409921052365 , "uni-categories-/dep-leaf" : 0.05398119507715197 , "uni-categories-/nnp" : 0.0716920371266518 , "uni-categories-/nns" : 0.0 , "uni-categories-fieldlikelihood" : 0.0 , "uni-names-/dep-leaf" : 0.0685551312434252 , "uni-names-/nnp" : 0.0 , "uni-names-/nns" : 0.08247565438640889 , "uni-names-fieldlikelihood" : 0.07549348258429509 , "uni-outgoingentitynames-/dep-leaf" : 0.020416164794950325 , "uni-outgoingentitynames-/nnp" : -0.004402636678684448 , "uni-outgoingentitynames-/nns" : 0.02060029403380185 , "uni-outgoingentitynames-fieldlikelihood" : 0.0 , "uni-similarentitynames-/dep-leaf" : 0.09860745909770868 , "uni-similarentitynames-/nnp" : 0.1564270016299904 , "uni-similarentitynames-/nns" : 0.0 , "uni-similarentitynames-fieldlikelihood" : 0.03998343686070083 }
