{ "name" : "default-best" , "score" : "0.35790451304933807" , "uni-attributes-/dep-leaf" : 0.031632555379646814 , "uni-attributes-/nnp" : 0.1474894264803251 , "uni-attributes-/nns" : 0.0 , "uni-attributes-fieldlikelihood" : 0.12858490141840886 , "uni-categories-/dep-leaf" : 0.010516413483452879 , "uni-categories-/nnp" : 0.15051510038582466 , "uni-categories-/nns" : 0.04231920437808103 , "uni-categories-fieldlikelihood" : 0.0 , "uni-names-/dep-leaf" : 0.013315768935178432 , "uni-names-/nnp" : 0.06277573892848011 , "uni-names-/nns" : -0.059845424746561196 , "uni-names-fieldlikelihood" : 0.144114919792924 , "uni-outgoingentitynames-/dep-leaf" : 0.0028492464600397673 , "uni-outgoingentitynames-/nnp" : -0.05263157894736842 , "uni-outgoingentitynames-/nns" : 0.0 , "uni-outgoingentitynames-fieldlikelihood" : 0.0 , "uni-similarentitynames-/dep-leaf" : 0.06107683139008757 , "uni-similarentitynames-/nnp" : 0.288753779318034 , "uni-similarentitynames-/nns" : 0.0 , "uni-similarentitynames-fieldlikelihood" : 0.028533117343446344 }
