{ "name" : "default-best" , "score" : "0.3400217562338994" , "uni-attributes-/dep-leaf" : 0.10411263367799213 , "uni-attributes-/nnp" : 0.10400630707545601 , "uni-attributes-/nns" : 0.061581992663548024 , "uni-attributes-fieldlikelihood" : 0.0987621207341652 , "uni-categories-/dep-leaf" : 0.030790996331774012 , "uni-categories-/nnp" : 0.061581992663548024 , "uni-categories-/nns" : 0.044545530132503376 , "uni-categories-fieldlikelihood" : 0.0 , "uni-names-/dep-leaf" : 0.061581992663548024 , "uni-names-/nnp" : 0.03384963919676347 , "uni-names-/nns" : 0.047619047619047616 , "uni-names-fieldlikelihood" : 0.061581992663548024 , "uni-outgoingentitynames-/dep-leaf" : 0.0 , "uni-outgoingentitynames-/nnp" : 0.0 , "uni-outgoingentitynames-/nns" : 0.0 , "uni-outgoingentitynames-fieldlikelihood" : 0.0 , "uni-similarentitynames-/dep-leaf" : 0.030790996331774012 , "uni-similarentitynames-/nnp" : 0.09699163844508815 , "uni-similarentitynames-/nns" : 0.10062112713769601 , "uni-similarentitynames-fieldlikelihood" : 0.061581992663548024 }
