{ "name" : "default-best" , "score" : "0.3437611299721925" , "uni-attributes-/dep-leaf" : 0.09854585272226166 , "uni-attributes-/nnp" : 0.0010853359576582665 , "uni-attributes-/nns" : 0.09590730420666439 , "uni-attributes-fieldlikelihood" : 0.14620141809008308 , "uni-categories-/dep-leaf" : 0.0506595820233869 , "uni-categories-/nnp" : 0.04052766561870934 , "uni-categories-/nns" : 0.0 , "uni-categories-fieldlikelihood" : 0.0 , "uni-names-/dep-leaf" : 0.02119382811048008 , "uni-names-/nnp" : 7.958953580937033E-4 , "uni-names-/nns" : 0.0506595820233869 , "uni-names-fieldlikelihood" : 0.09866586843829893 , "uni-outgoingentitynames-/dep-leaf" : 0.0 , "uni-outgoingentitynames-/nnp" : 0.0 , "uni-outgoingentitynames-/nns" : 0.0506595820233869 , "uni-outgoingentitynames-fieldlikelihood" : 0.005822058792527701 , "uni-similarentitynames-/dep-leaf" : 0.0506595820233869 , "uni-similarentitynames-/nnp" : 0.13941276364267075 , "uni-similarentitynames-/nns" : 0.09818389644790856 , "uni-similarentitynames-fieldlikelihood" : 0.05101978452109597 }
