{ "name" : "default-best" , "score" : "0.3734243152619388" , "uni-attributes-/dep-leaf" : 0.10446677090387335 , "uni-attributes-/nnp" : 0.0 , "uni-attributes-/nns" : 0.04671679646894862 , "uni-attributes-fieldlikelihood" : 0.19646771070321545 , "uni-categories-/dep-leaf" : 0.040467941700633656 , "uni-categories-/nnp" : 0.05134348876366836 , "uni-categories-/nns" : 0.0 , "uni-categories-fieldlikelihood" : 0.0 , "uni-names-/dep-leaf" : 0.023302606898209236 , "uni-names-/nnp" : 0.0 , "uni-names-/nns" : 0.02177713367048432 , "uni-names-fieldlikelihood" : 0.11949795719059214 , "uni-outgoingentitynames-/dep-leaf" : 0.0 , "uni-outgoingentitynames-/nnp" : 0.0 , "uni-outgoingentitynames-/nns" : 0.04187077734965199 , "uni-outgoingentitynames-fieldlikelihood" : 0.0 , "uni-similarentitynames-/dep-leaf" : 0.08671560328142558 , "uni-similarentitynames-/nnp" : 0.1388064368989114 , "uni-similarentitynames-/nns" : 0.057230219391680194 , "uni-similarentitynames-fieldlikelihood" : 0.07133655677870582 }
