{ "bi-attributes-/np-exact" : 0.013348424991737684 , "bi-attributes-baselinetopscore" : 0.0647598282186132 , "bi-attributes-fieldlikelihood" : 0.11090120582437511 , "bi-categories-/np-exact" : 0.0 , "bi-categories-baselinetopscore" : 0.2524957267943123 , "bi-categories-fieldlikelihood" : 0.11634934719682108 , "bi-names-/np-exact" : 0.05657198323752963 , "bi-names-baselinetopscore" : 0.11439377100586139 , "bi-names-fieldlikelihood" : 0.028572902705075096 , "bi-outgoingentitynames-/np-exact" : 0.0 , "bi-outgoingentitynames-baselinetopscore" : 0.0 , "bi-outgoingentitynames-fieldlikelihood" : 0.0 , "bi-similarentitynames-/np-exact" : 0.11308715358844809 , "bi-similarentitynames-baselinetopscore" : 0.0647598282186132 , "bi-similarentitynames-fieldlikelihood" : 0.0647598282186132 , "name" : "default-best" , "score" : "0.07635790946965494" }
