{ "bi-attributes-/np-exact" : 0.09564687442841413 , "bi-attributes-baselinetopscore" : 0.048351943080507664 , "bi-attributes-fieldlikelihood" : 0.0 , "bi-categories-/np-exact" : 0.11905090453735442 , "bi-categories-baselinetopscore" : 0.12141118542599426 , "bi-categories-fieldlikelihood" : 0.05837276829832232 , "bi-names-/np-exact" : 0.0 , "bi-names-baselinetopscore" : 0.0467520554761764 , "bi-names-fieldlikelihood" : 0.022634946692843518 , "bi-outgoingentitynames-/np-exact" : 0.0 , "bi-outgoingentitynames-baselinetopscore" : 0.04167623026119055 , "bi-outgoingentitynames-fieldlikelihood" : 0.0 , "bi-similarentitynames-/np-exact" : 0.18101813252217988 , "bi-similarentitynames-baselinetopscore" : 0.11998437456601126 , "bi-similarentitynames-fieldlikelihood" : 0.14510058471100562 , "name" : "default-best" , "score" : "0.07219372734649257" }
