{ "bi-attributes-/np-exact" : 0.09485145698488803 , "bi-attributes-baselinetopscore" : 0.0 , "bi-attributes-fieldlikelihood" : 0.04143754878750807 , "bi-categories-/np-exact" : 0.024415507390358106 , "bi-categories-baselinetopscore" : 0.1764861436931341 , "bi-categories-fieldlikelihood" : 0.025731071079976967 , "bi-names-/np-exact" : 0.04689155694855014 , "bi-names-baselinetopscore" : 0.0 , "bi-names-fieldlikelihood" : 0.04732489214115611 , "bi-outgoingentitynames-/np-exact" : 0.0 , "bi-outgoingentitynames-baselinetopscore" : 0.0 , "bi-outgoingentitynames-fieldlikelihood" : 0.04270357656593312 , "bi-similarentitynames-/np-exact" : 0.1638807957317738 , "bi-similarentitynames-baselinetopscore" : 0.13668615216502167 , "bi-similarentitynames-fieldlikelihood" : 0.19959129851169993 , "name" : "default-best" , "score" : "0.074005435847299" }
