{ "bi-attributes-/np-exact" : 0.08775263486158102 , "bi-attributes-baselinetopscore" : 0.02538519190355177 , "bi-attributes-fieldlikelihood" : 0.06349419777389952 , "bi-categories-/np-exact" : 0.1471501995835137 , "bi-categories-baselinetopscore" : 0.14700170567170884 , "bi-categories-fieldlikelihood" : 0.0 , "bi-names-/np-exact" : 0.038002023601989766 , "bi-names-baselinetopscore" : 0.06909475137136266 , "bi-names-fieldlikelihood" : 0.0 , "bi-outgoingentitynames-/np-exact" : 0.0 , "bi-outgoingentitynames-baselinetopscore" : 0.025228882522704547 , "bi-outgoingentitynames-fieldlikelihood" : 0.025541110510946808 , "bi-similarentitynames-/np-exact" : 0.1367430843424768 , "bi-similarentitynames-baselinetopscore" : 0.14685358299468354 , "bi-similarentitynames-fieldlikelihood" : 0.08775263486158102 , "name" : "default-best" , "score" : "0.06889971290366267" }
