{ "bi-attributes-/np-exact" : 0.18059573168150742 , "bi-attributes-baselinetopscore" : 0.03472784921783983 , "bi-attributes-fieldlikelihood" : 0.03219274505772673 , "bi-categories-/np-exact" : 0.09020190545413032 , "bi-categories-baselinetopscore" : 0.2796333589559833 , "bi-categories-fieldlikelihood" : 0.19797113336824657 , "bi-names-/np-exact" : 0.0 , "bi-names-baselinetopscore" : 0.0 , "bi-names-fieldlikelihood" : 0.0 , "bi-outgoingentitynames-/np-exact" : 0.0 , "bi-outgoingentitynames-baselinetopscore" : 0.05971409980164818 , "bi-outgoingentitynames-fieldlikelihood" : 0.08289482825998852 , "bi-similarentitynames-/np-exact" : 0.0 , "bi-similarentitynames-baselinetopscore" : 0.04206834820292923 , "bi-similarentitynames-fieldlikelihood" : 0.0 , "name" : "default-best" , "score" : "0.18258956208414812" }
