{ "bi-attributes-/np-exact" : 0.024496369142548265 , "bi-attributes-baselinetopscore" : 0.014660317357250641 , "bi-attributes-fieldlikelihood" : 0.0 , "bi-categories-/np-exact" : 0.08312060333275238 , "bi-categories-baselinetopscore" : 0.20174659504909753 , "bi-categories-fieldlikelihood" : 0.0 , "bi-names-/np-exact" : 0.0 , "bi-names-baselinetopscore" : 0.0 , "bi-names-fieldlikelihood" : 0.04798110127870553 , "bi-outgoingentitynames-/np-exact" : 0.31706877314791754 , "bi-outgoingentitynames-baselinetopscore" : 0.11416902893222756 , "bi-outgoingentitynames-fieldlikelihood" : 0.06018044220963269 , "bi-similarentitynames-/np-exact" : 0.0 , "bi-similarentitynames-baselinetopscore" : 0.136576769549868 , "bi-similarentitynames-fieldlikelihood" : 0.0 , "name" : "default-best" , "score" : "0.19142896143976842" }
