{ "bi-attributes-/np-exact" : 0.05396503694484083 , "bi-attributes-baselinetopscore" : 0.055763280742925164 , "bi-attributes-fieldlikelihood" : 0.004917746177477067 , "bi-categories-/np-exact" : 0.1191377060593671 , "bi-categories-baselinetopscore" : 0.043073842146090176 , "bi-categories-fieldlikelihood" : 0.10591524994592943 , "bi-names-/np-exact" : 0.11691578364282999 , "bi-names-baselinetopscore" : 0.09076453081403014 , "bi-names-fieldlikelihood" : 0.057920018285781326 , "bi-outgoingentitynames-/np-exact" : 0.0 , "bi-outgoingentitynames-baselinetopscore" : 0.0 , "bi-outgoingentitynames-fieldlikelihood" : 0.0 , "bi-similarentitynames-/np-exact" : 0.15209110871376322 , "bi-similarentitynames-baselinetopscore" : 0.12664588164797272 , "bi-similarentitynames-fieldlikelihood" : 0.07288981487899296 , "name" : "default-best" , "score" : "0.2987901900478406" }
