{ "bi-attributes-/np-exact" : 0.05748052587369624 , "bi-attributes-baselinetopscore" : 0.08235263214099998 , "bi-attributes-fieldlikelihood" : 0.0 , "bi-categories-/np-exact" : 0.14759102048042666 , "bi-categories-baselinetopscore" : 0.0 , "bi-categories-fieldlikelihood" : 0.04413199059029514 , "bi-names-/np-exact" : 0.13849562298619789 , "bi-names-baselinetopscore" : 0.0 , "bi-names-fieldlikelihood" : 0.13656094658491968 , "bi-outgoingentitynames-/np-exact" : 0.0 , "bi-outgoingentitynames-baselinetopscore" : 0.0 , "bi-outgoingentitynames-fieldlikelihood" : 0.0 , "bi-similarentitynames-/np-exact" : 0.1307531769979746 , "bi-similarentitynames-baselinetopscore" : 0.24342273441075601 , "bi-similarentitynames-fieldlikelihood" : 0.019211349934733935 , "name" : "default-best" , "score" : "0.3442040954747401" }
