{ "bi-attributes-/np-exact" : 0.0 , "bi-attributes-baselinetopscore" : 0.09155967006968334 , "bi-attributes-fieldlikelihood" : 0.0 , "bi-categories-/np-exact" : 0.05482947769834882 , "bi-categories-baselinetopscore" : 0.02924845250451239 , "bi-categories-fieldlikelihood" : 0.0 , "bi-names-/np-exact" : 0.15244637868199362 , "bi-names-baselinetopscore" : 0.14945859056789404 , "bi-names-fieldlikelihood" : 0.09214996371427198 , "bi-outgoingentitynames-/np-exact" : 0.0 , "bi-outgoingentitynames-baselinetopscore" : 0.0 , "bi-outgoingentitynames-fieldlikelihood" : 0.0 , "bi-similarentitynames-/np-exact" : 0.11877243350233503 , "bi-similarentitynames-baselinetopscore" : 0.11238262727498412 , "bi-similarentitynames-fieldlikelihood" : 0.19915240598597664 , "name" : "default-best" , "score" : "0.33786209846565873" }
