{ "bi-attributes-/np-exact" : 0.025390920958792345 , "bi-attributes-baselinetopscore" : 0.05055886278658489 , "bi-attributes-fieldlikelihood" : 0.022578442609818755 , "bi-categories-/np-exact" : 0.16086297417726528 , "bi-categories-baselinetopscore" : 0.0 , "bi-categories-fieldlikelihood" : 0.034937628796624765 , "bi-names-/np-exact" : 0.1121353773959839 , "bi-names-baselinetopscore" : 0.1122412924832088 , "bi-names-fieldlikelihood" : 0.06987525759324956 , "bi-outgoingentitynames-/np-exact" : 0.02505561329457595 , "bi-outgoingentitynames-baselinetopscore" : 0.0 , "bi-outgoingentitynames-fieldlikelihood" : 0.0 , "bi-similarentitynames-/np-exact" : 0.15932685744572972 , "bi-similarentitynames-baselinetopscore" : 0.11245391967698946 , "bi-similarentitynames-fieldlikelihood" : 0.11458285278117644 , "name" : "default-best" , "score" : "0.3064796074034031" }
