{ "bi-attributes-/nns" : 0.2262499036072811 , "bi-attributes-/np-part" : 0.1653924525910108 , "bi-attributes-baselinetopscore" : 0.037549932912365136 , "bi-categories-/nns" : 0.0 , "bi-categories-/np-part" : 0.20950922326201932 , "bi-categories-baselinetopscore" : 0.10379233591294089 , "bi-names-/nns" : -0.05263157894736841 , "bi-names-/np-part" : 0.0607871028495366 , "bi-names-baselinetopscore" : 0.0 , "bi-outgoingentitynames-/nns" : 0.15629889923335594 , "bi-outgoingentitynames-/np-part" : 0.12210134933815432 , "bi-outgoingentitynames-baselinetopscore" : 0.025948083978235215 , "bi-similarentitynames-/nns" : 0.0 , "bi-similarentitynames-/np-part" : 0.0 , "bi-similarentitynames-baselinetopscore" : -0.05499770473753088 , "name" : "default-best" , "score" : "0.1346497849558686" }
