{ "bi-attributes-/nns" : -0.05474704096762795 , "bi-attributes-/np-part" : 0.0 , "bi-attributes-baselinetopscore" : 0.06813997347567281 , "bi-categories-/nns" : 0.001956434496998012 , "bi-categories-/np-part" : 0.0 , "bi-categories-baselinetopscore" : 0.10124069651013827 , "bi-names-/nns" : 0.23559042262825927 , "bi-names-/np-part" : 0.13596707543724698 , "bi-names-baselinetopscore" : 0.15521940524772365 , "bi-outgoingentitynames-/nns" : 0.01181502033360277 , "bi-outgoingentitynames-/np-part" : 0.0 , "bi-outgoingentitynames-baselinetopscore" : 0.0 , "bi-similarentitynames-/nns" : 0.06846473589372952 , "bi-similarentitynames-/np-part" : 0.1699587403843397 , "bi-similarentitynames-baselinetopscore" : 0.10639453655991706 , "name" : "default-best" , "score" : "0.19078892187823132" }
