{ "bi-attributes-/nns" : 0.0 , "bi-attributes-/np-part" : 0.0 , "bi-attributes-baselinetopscore" : 0.01506565525195316 , "bi-categories-/nns" : 0.08849393346654419 , "bi-categories-/np-part" : 0.09035818506940184 , "bi-categories-baselinetopscore" : 0.022766930055701795 , "bi-names-/nns" : 0.04787815501736041 , "bi-names-/np-part" : 0.0871239473550573 , "bi-names-baselinetopscore" : 0.2038838295866152 , "bi-outgoingentitynames-/nns" : 0.08705513239596478 , "bi-outgoingentitynames-/np-part" : 0.0 , "bi-outgoingentitynames-baselinetopscore" : 0.0 , "bi-similarentitynames-/nns" : 0.1751616997078629 , "bi-similarentitynames-/np-part" : 0.09242674205260962 , "bi-similarentitynames-baselinetopscore" : 0.08978579004092899 , "name" : "default-best" , "score" : "0.18510100686548603" }
