{ "bi-attributes-/nns" : 0.0 , "bi-attributes-/np-part" : 0.0 , "bi-attributes-baselinetopscore" : 0.0 , "bi-categories-/nns" : 0.14512618018154577 , "bi-categories-/np-part" : 0.029462169718647305 , "bi-categories-baselinetopscore" : 0.018474266246212845 , "bi-names-/nns" : 0.038059075446446565 , "bi-names-/np-part" : 0.14543744227899472 , "bi-names-baselinetopscore" : 0.19435089569481656 , "bi-outgoingentitynames-/nns" : 0.09274393404722563 , "bi-outgoingentitynames-/np-part" : 0.0 , "bi-outgoingentitynames-baselinetopscore" : 0.0 , "bi-similarentitynames-/nns" : 0.1485539588992589 , "bi-similarentitynames-/np-part" : 0.14481647244919602 , "bi-similarentitynames-baselinetopscore" : 0.04297560503765562 , "name" : "default-best" , "score" : "0.19498687301773254" }
