{ "bi-attributes-/nns" : 0.19723823577526023 , "bi-attributes-/np-part" : 0.10431504107014315 , "bi-attributes-baselinetopscore" : 0.0677839174342278 , "bi-categories-/nns" : 0.056083128214548264 , "bi-categories-/np-part" : 0.1346629820154009 , "bi-categories-baselinetopscore" : 0.16454880557059007 , "bi-names-/nns" : 0.0094085355866696 , "bi-names-/np-part" : 0.05053030655156519 , "bi-names-baselinetopscore" : 0.035609590174634144 , "bi-outgoingentitynames-/nns" : 0.041972284409980624 , "bi-outgoingentitynames-/np-part" : 0.060333606212966066 , "bi-outgoingentitynames-baselinetopscore" : 0.07453730724155232 , "bi-similarentitynames-/nns" : 0.013422991302565907 , "bi-similarentitynames-/np-part" : 0.047870807439749787 , "bi-similarentitynames-baselinetopscore" : -0.0583175389998542 , "name" : "default-best" , "score" : "0.12345969375589275" }
