{ "bi-attributes-/nns" : 0.06440149571903898 , "bi-attributes-/np-part" : 0.06479379896222685 , "bi-attributes-baselinetopscore" : 0.06669477718378462 , "bi-categories-/nns" : 0.014788808073089028 , "bi-categories-/np-part" : -0.010844650626420252 , "bi-categories-baselinetopscore" : 0.12131459389900139 , "bi-names-/nns" : 0.12208749991067622 , "bi-names-/np-part" : 0.18498235423054998 , "bi-names-baselinetopscore" : 0.17852145304252912 , "bi-outgoingentitynames-/nns" : 0.0 , "bi-outgoingentitynames-/np-part" : 0.01205357528926886 , "bi-outgoingentitynames-baselinetopscore" : 0.0 , "bi-similarentitynames-/nns" : 0.11948392401099463 , "bi-similarentitynames-/np-part" : 0.0 , "bi-similarentitynames-baselinetopscore" : 0.06172237030526056 , "name" : "default-best" , "score" : "0.16244711580903498" }
