{ "bi-attributes-/nns" : 0.08967611121193368 , "bi-attributes-/np-part" : 0.03918739293296491 , "bi-attributes-baselinetopscore" : 0.026978204886035535 , "bi-categories-/nns" : -0.052631578947368404 , "bi-categories-/np-part" : 0.07610032319650181 , "bi-categories-baselinetopscore" : 0.053328728361008514 , "bi-names-/nns" : 0.07725610226762665 , "bi-names-/np-part" : 0.1806551233873066 , "bi-names-baselinetopscore" : 0.1296474153515364 , "bi-outgoingentitynames-/nns" : 0.0 , "bi-outgoingentitynames-/np-part" : -0.05437041486741503 , "bi-outgoingentitynames-baselinetopscore" : 0.03323932696138394 , "bi-similarentitynames-/nns" : 0.3044245384457845 , "bi-similarentitynames-/np-part" : 0.020650057779648113 , "bi-similarentitynames-baselinetopscore" : 0.0758586690330526 , "name" : "default-best" , "score" : "0.15713180215814776" }
