{ "bi-attributes-/nns" : 0.10235626006913269 , "bi-attributes-/np-part" : 0.04356193460239413 , "bi-attributes-baselinetopscore" : 0.07686823215552487 , "bi-categories-/nns" : 0.16543162512692045 , "bi-categories-/np-part" : 0.09664420869441563 , "bi-categories-baselinetopscore" : 0.1170792526958904 , "bi-names-/nns" : 0.0 , "bi-names-/np-part" : 0.0 , "bi-names-baselinetopscore" : 0.0031209738607938385 , "bi-outgoingentitynames-/nns" : 0.03125765655010875 , "bi-outgoingentitynames-/np-part" : 0.07377516388099162 , "bi-outgoingentitynames-baselinetopscore" : 0.05742314004643962 , "bi-similarentitynames-/nns" : 0.0853564685598288 , "bi-similarentitynames-/np-part" : 0.14712508375755914 , "bi-similarentitynames-baselinetopscore" : 0.0 , "name" : "default-best" , "score" : "0.1247789574590827" }
