{ "bi-attributes-/nns" : 0.0722004762482585 , "bi-attributes-/np-part" : 0.0 , "bi-attributes-baselinetopscore" : 0.017285068268149364 , "bi-categories-/nns" : -0.050125313283208024 , "bi-categories-/np-part" : 0.1910208375174487 , "bi-categories-baselinetopscore" : 0.0 , "bi-names-/nns" : 0.15340591044282845 , "bi-names-/np-part" : 0.1457767567418884 , "bi-names-baselinetopscore" : 0.15710894839288334 , "bi-outgoingentitynames-/nns" : -0.16383221695944408 , "bi-outgoingentitynames-/np-part" : 0.04301387436278167 , "bi-outgoingentitynames-baselinetopscore" : 0.02222520450881173 , "bi-similarentitynames-/nns" : 0.18591913589356246 , "bi-similarentitynames-/np-part" : 0.11105066531042901 , "bi-similarentitynames-baselinetopscore" : 0.11495065255561046 , "name" : "default-best" , "score" : "0.1728106275452637" }
