{ "bi-attributes-/nns" : 0.10527492384525383 , "bi-attributes-/np-part" : 0.0 , "bi-attributes-baselinetopscore" : 0.0 , "bi-categories-/nns" : 0.12200757154527547 , "bi-categories-/np-part" : 0.09110153064752939 , "bi-categories-baselinetopscore" : 0.0 , "bi-names-/nns" : 0.0 , "bi-names-/np-part" : 0.2795787137795582 , "bi-names-baselinetopscore" : 0.0972775071705342 , "bi-outgoingentitynames-/nns" : 0.0 , "bi-outgoingentitynames-/np-part" : 0.0 , "bi-outgoingentitynames-baselinetopscore" : 0.0 , "bi-similarentitynames-/nns" : 0.1805426490773155 , "bi-similarentitynames-/np-part" : 0.05694241404446659 , "bi-similarentitynames-baselinetopscore" : 0.0672746898900667 , "name" : "default-best" , "score" : "0.18639851701500376" }
