{ "bi-attributes-/nns" : 0.038158184486242475 , "bi-attributes-/np-part" : 0.05781844306317914 , "bi-attributes-baselinetopscore" : 0.024241002301008303 , "bi-categories-/nns" : 0.0027814328005013075 , "bi-categories-/np-part" : 0.11537208648692189 , "bi-categories-baselinetopscore" : 0.0345964410629128 , "bi-names-/nns" : 0.1536096556982827 , "bi-names-/np-part" : 0.14581641138727358 , "bi-names-baselinetopscore" : 0.12284793245990575 , "bi-outgoingentitynames-/nns" : 0.009779783031941568 , "bi-outgoingentitynames-/np-part" : -0.04797798365895216 , "bi-outgoingentitynames-baselinetopscore" : 0.046640659111262556 , "bi-similarentitynames-/nns" : 0.17405376445088802 , "bi-similarentitynames-/np-part" : 0.09115845453524514 , "bi-similarentitynames-baselinetopscore" : 0.031103732783386795 , "name" : "default-best" , "score" : "0.18695795404842774" }
