{ "bi-attributes-/nns" : 0.0 , "bi-attributes-/np-part" : 0.0 , "bi-attributes-baselinetopscore" : 0.0 , "bi-categories-/nns" : 0.21395675553860521 , "bi-categories-/np-part" : 0.04757399854887076 , "bi-categories-baselinetopscore" : 0.015536942467270512 , "bi-names-/nns" : 0.09458591874474909 , "bi-names-/np-part" : 0.21670750397938207 , "bi-names-baselinetopscore" : 0.19819298935323254 , "bi-outgoingentitynames-/nns" : 6.982228694349645E-4 , "bi-outgoingentitynames-/np-part" : 0.0 , "bi-outgoingentitynames-baselinetopscore" : 0.0 , "bi-similarentitynames-/nns" : 0.08750711502591024 , "bi-similarentitynames-/np-part" : 0.006211503811952188 , "bi-similarentitynames-baselinetopscore" : 0.11902904966059244 , "name" : "default-best" , "score" : "0.1830976845395884" }
