{ "bi-attributes-/nns" : 0.13851065602675475 , "bi-attributes-/np-part" : 0.08096635173184061 , "bi-attributes-baselinetopscore" : 0.08096635173184061 , "bi-categories-/nns" : 0.18976849871970547 , "bi-categories-/np-part" : 0.08096635173184061 , "bi-categories-baselinetopscore" : 0.14169111553072114 , "bi-names-/nns" : 0.0 , "bi-names-/np-part" : 0.0 , "bi-names-baselinetopscore" : 0.023565908197663805 , "bi-outgoingentitynames-/nns" : 0.0 , "bi-outgoingentitynames-/np-part" : 0.08096635173184061 , "bi-outgoingentitynames-baselinetopscore" : 0.08096635173184061 , "bi-similarentitynames-/nns" : 0.0 , "bi-similarentitynames-/np-part" : 0.0812386630234945 , "bi-similarentitynames-baselinetopscore" : 0.020393399842457353 , "name" : "default-best" , "score" : "0.1255548272325485" }
