{ "bi-attributes-/nns" : 0.10418571613550148 , "bi-attributes-/np-part" : 0.1280431780372266 , "bi-attributes-baselinetopscore" : 0.06419361005277341 , "bi-categories-/nns" : 0.12582906076312175 , "bi-categories-/np-part" : 0.08286097499080425 , "bi-categories-baselinetopscore" : 0.14009531542703332 , "bi-names-/nns" : -0.05027683040886041 , "bi-names-/np-part" : 0.05588649990125962 , "bi-names-baselinetopscore" : 0.03310721964944683 , "bi-outgoingentitynames-/nns" : 0.15081770227997943 , "bi-outgoingentitynames-/np-part" : 0.12451562984421902 , "bi-outgoingentitynames-baselinetopscore" : 0.04128910558287932 , "bi-similarentitynames-/nns" : 0.0 , "bi-similarentitynames-/np-part" : 0.04788269562748611 , "bi-similarentitynames-baselinetopscore" : -0.048429877882870696 , "name" : "default-best" , "score" : "0.12104275756058824" }
