{ "bi-attributes-/nns" : 0.0 , "bi-attributes-/np-part" : 0.0 , "bi-attributes-baselinetopscore" : 0.0 , "bi-categories-/nns" : 0.22706493431750424 , "bi-categories-/np-part" : 0.1258075563709349 , "bi-categories-baselinetopscore" : 0.008404241782671205 , "bi-names-/nns" : 0.0 , "bi-names-/np-part" : 0.17649030798706214 , "bi-names-baselinetopscore" : 0.17668272663635565 , "bi-outgoingentitynames-/nns" : 0.0 , "bi-outgoingentitynames-/np-part" : 0.0 , "bi-outgoingentitynames-baselinetopscore" : 0.0 , "bi-similarentitynames-/nns" : 0.12553504531088952 , "bi-similarentitynames-/np-part" : 0.13384315884485623 , "bi-similarentitynames-baselinetopscore" : 0.02617202874972607 , "name" : "default-best" , "score" : "0.18332453677441418" }
