{ "bi-attributes-/nns" : 0.0 , "bi-attributes-/np-part" : 0.07215470687550295 , "bi-attributes-baselinetopscore" : 0.09158247596696717 , "bi-categories-/nns" : 0.26849921420334677 , "bi-categories-/np-part" : 0.08554230889604043 , "bi-categories-baselinetopscore" : 0.04748657306730639 , "bi-incomingentitynames-/nns" : -0.047401075441791674 , "bi-incomingentitynames-/np-part" : 0.0456478869209275 , "bi-incomingentitynames-baselinetopscore" : 0.06942904774945106 , "bi-names-/nns" : 0.03326106440308689 , "bi-names-/np-part" : 0.08036527657954005 , "bi-names-baselinetopscore" : 0.0 , "bi-outgoingentitynames-/nns" : 0.04491844411552784 , "bi-outgoingentitynames-/np-part" : 0.0 , "bi-outgoingentitynames-baselinetopscore" : -0.04576229265255889 , "bi-similarentitynames-/nns" : 0.23437413509325522 , "bi-similarentitynames-/np-part" : 0.003373456614214434 , "bi-similarentitynames-baselinetopscore" : 0.01652877760918383 , "name" : "default-best" , "score" : "0.0917005844676669" }
