{ "bi-attributes-/nns" : 0.0 , "bi-attributes-/np-part" : 0.0695040101163307 , "bi-attributes-baselinetopscore" : 0.15665714073426892 , "bi-categories-/nns" : 0.27900762302684157 , "bi-categories-/np-part" : 0.04540505252624715 , "bi-categories-baselinetopscore" : 0.13517742218358642 , "bi-incomingentitynames-/nns" : -0.10011814082037497 , "bi-incomingentitynames-/np-part" : 0.0 , "bi-incomingentitynames-baselinetopscore" : 0.18219662424093566 , "bi-names-/nns" : -0.056680973189260485 , "bi-names-/np-part" : 0.0 , "bi-names-baselinetopscore" : 0.0 , "bi-outgoingentitynames-/nns" : 0.0 , "bi-outgoingentitynames-/np-part" : 0.010510673502492901 , "bi-outgoingentitynames-baselinetopscore" : 0.0 , "bi-similarentitynames-/nns" : 0.17070918565477045 , "bi-similarentitynames-/np-part" : 0.0 , "bi-similarentitynames-baselinetopscore" : 0.10763138202416167 , "name" : "default-best" , "score" : "0.08669682284474083" }
