{ "bi-attributes-/nns" : 0.0 , "bi-attributes-/np-part" : 0.09222165322657937 , "bi-attributes-baselinetopscore" : 0.08111679342371308 , "bi-categories-/nns" : 0.16950519850835583 , "bi-categories-/np-part" : 0.04074970204102188 , "bi-categories-baselinetopscore" : 0.08475047733446665 , "bi-incomingentitynames-/nns" : -0.048348545347972186 , "bi-incomingentitynames-/np-part" : 0.04045954323135729 , "bi-incomingentitynames-baselinetopscore" : 0.08261555159870829 , "bi-names-/nns" : 0.0015644454848118754 , "bi-names-/np-part" : 0.04363682036665585 , "bi-names-baselinetopscore" : 0.046245610211710676 , "bi-outgoingentitynames-/nns" : 0.11798922894687279 , "bi-outgoingentitynames-/np-part" : -0.0606228128781461 , "bi-outgoingentitynames-baselinetopscore" : 0.051209520664978796 , "bi-similarentitynames-/nns" : 0.1860217543072879 , "bi-similarentitynames-/np-part" : 0.0 , "bi-similarentitynames-baselinetopscore" : 0.0708850588795981 , "name" : "default-best" , "score" : "0.08737128926785846" }
