{ "bi-attributes-/nns" : -0.05812637394383945 , "bi-attributes-/np-part" : 0.10485589541591883 , "bi-attributes-baselinetopscore" : 0.17754717936527264 , "bi-categories-/nns" : 0.19352154224705048 , "bi-categories-/np-part" : 0.07766765161026487 , "bi-categories-baselinetopscore" : 0.13145357986035752 , "bi-incomingentitynames-/nns" : -0.06348514679453668 , "bi-incomingentitynames-/np-part" : 0.06318727610751455 , "bi-incomingentitynames-baselinetopscore" : 0.13407856396952983 , "bi-names-/nns" : 0.027599899235056225 , "bi-names-/np-part" : 0.03301816264926153 , "bi-names-baselinetopscore" : 0.0 , "bi-outgoingentitynames-/nns" : 0.07897475985966915 , "bi-outgoingentitynames-/np-part" : 0.03779591968847034 , "bi-outgoingentitynames-baselinetopscore" : -0.05522005524664749 , "bi-similarentitynames-/nns" : 0.05692209411462111 , "bi-similarentitynames-/np-part" : 0.060209051862036685 , "bi-similarentitynames-baselinetopscore" : 0.0 , "name" : "default-best" , "score" : "0.08657722676364513" }
