{ "bi-attributes-/nns" : -0.05386309237331308 , "bi-attributes-/np-part" : 0.08855403742778344 , "bi-attributes-baselinetopscore" : 0.07532786423251138 , "bi-categories-/nns" : 0.29221132354290646 , "bi-categories-/np-part" : 0.055900877699102555 , "bi-categories-baselinetopscore" : 0.05245557674431809 , "bi-incomingentitynames-/nns" : 0.0 , "bi-incomingentitynames-/np-part" : 0.0 , "bi-incomingentitynames-baselinetopscore" : 0.08026752294781418 , "bi-names-/nns" : 0.028422171918065918 , "bi-names-/np-part" : 0.05419758089719005 , "bi-names-baselinetopscore" : 0.0 , "bi-outgoingentitynames-/nns" : 0.10699796011211286 , "bi-outgoingentitynames-/np-part" : 0.0 , "bi-outgoingentitynames-baselinetopscore" : 0.0 , "bi-similarentitynames-/nns" : 0.20460844630627908 , "bi-similarentitynames-/np-part" : 0.0 , "bi-similarentitynames-baselinetopscore" : 0.014919730545229033 , "name" : "default-best" , "score" : "0.0849262814491901" }
