{ "bi-attributes-/nns" : 0.10717964845707001 , "bi-attributes-/np-part" : 0.11316653657728948 , "bi-attributes-baselinetopscore" : 0.05822073670282444 , "bi-categories-/nns" : 0.1466012371406758 , "bi-categories-/np-part" : 0.07046625077166843 , "bi-categories-baselinetopscore" : 0.1706374859068708 , "bi-incomingentitynames-/nns" : 0.0728320037579968 , "bi-incomingentitynames-/np-part" : 0.13483377926755255 , "bi-incomingentitynames-baselinetopscore" : 0.02415551987411226 , "bi-names-/nns" : 0.0375085173056009 , "bi-names-/np-part" : -0.10510388314039479 , "bi-names-baselinetopscore" : -0.005400239038897818 , "bi-outgoingentitynames-/nns" : 0.0 , "bi-outgoingentitynames-/np-part" : 0.07557160789666101 , "bi-outgoingentitynames-baselinetopscore" : 0.08436505927976976 , "bi-similarentitynames-/nns" : 0.014965739241200444 , "bi-similarentitynames-/np-part" : 0.0 , "bi-similarentitynames-baselinetopscore" : 0.0 , "name" : "default-best" , "score" : "0.2237254824703083" }
