{ "bi-attributes-/nns" : 0.05282828617692187 , "bi-attributes-/np-part" : 0.11726311819377028 , "bi-attributes-baselinetopscore" : 0.08201321214319819 , "bi-categories-/nns" : 0.06601355568274606 , "bi-categories-/np-part" : 0.09971456347284617 , "bi-categories-baselinetopscore" : 0.24710464984430566 , "bi-incomingentitynames-/nns" : 0.005731705652666068 , "bi-incomingentitynames-/np-part" : 0.08610278458698704 , "bi-incomingentitynames-baselinetopscore" : 0.11337538962079428 , "bi-names-/nns" : 0.04535147392290251 , "bi-names-/np-part" : 0.0 , "bi-names-baselinetopscore" : -0.04363192983584719 , "bi-outgoingentitynames-/nns" : 0.0 , "bi-outgoingentitynames-/np-part" : 0.06953489159258777 , "bi-outgoingentitynames-baselinetopscore" : 0.10440762561282606 , "bi-similarentitynames-/nns" : 0.0 , "bi-similarentitynames-/np-part" : -0.045809326666704835 , "bi-similarentitynames-baselinetopscore" : 0.0 , "name" : "default-best" , "score" : "0.20938386119465915" }
