{ "bi-attributes-/nns" : 0.09570640928804049 , "bi-attributes-/np-part" : 0.09570640928804049 , "bi-attributes-baselinetopscore" : 0.09570640928804049 , "bi-categories-/nns" : 0.11397077499918686 , "bi-categories-/np-part" : 0.10754699196533668 , "bi-categories-baselinetopscore" : 0.16551417884506556 , "bi-incomingentitynames-/nns" : 0.027754858693531663 , "bi-incomingentitynames-/np-part" : 0.09570640928804049 , "bi-incomingentitynames-baselinetopscore" : 0.09570640928804049 , "bi-names-/nns" : 0.022408251253164167 , "bi-names-/np-part" : -0.06255659613650102 , "bi-names-baselinetopscore" : 0.0 , "bi-outgoingentitynames-/nns" : 0.04307483034067205 , "bi-outgoingentitynames-/np-part" : 0.053982026323714204 , "bi-outgoingentitynames-baselinetopscore" : 0.030631355418019496 , "bi-similarentitynames-/nns" : 0.01914128185760805 , "bi-similarentitynames-/np-part" : 0.0 , "bi-similarentitynames-baselinetopscore" : 0.0 , "name" : "default-best" , "score" : "0.20468234248554384" }
