{ "bi-attributes-/nns" : 0.06242104012162131 , "bi-attributes-/np-part" : 0.17855253906838525 , "bi-attributes-baselinetopscore" : 0.020463560348847977 , "bi-categories-/nns" : 0.0441114439344516 , "bi-categories-/np-part" : 0.2003333992616882 , "bi-categories-baselinetopscore" : 0.0817770683635535 , "bi-incomingentitynames-/nns" : 0.021309422637486506 , "bi-incomingentitynames-/np-part" : 0.20234125747885565 , "bi-incomingentitynames-baselinetopscore" : 0.0 , "bi-names-/nns" : 0.04253966728685256 , "bi-names-/np-part" : -0.05276348766653476 , "bi-names-baselinetopscore" : 0.0 , "bi-outgoingentitynames-/nns" : 0.025657748393993794 , "bi-outgoingentitynames-/np-part" : 0.11205899255414073 , "bi-outgoingentitynames-baselinetopscore" : 0.03873238726440632 , "bi-similarentitynames-/nns" : 0.02246496095225137 , "bi-similarentitynames-/np-part" : 0.0 , "bi-similarentitynames-baselinetopscore" : 0.0 , "name" : "default-best" , "score" : "0.25080799388791664" }
