{ "bi-attributes-/nns" : 0.16506082295541769 , "bi-attributes-/np-part" : 0.06922036549409713 , "bi-attributes-baselinetopscore" : 0.06956671811810673 , "bi-categories-/nns" : 0.17236435720337293 , "bi-categories-/np-part" : 0.06485382905497648 , "bi-categories-baselinetopscore" : 0.12840377799155026 , "bi-incomingentitynames-/nns" : 0.06922036549409713 , "bi-incomingentitynames-/np-part" : 0.1221012646276478 , "bi-incomingentitynames-baselinetopscore" : 0.06922036549409713 , "bi-names-/nns" : 0.0 , "bi-names-/np-part" : -0.05025094063479501 , "bi-names-baselinetopscore" : 0.0 , "bi-outgoingentitynames-/nns" : 0.0 , "bi-outgoingentitynames-/np-part" : 0.06922036549409713 , "bi-outgoingentitynames-baselinetopscore" : 0.03241386555751626 , "bi-similarentitynames-/nns" : 0.018604843149818334 , "bi-similarentitynames-/np-part" : 0.0 , "bi-similarentitynames-baselinetopscore" : 0.0 , "name" : "default-best" , "score" : "0.22994172961282508" }
