{ "bi-attributes-/nns" : 0.0 , "bi-attributes-/np-part" : 0.0 , "bi-attributes-baselinetopscore" : 0.09801202754722985 , "bi-categories-/nns" : 0.2650432082588482 , "bi-categories-/np-part" : 0.10145850892162031 , "bi-categories-baselinetopscore" : 0.15013126694265316 , "bi-incomingentitynames-/nns" : 0.0 , "bi-incomingentitynames-/np-part" : 0.0511959202811859 , "bi-incomingentitynames-baselinetopscore" : 0.05308041294982338 , "bi-names-/nns" : 0.0 , "bi-names-/np-part" : -0.21025678414508953 , "bi-names-baselinetopscore" : 0.0 , "bi-outgoingentitynames-/nns" : 0.09359053105367705 , "bi-outgoingentitynames-/np-part" : 0.2528144665977319 , "bi-outgoingentitynames-baselinetopscore" : 0.1004953868027783 , "bi-similarentitynames-/nns" : 0.0 , "bi-similarentitynames-/np-part" : 0.028814816268732234 , "bi-similarentitynames-baselinetopscore" : 0.015620238520809269 , "name" : "default-best" , "score" : "0.19590738554971637" }
