{ "bi-attributes-/nns" : 0.0 , "bi-attributes-/np-part" : -0.05924845484035136 , "bi-attributes-baselinetopscore" : 0.12355125089276435 , "bi-categories-/nns" : 0.17098687466536416 , "bi-categories-/np-part" : 0.12923081208274692 , "bi-categories-baselinetopscore" : 0.18366119756272092 , "bi-incomingentitynames-/nns" : -0.05939694720837228 , "bi-incomingentitynames-/np-part" : 0.0 , "bi-incomingentitynames-baselinetopscore" : 0.11462880750822399 , "bi-names-/nns" : 0.0 , "bi-names-/np-part" : -0.09950014457574544 , "bi-names-baselinetopscore" : 0.0 , "bi-outgoingentitynames-/nns" : 0.06491094665423854 , "bi-outgoingentitynames-/np-part" : 0.1611134835784605 , "bi-outgoingentitynames-baselinetopscore" : 0.12692280097652292 , "bi-similarentitynames-/nns" : 0.12176239836686059 , "bi-similarentitynames-/np-part" : 0.0 , "bi-similarentitynames-baselinetopscore" : 0.021376974336566375 , "name" : "default-best" , "score" : "0.21020166197552984" }
