{ "bi-attributes-/nns" : 0.0 , "bi-attributes-/np-part" : 0.02610489614941188 , "bi-attributes-baselinetopscore" : 0.03477592247322494 , "bi-categories-/nns" : 0.2782275901287529 , "bi-categories-/np-part" : 0.09973337176021604 , "bi-categories-baselinetopscore" : 0.2510330566625128 , "bi-incomingentitynames-/nns" : -0.05406368988481955 , "bi-incomingentitynames-/np-part" : 0.07568847212013574 , "bi-incomingentitynames-baselinetopscore" : 0.021592428877134424 , "bi-names-/nns" : 0.0 , "bi-names-/np-part" : -0.04891724900082853 , "bi-names-baselinetopscore" : 0.0 , "bi-outgoingentitynames-/nns" : 0.0 , "bi-outgoingentitynames-/np-part" : 0.2678561413891082 , "bi-outgoingentitynames-baselinetopscore" : 0.041436594457671554 , "bi-similarentitynames-/nns" : 0.05532742074580609 , "bi-similarentitynames-/np-part" : -0.04879495587832643 , "bi-similarentitynames-baselinetopscore" : 0.0 , "name" : "default-best" , "score" : "0.20431669179286954" }
