{ "bi-attributes-/nns" : 0.0 , "bi-attributes-/np-part" : 0.0 , "bi-attributes-baselinetopscore" : 0.11917231647616947 , "bi-categories-/nns" : 0.17071504408109422 , "bi-categories-/np-part" : 0.21202815171537487 , "bi-categories-baselinetopscore" : 0.16934944482672812 , "bi-incomingentitynames-/nns" : -0.054585834587567036 , "bi-incomingentitynames-/np-part" : 0.06598055330861324 , "bi-incomingentitynames-baselinetopscore" : 0.06598055330861324 , "bi-names-/nns" : 0.0 , "bi-names-/np-part" : -0.051213459982993516 , "bi-names-baselinetopscore" : 0.0 , "bi-outgoingentitynames-/nns" : 0.013493023151611402 , "bi-outgoingentitynames-/np-part" : 0.06598055330861324 , "bi-outgoingentitynames-baselinetopscore" : 0.17192472879139867 , "bi-similarentitynames-/nns" : 0.030916521636985574 , "bi-similarentitynames-/np-part" : 0.0 , "bi-similarentitynames-baselinetopscore" : 0.02025840396535855 , "name" : "default-best" , "score" : "0.1667596320994221" }
