{ "bi-attributes-/nns" : 1.1088814068988278E-4 , "bi-attributes-/np-part" : 0.0031425184752823724 , "bi-attributes-baselinetopscore" : 0.06751027591043084 , "bi-categories-/nns" : 0.1493356407947519 , "bi-categories-/np-part" : 0.1990830590367491 , "bi-categories-baselinetopscore" : 0.19726307362709525 , "bi-incomingentitynames-/nns" : -0.05326751522622611 , "bi-incomingentitynames-/np-part" : 0.10706323951787404 , "bi-incomingentitynames-baselinetopscore" : 0.023266739958908347 , "bi-names-/nns" : 0.0 , "bi-names-/np-part" : -0.1096017018935645 , "bi-names-baselinetopscore" : 0.0 , "bi-outgoingentitynames-/nns" : 0.00645702458444217 , "bi-outgoingentitynames-/np-part" : 0.3023695487173478 , "bi-outgoingentitynames-baselinetopscore" : 0.07832730853937028 , "bi-similarentitynames-/nns" : 0.0 , "bi-similarentitynames-/np-part" : -0.05805541548783055 , "bi-similarentitynames-baselinetopscore" : 0.08699531530467917 , "name" : "default-best" , "score" : "0.21286700503543896" }
