{ "bi-attributes-/nns" : 0.0635224400080181 , "bi-attributes-/np-part" : 0.0 , "bi-attributes-baselinetopscore" : 0.0635224400080181 , "bi-categories-/nns" : 0.1684896705860329 , "bi-categories-/np-part" : 0.01577129957484983 , "bi-categories-baselinetopscore" : 0.009751837367357267 , "bi-incomingentitynames-/nns" : 0.12340107405107625 , "bi-incomingentitynames-/np-part" : 0.0 , "bi-incomingentitynames-baselinetopscore" : 0.0635224400080181 , "bi-names-/nns" : 0.11501257274534912 , "bi-names-/np-part" : 0.06620029121887354 , "bi-names-baselinetopscore" : 0.0635224400080181 , "bi-outgoingentitynames-/nns" : 0.0 , "bi-outgoingentitynames-/np-part" : 0.0 , "bi-outgoingentitynames-baselinetopscore" : 0.0 , "bi-similarentitynames-/nns" : 0.0635224400080181 , "bi-similarentitynames-/np-part" : 0.12069263601523442 , "bi-similarentitynames-baselinetopscore" : 0.06306841840113621 , "name" : "default-best" , "score" : "0.34941252142982726" }
