{ "bi-attributes-/nns" : 0.1217766486765335 , "bi-attributes-/np-part" : 0.07183059323252615 , "bi-attributes-baselinetopscore" : 0.02113794782350162 , "bi-categories-/nns" : 0.01138624966331259 , "bi-categories-/np-part" : 0.0 , "bi-categories-baselinetopscore" : 0.07183059323252615 , "bi-incomingentitynames-/nns" : 0.07183059323252615 , "bi-incomingentitynames-/np-part" : 0.0 , "bi-incomingentitynames-baselinetopscore" : 0.07183059323252615 , "bi-names-/nns" : 0.02802358159831427 , "bi-names-/np-part" : 0.07183059323252615 , "bi-names-baselinetopscore" : 0.07183059323252615 , "bi-outgoingentitynames-/nns" : 0.0 , "bi-outgoingentitynames-/np-part" : 0.0 , "bi-outgoingentitynames-baselinetopscore" : 0.0 , "bi-similarentitynames-/nns" : 0.13557242983812381 , "bi-similarentitynames-/np-part" : 0.12422346364551302 , "bi-similarentitynames-baselinetopscore" : 0.12689611935954428 , "name" : "default-best" , "score" : "0.31827794129601605" }
