{ "name" : "default-best" , "score" : "0.1684880748576612" , "uni-attributes-/nns" : 0.07792599673277587 , "uni-attributes-fieldlikelihood" : 0.21176747394348064 , "uni-categories-/nns" : 0.30104790200598186 , "uni-categories-fieldlikelihood" : 0.047073105604155945 , "uni-names-/nns" : 0.0 , "uni-names-fieldlikelihood" : 0.0 , "uni-outgoingentitynames-/nns" : 0.030065511991920785 , "uni-outgoingentitynames-fieldlikelihood" : 0.2620841494133415 , "uni-similarentitynames-/nns" : 0.021052919839353784 , "uni-similarentitynames-fieldlikelihood" : 0.04898294046898979 }
