{ "name" : "default-best" , "score" : "0.3357323887717086" , "uni-attributes-/nns" : 0.17396480538576448 , "uni-attributes-fieldlikelihood" : 0.2158027849942745 , "uni-categories-/nns" : 0.0 , "uni-categories-fieldlikelihood" : 0.06322320341333072 , "uni-names-/nns" : 0.12955688632777265 , "uni-names-fieldlikelihood" : 0.09390353550696362 , "uni-outgoingentitynames-/nns" : 0.045351473922902494 , "uni-outgoingentitynames-fieldlikelihood" : 0.02115137875240054 , "uni-similarentitynames-/nns" : 0.11724980034831935 , "uni-similarentitynames-fieldlikelihood" : 0.13979613134827165 }
