{ "name" : "default-best-best" , "od-/const" : 0.0 , "od-/wiki-categories-word-count" : 0.0 , "od-/wiki-infobox-word-count-16" : 0.04887444808936214 , "score" : "0.1250779430595512" , "uni-/const" : 0.3995163870422816 , "uni-/wiki-categories-word-count" : 2.6415017169859506E-4 , "uni-/wiki-infobox-word-count-16" : 0.3444998137809439 , "uww-/const" : 0.13318603472751644 , "uww-/wiki-categories-word-count" : 0.07365916618819733 , "uww-/wiki-infobox-word-count-16" : 0.0 }
