{ "name" : "default-best-best" , "od-/const" : 0.05302829772831554 , "od-/wiki-categories-word-count" : 0.0 , "od-/wiki-infobox-word-count-16" : 0.026393024292112346 , "score" : "0.1430097706895111" , "uni-/const" : 0.35219025193226683 , "uni-/wiki-categories-word-count" : 0.041986758066286683 , "uni-/wiki-infobox-word-count-16" : 0.2382513785984279 , "uww-/const" : 0.08943664769741427 , "uww-/wiki-categories-word-count" : 0.15336216776227393 , "uww-/wiki-infobox-word-count-16" : 0.04535147392290249 }
