{ "name" : "default-best-best" , "od-/const" : 0.050125313283208024 , "od-/wiki-categories-word-count" : 0.047841134291117415 , "od-/wiki-infobox-word-count-16" : 0.0 , "score" : "0.12922078515001872" , "uni-/const" : 0.5327293387656744 , "uni-/wiki-categories-word-count" : 0.11619871377042527 , "uni-/wiki-infobox-word-count-16" : 0.13311700338678706 , "uww-/const" : 0.07225010289973267 , "uww-/wiki-categories-word-count" : 0.047738393603055256 , "uww-/wiki-infobox-word-count-16" : 0.0 }
