{ "name" : "default-best-best" , "od-/const" : 0.2317690615329864 , "od-/wiki-categories-word-count" : 0.09828578908580043 , "od-/wiki-infobox-word-count-16" : 0.07028539103218011 , "score" : "0.2546647153431344" , "uni-/const" : 0.384134414949185 , "uni-/wiki-categories-word-count" : 0.027032097386214846 , "uni-/wiki-infobox-word-count-16" : 0.0 , "uww-/const" : 0.13386376678110418 , "uww-/wiki-categories-word-count" : 0.05454608469255181 , "uww-/wiki-infobox-word-count-16" : 8.339453997713463E-5 }
