{ "name" : "default-best-best" , "od-/const" : 0.05483492654272446 , "od-/wiki-categories-word-count" : 0.059933439252219195 , "od-/wiki-infobox-word-count-16" : 0.032509523287408144 , "score" : "0.3782981187198225" , "uni-/const" : 0.20055033494474184 , "uni-/wiki-categories-word-count" : 0.19534223204523313 , "uni-/wiki-infobox-word-count-16" : 0.1737437939434902 , "uww-/const" : 0.0276886411565024 , "uww-/wiki-categories-word-count" : 0.00804991905707305 , "uww-/wiki-infobox-word-count-16" : 0.2473471897706075 }
