{ "name" : "default-best-best" , "od-/const" : 0.10096249644162399 , "od-/wiki-categories-word-count" : 0.14217354239817373 , "od-/wiki-infobox-word-count-16" : 0.1009829672721522 , "score" : "0.417699717747882" , "uni-/const" : 0.1799331390176311 , "uni-/wiki-categories-word-count" : 0.13048085622496425 , "uni-/wiki-infobox-word-count-16" : 0.08240865701310189 , "uww-/const" : 0.1383737195368734 , "uww-/wiki-categories-word-count" : 0.0425436944260739 , "uww-/wiki-infobox-word-count-16" : 0.08214092766940524 }
