{ "od-/const": 0.05056115155067172,
  "od-/google-ngrams-word-invcount": 0.14181272614850973,
  "uni-/const": 0.3162561577061203,
  "uni-/google-ngrams-word-invcount": 0.28605081571201274,
  "uww-/const": 0.11056220019655545,
  "uww-/google-ngrams-word-invcount": 0.09475694868613013,
  "bi-attributes-/nns": 0.052420742581647285,
  "bi-attributes-/np-part": 0.12135648614341159,
  "bi-attributes-baselinetopscore": 0.05736611435883778,
  "bi-attributes-fieldlikelihood": 0.049485765493222,
  "bi-categories-/nns": 0.12930435019919945,
  "bi-categories-/np-part": 0.10041433224774705,
  "bi-categories-baselinetopscore": 0.14548314649283142,
  "bi-categories-fieldlikelihood": 0.09344758670062192,
  "bi-names-/nns": 0.036585033219794935,
  "bi-names-/np-part": 0,
  "bi-names-baselinetopscore": 0,
  "bi-names-fieldlikelihood": 0,
  "bi-outgoingentitynames-/nns": 0.022610869502362,
  "bi-outgoingentitynames-/np-part": 0.029602509953490064,
  "bi-outgoingentitynames-baselinetopscore": 0.030313126874476758,
  "bi-outgoingentitynames-fieldlikelihood": 0.07671128797096904,
  "bi-similarentitynames-/nns": 0.04113389443301332,
  "bi-similarentitynames-/np-part": 0,
  "bi-similarentitynames-baselinetopscore": 0.013764753828375354,
  "bi-similarentitynames-fieldlikelihood": 0,
  "uni-attributes-/nnp": 0.1208327527104028,
  "uni-attributes-fieldlikelihood": 0.24590129921625575,
  "uni-categories-/nnp": 0.24641860088333584,
  "uni-categories-fieldlikelihood": 0.29993870295161573,
  "uni-names-/nnp": 0,
  "uni-names-fieldlikelihood": 0.0026908759380688827,
  "uni-outgoingentitynames-/nnp": 0.049583385361792055,
  "uni-outgoingentitynames-fieldlikelihood": 0.004436002754082307,
  "uni-similarentitynames-/nnp": 0,
  "uni-similarentitynames-fieldlikelihood": 0.03019838018444662 }