{ "odw": 0.17423282384087693, "uniw": 0.6037671141440114, "uww": 0.22200006201511174 }