{ "odw": 0.08339768854797981, "uniw": 0.8520315678530043, "uww": 0.06457074359901598 }