{ "uni-attributes-/nnp": 0.055874944861195694,
  "uni-attributes-fieldlikelihood": 0.2652284328828181,
  "uni-categories-/nnp": 0.1290008433576891,
  "uni-categories-fieldlikelihood": 0.04629208838823862,
  "uni-names-/nnp": 0.03355577230136127,
  "uni-names-fieldlikelihood": 0.13570405475177794,
  "uni-outgoingentitynames-/nnp": 0,
  "uni-outgoingentitynames-fieldlikelihood": 0.019828733044071557,
  "uni-similarentitynames-/nnp": 0.1593279199236481,
  "uni-similarentitynames-fieldlikelihood": 0.15518721048919965,
  "bi-attributes-/nns": 0.01612386705709435,
  "bi-attributes-/np-part": 0.07735755546200747,
  "bi-attributes-baselinetopscore": 0.030366097283022163,
  "bi-attributes-fieldlikelihood": 0.02938975744959116,
  "bi-categories-/nns": 0.12410574033826043,
  "bi-categories-/np-part": 0.06072177685690926,
  "bi-categories-baselinetopscore": 0.010290206850638191,
  "bi-categories-fieldlikelihood": 0.038082089500601296,
  "bi-names-/nns": 0.046561201636639224,
  "bi-names-/np-part": 0.054212365356871406,
  "bi-names-baselinetopscore": 0.05864368225807668,
  "bi-names-fieldlikelihood": 0.052247465701220075,
  "bi-outgoingentitynames-/nns": 0.023099538964097947,
  "bi-outgoingentitynames-/np-part": 0,
  "bi-outgoingentitynames-baselinetopscore": 0,
  "bi-outgoingentitynames-fieldlikelihood": 0,
  "bi-similarentitynames-/nns": 0.10968302796917329,
  "bi-similarentitynames-/np-part": 0.09978954872815571,
  "bi-similarentitynames-baselinetopscore": 0.0802217673754101,
  "bi-similarentitynames-fieldlikelihood": 0.08910431121223124,
  "od-/const": 0.032861569983607355,
  "od-/google-ngrams-word-invcount": 0.14287390003902087,
  "uni-/const": 0.2741862480067083,
  "uni-/google-ngrams-word-invcount": 0.2518519297557932,
  "uww-/const": 0.1358323134286096,
  "uww-/google-ngrams-word-invcount": 0.16239403878626066 }