{ "name" : "default-best-best" , "od-/const" : 0.05846369824546789 , "od-/dep-leaf" : 0.2907627408696363 , "score" : "0.12812245117768575" , "uni-/const" : 0.31404650617284957 , "uni-/dep-leaf" : 0.15759009110707922 , "uww-/const" : 0.06982203987842135 , "uww-/dep-leaf" : 0.10931492372654562 }
