{ "name" : "default-best-best" , "od-/const" : 0.08133003697209373 , "od-/dep-leaf" : 0.316038438635325 , "score" : "0.1998128230415064" , "uni-/const" : 0.30305485569528134 , "uni-/dep-leaf" : 0.0 , "uww-/const" : 0.19920395323129308 , "uww-/dep-leaf" : 0.10037271546600689 }
