{ "name" : "default-best-best" , "od-/const" : 0.2296567194117132 , "od-/dep-leaf" : 0.17676099242771842 , "score" : "0.2476250862042351" , "uni-/const" : 0.2826783886028127 , "uni-/dep-leaf" : 0.06541515569954871 , "uww-/const" : 0.06872775143048852 , "uww-/dep-leaf" : 0.17676099242771842 }
