{ "name" : "default-best-best" , "od-/const" : 0.17354509857536013 , "od-/dep-leaf" : 0.34871170519361433 , "score" : "0.20772757890006566" , "uni-/const" : 0.3206918595999529 , "uni-/dep-leaf" : 0.0 , "uww-/const" : 0.10319427412052133 , "uww-/dep-leaf" : 0.0538570625105515 }
