{ "name" : "default-best-best" , "od-/const" : 0.17246097190025986 , "od-/dep-leaf" : 0.2717115690675248 , "score" : "0.210413083820755" , "uni-/const" : 0.2005947086102772 , "uni-/dep-leaf" : 0.0 , "uww-/const" : 0.08494833757737781 , "uww-/dep-leaf" : 0.2702844128445604 }
