{ "bi-attributes-/np-exact" : 0.0 , "bi-attributes-fieldlikelihood" : 0.15024938480960662 , "bi-categories-/np-exact" : 0.31234901423711214 , "bi-categories-fieldlikelihood" : 0.2635393712969479 , "bi-names-/np-exact" : 0.04761904761904763 , "bi-names-fieldlikelihood" : 0.0 , "bi-outgoingentitynames-/np-exact" : 0.012681958491866558 , "bi-outgoingentitynames-fieldlikelihood" : 0.17636682629849013 , "bi-similarentitynames-/np-exact" : 0.0 , "bi-similarentitynames-fieldlikelihood" : 0.037194397246929196 , "name" : "default-best" , "score" : "0.1583480962913282" }
