{ "bi-attributes-/np-exact" : 0.17536482971251455 , "bi-attributes-fieldlikelihood" : 0.24571276013051543 , "bi-categories-/np-exact" : 0.008001480934339413 , "bi-categories-fieldlikelihood" : 0.34005580316004147 , "bi-names-/np-exact" : 0.0 , "bi-names-fieldlikelihood" : 0.0 , "bi-outgoingentitynames-/np-exact" : 0.0944275878099914 , "bi-outgoingentitynames-fieldlikelihood" : 0.12288509131880045 , "bi-similarentitynames-/np-exact" : 0.0 , "bi-similarentitynames-fieldlikelihood" : 0.013552446933797261 , "name" : "default-best" , "score" : "0.11387805674882504" }
