{ "bi-attributes-/np-exact" : 0.08570393658773577 , "bi-attributes-fieldlikelihood" : 0.04849099610571315 , "bi-categories-/np-exact" : 0.1653061012829539 , "bi-categories-fieldlikelihood" : 0.24296828628286626 , "bi-names-/np-exact" : 0.0 , "bi-names-fieldlikelihood" : 0.04878972820856373 , "bi-outgoingentitynames-/np-exact" : 0.25068041573071936 , "bi-outgoingentitynames-fieldlikelihood" : 0.13413023885663714 , "bi-similarentitynames-/np-exact" : 0.0 , "bi-similarentitynames-fieldlikelihood" : 0.023930296944810713 , "name" : "default-best" , "score" : "0.1255114511954778" }
