{ "bi-attributes-/np-exact" : 0.09192927111700178 , "bi-attributes-fieldlikelihood" : 0.039446649425858335 , "bi-categories-/np-exact" : 0.31520684109142905 , "bi-categories-fieldlikelihood" : 0.24364827978048206 , "bi-names-/np-exact" : 0.0 , "bi-names-fieldlikelihood" : 0.029382698762751645 , "bi-outgoingentitynames-/np-exact" : 0.16813363940685416 , "bi-outgoingentitynames-fieldlikelihood" : 0.06717051685689278 , "bi-similarentitynames-/np-exact" : 0.0 , "bi-similarentitynames-fieldlikelihood" : 0.04508210355873024 , "name" : "default-best" , "score" : "0.12808090290184979" }
