{ "bi-attributes-/np-exact" : 0.07932270463697581 , "bi-attributes-fieldlikelihood" : 0.06334792094560444 , "bi-categories-/np-exact" : 0.0453514739229025 , "bi-categories-fieldlikelihood" : 0.3855586664838263 , "bi-names-/np-exact" : 0.0 , "bi-names-fieldlikelihood" : 0.017615357055916495 , "bi-outgoingentitynames-/np-exact" : 0.27147266594416075 , "bi-outgoingentitynames-fieldlikelihood" : 0.0996065835933428 , "bi-similarentitynames-/np-exact" : 0.0 , "bi-similarentitynames-fieldlikelihood" : 0.0377246274172709 , "name" : "default-best" , "score" : "0.12631493473291552" }
