{ "bi-attributes-/np-exact" : 0.16966229001312944 , "bi-attributes-fieldlikelihood" : 0.0722014400620622 , "bi-categories-/np-exact" : 0.10697074637011088 , "bi-categories-fieldlikelihood" : 0.004529376276670509 , "bi-names-/np-exact" : 0.184638649515806 , "bi-names-fieldlikelihood" : 0.09609551702732665 , "bi-outgoingentitynames-/np-exact" : 0.0 , "bi-outgoingentitynames-fieldlikelihood" : 0.013765079207457665 , "bi-similarentitynames-/np-exact" : 0.2067889939401978 , "bi-similarentitynames-fieldlikelihood" : 0.1453479075872388 , "name" : "default-best" , "score" : "0.31203276859576956" }
