{ "bi-attributes-/np-exact" : 0.062369421722375515 , "bi-attributes-fieldlikelihood" : 0.06561972792342549 , "bi-categories-/np-exact" : 0.12442777400972671 , "bi-categories-fieldlikelihood" : 0.12442777400972671 , "bi-names-/np-exact" : 0.11281906474505325 , "bi-names-fieldlikelihood" : 0.1338324390155327 , "bi-outgoingentitynames-/np-exact" : 0.0 , "bi-outgoingentitynames-fieldlikelihood" : 0.012825172099736708 , "bi-similarentitynames-/np-exact" : 0.18029541779171288 , "bi-similarentitynames-fieldlikelihood" : 0.1833832086827104 , "name" : "default-best" , "score" : "0.27391242283609024" }
