{ "bi-attributes-/np-exact" : 0.06621129752908998 , "bi-attributes-fieldlikelihood" : 0.11304138172752683 , "bi-categories-/np-exact" : 0.1258321368886376 , "bi-categories-fieldlikelihood" : 0.010441779668061183 , "bi-names-/np-exact" : 0.1258321368886376 , "bi-names-fieldlikelihood" : 0.13283891424420574 , "bi-outgoingentitynames-/np-exact" : 0.0 , "bi-outgoingentitynames-fieldlikelihood" : 0.013117878968208593 , "bi-similarentitynames-/np-exact" : 0.17950542489182436 , "bi-similarentitynames-fieldlikelihood" : 0.2331790491938081 , "name" : "default-best" , "score" : "0.2951648081455129" }
