{ "name" : "default-best" , "score" : "0.1087021667948082" , "uni-attributes-fieldlikelihood" : 0.4081378442734752 , "uni-categories-fieldlikelihood" : 0.413657967512069 , "uni-names-fieldlikelihood" : 0.0 , "uni-outgoingentitynames-fieldlikelihood" : 0.014668161675515875 , "uni-similarentitynames-fieldlikelihood" : 0.16353602653893992 }
