{ "name" : "default-best" , "score" : "0.1091451580003023" , "uni-attributes-fieldlikelihood" : 0.49905601175295317 , "uni-categories-fieldlikelihood" : 0.3038124418444351 , "uni-names-fieldlikelihood" : 0.09630253972400911 , "uni-outgoingentitynames-fieldlikelihood" : 0.04797798365895217 , "uni-similarentitynames-fieldlikelihood" : 0.05285102301965055 }
