{ "name" : "default-best" , "score" : "0.1109196307600329" , "uni-attributes-fieldlikelihood" : 0.579093001224276 , "uni-categories-fieldlikelihood" : 0.23876267802254142 , "uni-names-fieldlikelihood" : 0.13829535362965764 , "uni-outgoingentitynames-fieldlikelihood" : 0.0 , "uni-similarentitynames-fieldlikelihood" : 0.043848967123525 }
