{ "name" : "default-best" , "score" : "0.1842007062443895" , "uni-attributes-fieldlikelihood" : 0.4044197382354127 , "uni-categories-fieldlikelihood" : 0.46235083062531834 , "uni-names-fieldlikelihood" : 0.0 , "uni-outgoingentitynames-fieldlikelihood" : 0.06818167491625293 , "uni-similarentitynames-fieldlikelihood" : 0.06504775622301613 }
