{ "name" : "default-best" , "score" : "0.1805208453748922" , "uni-attributes-fieldlikelihood" : 0.4386723292385521 , "uni-categories-fieldlikelihood" : 0.4743093984266604 , "uni-names-fieldlikelihood" : 0.0 , "uni-outgoingentitynames-fieldlikelihood" : 0.059302454905631394 , "uni-similarentitynames-fieldlikelihood" : 0.027715817429156058 }
