{ "name" : "default-best" , "score" : "0.21093117647970488" , "uni-attributes-fieldlikelihood" : 0.38331848939430624 , "uni-categories-fieldlikelihood" : 0.5034124766037985 , "uni-names-fieldlikelihood" : 0.0 , "uni-outgoingentitynames-fieldlikelihood" : 0.07933487115425193 , "uni-similarentitynames-fieldlikelihood" : 0.033934162847643175 }
