{ "name" : "default-best" , "score" : "0.15605836986318414" , "uni-attributes-fieldlikelihood" : 0.4081563797818816 , "uni-categories-fieldlikelihood" : 0.1918578924916795 , "uni-names-fieldlikelihood" : 0.02413418308885688 , "uni-outgoingentitynames-fieldlikelihood" : 0.2928631725061244 , "uni-similarentitynames-fieldlikelihood" : 0.08298837213145752 }
