{ "name" : "default-best" , "score" : "0.18781505899398493" , "uni-attributes-fieldlikelihood" : 0.3505450189086389 , "uni-categories-fieldlikelihood" : 0.28387708218539165 , "uni-names-fieldlikelihood" : 0.0 , "uni-outgoingentitynames-fieldlikelihood" : 0.2556069150683462 , "uni-similarentitynames-fieldlikelihood" : 0.10997098383762333 }
