{ "name" : "default-best" , "score" : "0.3283706913825411" , "uni-attributes-fieldlikelihood" : 0.5115569629659914 , "uni-categories-fieldlikelihood" : 0.06998139445132005 , "uni-names-fieldlikelihood" : 0.23735015543796867 , "uni-outgoingentitynames-fieldlikelihood" : 0.0 , "uni-similarentitynames-fieldlikelihood" : 0.1811114871447199 }
