{ "name" : "default-best-best" , "od-/const" : 0.0 , "od-/nnp" : 0.0 , "score" : "0.12598711319256964" , "uni-/const" : 0.5697301099515687 , "uni-/nnp" : 0.09648543645267181 , "uww-/const" : 0.21167386393654508 , "uww-/nnp" : 0.1221105896592143 }
