{ "name" : "default-best-best" , "od-/const" : 0.04370193888234391 , "od-/nnp" : 0.0 , "score" : "0.13657446813191168" , "uni-/const" : 0.526257412929911 , "uni-/nnp" : 0.37877230868155465 , "uww-/const" : 0.051268339506190426 , "uww-/nnp" : 0.0 }
