{ "name" : "default-best-best" , "od-/const" : 0.0 , "od-/nnp" : 0.0 , "score" : "0.12604386836943723" , "uni-/const" : 0.5224887301658441 , "uni-/nnp" : 0.28507287588337543 , "uww-/const" : 0.1924383939507804 , "uww-/nnp" : 0.0 }
