{ "name" : "default-best-best" , "od-/const" : 0.05012531328320802 , "od-/nnp" : 0.0 , "score" : "0.14495725404688847" , "uni-/const" : 0.6463996227108858 , "uni-/nnp" : 0.19518305970115016 , "uww-/const" : 0.10829200430475595 , "uww-/nnp" : 0.0 }
