{ "name" : "default-best-best" , "od-/const" : 0.01541582869752972 , "od-/nnp" : 0.2759406845715553 , "score" : "0.11606814671200091" , "uni-/const" : 0.28101359600532344 , "uni-/nnp" : 0.26410742258032965 , "uww-/const" : 0.04001909454798119 , "uww-/nnp" : 0.12350337359728068 }
