{ "name" : "default-best-best" , "od-/const" : 0.07998664736472566 , "od-/nnp" : 0.18159342304105178 , "score" : "0.22316149449366604" , "uni-/const" : 0.2630850680523907 , "uni-/nnp" : 0.1766279588819245 , "uww-/const" : 0.11906811488924127 , "uww-/nnp" : 0.1796387877706662 }
