{ "name" : "default-best-best" , "od-/const" : 0.08711531253416298 , "od-/nnp" : 0.0997806420206452 , "score" : "0.24305450765202924" , "uni-/const" : 0.2171626533396473 , "uni-/nnp" : 0.28225287483334155 , "uww-/const" : 0.21701612778013488 , "uww-/nnp" : 0.09667238949206798 }
