{ "name" : "default-best-best" , "od-/const" : 0.16600193703345634 , "od-/nnp" : 0.0 , "score" : "0.2077760268368301" , "uni-/const" : 0.36014811396203705 , "uni-/nnp" : 0.21284150602666566 , "uww-/const" : 0.23549119701306312 , "uww-/nnp" : 0.025517245964777866 }
