{ "name" : "default-best-best" , "od-/const" : 0.09367529228587679 , "od-/nnp" : 0.11904761795082854 , "score" : "0.22090544167747742" , "uni-/const" : 0.3491530919933645 , "uni-/nnp" : 0.1081197596565915 , "uww-/const" : 0.317943250962582 , "uww-/nnp" : 0.01206098715075671 }
