{ "name" : "default-best-best" , "od-/const" : 0.0010018659422897018 , "od-/nnp" : 0.18731687365523392 , "score" : "0.2104023643208529" , "uni-/const" : 0.15765271713119794 , "uni-/nnp" : 0.1422455701931991 , "uww-/const" : 0.1429139884217339 , "uww-/nnp" : 0.36886898465634543 }
