{ "name" : "default-best-best" , "od-/const" : 0.2817202434556689 , "od-/nnp" : 0.0 , "score" : "0.25574295907375866" , "uni-/const" : 0.47551307247277813 , "uni-/nnp" : 0.0 , "uww-/const" : 0.2427666840715531 , "uww-/nnp" : 0.0 }
