{ "name" : "default-best-best" , "od-/const" : 0.2890630832037815 , "od-/nnp" : 0.057732116695267316 , "score" : "0.21367351597350556" , "uni-/const" : 0.28921713699060075 , "uni-/nnp" : 0.20467072752630916 , "uww-/const" : 0.1593169355840413 , "uww-/nnp" : 0.0 }
