{ "name" : "default-best-best" , "od-/const" : 0.26052103738310006 , "od-/nnp" : 0.053405550149526554 , "score" : "0.21395443923762994" , "uni-/const" : 0.2868293367126865 , "uni-/nnp" : 0.20378450859959776 , "uww-/const" : 0.14784051953604127 , "uww-/nnp" : 0.04761904761904761 }
