{ "name" : "default-best-best" , "od-/const" : 0.24840880098852072 , "od-/nnp" : 0.008057043346050946 , "score" : "0.2260053408063373" , "uni-/const" : 0.2396323440568685 , "uni-/nnp" : 0.287846413248975 , "uww-/const" : 0.21605539835958484 , "uww-/nnp" : 0.0 }
