{ "name" : "default-best-best" , "od-/const" : 0.19536741268326777 , "od-/nnp" : 0.03443183273617011 , "score" : "0.249204588731401" , "uni-/const" : 0.13690371443779986 , "uni-/nnp" : 0.24549272596647578 , "uww-/const" : 0.25397763648824806 , "uww-/nnp" : 0.1338266776880384 }
