{ "name" : "default-best-best" , "od-/const" : 0.04454774897681185 , "od-/nnp" : 0.22022362381425484 , "score" : "0.42573079367314587" , "uni-/const" : 0.17291359286001384 , "uni-/nnp" : 0.21866267314994 , "uww-/const" : 0.0861068828743335 , "uww-/nnp" : 0.25754547832464586 }
