{ "name" : "default-best-best" , "od-/const" : 0.04224808777327571 , "od-/nnp" : 0.14314072297096217 , "score" : "0.3841168125145452" , "uni-/const" : 0.19400494751777975 , "uni-/nnp" : 0.19641588632640292 , "uww-/const" : 0.23956685401889585 , "uww-/nnp" : 0.18462350139268366 }
