{ "name" : "default-best-best" , "od-/const" : 0.08936224165527591 , "od-/nnp" : 0.12393340801475279 , "score" : "0.38510769517296856" , "uni-/const" : 0.2998128106838318 , "uni-/nnp" : 0.30237998770482566 , "uww-/const" : 0.1485038271540925 , "uww-/nnp" : 0.036007724787221286 }
