{ "name" : "default-best-best" , "od-/const" : 0.05052210789405555 , "od-/nnp" : 0.32256080545669785 , "score" : "0.40563571752712924" , "uni-/const" : 0.23286526768271643 , "uni-/nnp" : 0.07838545093424643 , "uww-/const" : 0.09701007841216658 , "uww-/nnp" : 0.21865628962011718 }
