{ "name" : "default-best-best" , "od-/const" : 0.04069900886292476 , "od-/nnp" : 0.14896513350353385 , "score" : "0.4164720666092992" , "uni-/const" : 0.30734576560315424 , "uni-/nnp" : 0.04761904761904763 , "uww-/const" : 0.25630743763892805 , "uww-/nnp" : 0.19906360677241156 }
