{ "name" : "default-best" , "od-attributes" : 0.0 , "od-categories" : 0.2815559451115551 , "od-names" : 0.4178866134439709 , "od-outgoingentitynames" : 0.06049581976226141 , "od-similarentitynames" : 0.24006162168221282 , "score" : "0.15630458354186008" }
