{ "name" : "default-best" , "od-attributes" : 0.2644512182153534 , "od-categories" : 0.2645537853988883 , "od-names" : 0.12589621392458109 , "od-outgoingentitynames" : 0.2170432594095455 , "od-similarentitynames" : 0.12805552305163184 , "score" : "0.09078036680798698" }
