{ "name" : "default-best" , "od-attributes" : 0.0 , "od-categories" : 0.09801837831264754 , "od-names" : 0.5050080788820123 , "od-outgoingentitynames" : 0.0 , "od-similarentitynames" : 0.39697354280534003 , "score" : "0.17153836715448473" }
