{ "name" : "default-best" , "od-attributes" : 0.10407904942435278 , "od-categories" : 0.21139938203863548 , "od-names" : 0.38388517834620073 , "od-outgoingentitynames" : 0.017815015406539098 , "od-similarentitynames" : 0.28282137478427216 , "score" : "0.16235135260595623" }
