{ "name" : "default-best" , "od-attributes" : 0.24705044918527372 , "od-categories" : 0.288553867399171 , "od-names" : 0.04584695653217697 , "od-outgoingentitynames" : 0.2160512955125334 , "od-similarentitynames" : 0.20249743137084503 , "score" : "0.08464768290989809" }
