{ "name" : "default-best" , "od-attributes" : 0.06220334154172827 , "od-categories" : 0.29476948153961013 , "od-names" : 0.4043410844258811 , "od-outgoingentitynames" : 0.0 , "od-similarentitynames" : 0.2386860924927804 , "score" : "0.1678608940957919" }
