{ "name" : "default-best" , "od-attributes" : 0.15989185050914262 , "od-categories" : 0.0496126873545289 , "od-names" : 0.4653526764909869 , "od-outgoingentitynames" : 0.0 , "od-similarentitynames" : 0.3251427856453416 , "score" : "0.16460736063993855" }
