{ "name" : "default-best" , "od-attributes" : 0.10602196884957642 , "od-categories" : 0.23845258770311198 , "od-names" : 0.41847911815379396 , "od-outgoingentitynames" : 0.0 , "od-similarentitynames" : 0.2370463252935176 , "score" : "0.17336401622675557" }
