{ "name" : "default-best" , "od-attributes" : 0.25825320075711233 , "od-categories" : 0.330186836830801 , "od-names" : 0.10103944065462286 , "od-outgoingentitynames" : 0.19778474455784517 , "od-similarentitynames" : 0.11273577719961865 , "score" : "0.07715502871114036" }
