{ "name" : "default-best" , "od-attributes" : 0.05212724308257816 , "od-categories" : 0.3157974772790532 , "od-names" : 0.3927735906335628 , "od-outgoingentitynames" : 0.0 , "od-similarentitynames" : 0.23930168900480583 , "score" : "0.14228649589224054" }
