{ "name" : "default-best" , "od-attributes" : 0.0 , "od-categories" : 0.14310178818895497 , "od-names" : 0.6445375820129632 , "od-outgoingentitynames" : 0.0 , "od-similarentitynames" : 0.2123606297980817 , "score" : "0.16915086290747494" }
