{ "name" : "default-best" , "od-attributes" : 0.18613927686947387 , "od-categories" : 0.3944134968947259 , "od-names" : 0.03200013428831349 , "od-outgoingentitynames" : 0.23915436482560923 , "od-similarentitynames" : 0.1482927271218776 , "score" : "0.08719015031167263" }
