{ "name" : "default-best" , "od-attributes" : 0.26522965073004917 , "od-categories" : 0.3470199439650807 , "od-names" : 0.0193938052725372 , "od-outgoingentitynames" : 0.2410218929638876 , "od-similarentitynames" : 0.12733470706844532 , "score" : "0.08213666275973468" }
