{ "name" : "default-best" , "od-attributes" : 0.0 , "od-categories" : 0.22018505929394153 , "od-names" : 0.4809356632211512 , "od-outgoingentitynames" : 0.0 , "od-similarentitynames" : 0.2988792774849072 , "score" : "0.16971397353422424" }
