{ "name" : "default-best" , "od-attributes" : 0.054942927946922425 , "od-categories" : 0.233703457789647 , "od-names" : 0.4036447441710953 , "od-outgoingentitynames" : 0.08894989795872767 , "od-similarentitynames" : 0.21875897213360765 , "score" : "0.14394038358684716" }
