{ "name" : "default-best-best" , "od-/const" : 0.030486049338327045 , "od-bigramcfratioimp" : 0.11974470085177319 , "score" : "0.1244250051017366" , "uni-/const" : 0.48993351770704796 , "uni-bigramcfratioimp" : 0.2677760803891351 , "uww-/const" : 0.028060037521354574 , "uww-bigramcfratioimp" : 0.06399961419236239 }
