{ "name" : "default-best-best" , "od-/const" : 0.0 , "od-bigramcfratioimp" : 0.12983057345044743 , "score" : "0.12394563321781486" , "uni-/const" : 0.523131989031995 , "uni-bigramcfratioimp" : 0.17668990402531945 , "uww-/const" : 0.03412419712353401 , "uww-bigramcfratioimp" : 0.13622333636870415 }
