{ "name" : "default-best-best" , "od-/const" : 0.06294298413375808 , "od-bigramcfratioimp" : -0.052631578947368404 , "score" : "0.12422601065254653" , "uni-/const" : 0.541528326322813 , "uni-bigramcfratioimp" : 0.27871345719891366 , "uww-/const" : 0.16944681129188355 , "uww-bigramcfratioimp" : 0.0 }
