{ "name" : "default-best-best" , "od-/const" : 0.058659121911380056 , "od-bigramcfratioimp" : 0.0 , "score" : "0.1414865942154092" , "uni-/const" : 0.5339927996584891 , "uni-bigramcfratioimp" : 0.2055387274687994 , "uww-/const" : 0.050949998073639126 , "uww-bigramcfratioimp" : 0.15085935288769242 }
