{ "name" : "default-best-best" , "od-/const" : 8.274715846832458E-5 , "od-bigramcfratioimp" : 0.14153169806089225 , "score" : "0.13066527969158198" , "uni-/const" : 0.46980442860873434 , "uni-bigramcfratioimp" : 0.15085508086807192 , "uww-/const" : -0.00238691968015277 , "uww-bigramcfratioimp" : 0.240112964983986 }
