{ "name" : "default-best-best" , "od-/const" : 0.0 , "od-bigramcfratioimp" : 0.16464645439732392 , "score" : "0.1400565298251089" , "uni-/const" : 0.4291114904439631 , "uni-bigramcfratioimp" : 0.20315289601764408 , "uww-/const" : 0.06664760628194946 , "uww-bigramcfratioimp" : 0.13644155285911952 }
