{ "name" : "default-best-best" , "od-/const" : 0.08360558877419083 , "od-bigramcfratioimp" : 0.023549310831328323 , "score" : "0.1294343572829099" , "uni-/const" : 0.49854193190265605 , "uni-bigramcfratioimp" : 0.29596303621957015 , "uww-/const" : 0.023223888129234965 , "uww-bigramcfratioimp" : 0.07511624414301957 }
