{ "name" : "default-best-best" , "od-/const" : 0.05691326559118935 , "od-bigramcfratioimp" : 0.1226756316550234 , "score" : "0.12957980019123694" , "uni-/const" : 0.5206981871781006 , "uni-bigramcfratioimp" : 0.2087823571767796 , "uww-/const" : 0.04535147392290249 , "uww-bigramcfratioimp" : 0.04557908447600453 }
