{ "name" : "default-best-best" , "od-/const" : 0.0 , "od-bigramcfratioimp" : 0.21361715157025432 , "score" : "0.20262355747685498" , "uni-/const" : 0.47132606326985027 , "uni-bigramcfratioimp" : 0.21198093001186438 , "uww-/const" : 0.008687523142014944 , "uww-bigramcfratioimp" : 0.09438833200601615 }
