{ "name" : "default-best-best" , "od-/const" : 0.10937683601956139 , "od-bigramcfratioimp" : -0.05263157894736842 , "score" : "0.21929797074040647" , "uni-/const" : 0.46173473842930823 , "uni-bigramcfratioimp" : 0.26221146754830393 , "uww-/const" : 0.2747101990000563 , "uww-bigramcfratioimp" : -0.05540166204986149 }
