{ "name" : "default-best-best" , "od-/const" : 0.2160453475178667 , "od-bigramcfratioimp" : -0.05276348766653474 , "score" : "0.20611944679463592" , "uni-/const" : 0.36566860390632977 , "uni-bigramcfratioimp" : 0.20675491082887731 , "uww-/const" : 0.19161375861271254 , "uww-bigramcfratioimp" : 0.07268086680074828 }
