{ "name" : "default-best-best" , "od-/const" : 0.10446256950356254 , "od-bigramcfratioimp" : 0.05059266665368882 , "score" : "0.21837576189039573" , "uni-/const" : 0.5141164358713668 , "uni-bigramcfratioimp" : 0.08988184861843791 , "uww-/const" : 0.24094647935294386 , "uww-bigramcfratioimp" : 0.0 }
