{ "name" : "default-best-best" , "od-/const" : 0.3005530286062775 , "od-bigramcfratioimp" : -0.1727987143645611 , "score" : "0.21542913511925618" , "uni-/const" : 0.3018220801301999 , "uni-bigramcfratioimp" : 0.18880759652834814 , "uww-/const" : 0.12409045814451254 , "uww-bigramcfratioimp" : 0.25752555095522295 }
