{ "name" : "default-best-best" , "od-/const" : 0.25659973962401034 , "od-bigramcfratioimp" : 0.0 , "score" : "0.21546302333199424" , "uni-/const" : 0.29895391576604174 , "uni-bigramcfratioimp" : 0.19929566467490042 , "uww-/const" : 0.2451506799350476 , "uww-bigramcfratioimp" : 0.0 }
