{ "name" : "default-best-best" , "od-/const" : 0.16831516724029327 , "od-bigramcfratioimp" : -0.05540166204986151 , "score" : "0.23590248218200788" , "uni-/const" : 0.4735735593221135 , "uni-bigramcfratioimp" : 0.2615519342038324 , "uww-/const" : 0.15196100128362264 , "uww-bigramcfratioimp" : 0.0 }
