{ "name" : "default-best-best" , "od-/const" : 0.08093512659264289 , "od-bigramcfratioimp" : 0.0 , "score" : "0.23672697065378107" , "uni-/const" : 0.4232548632031366 , "uni-bigramcfratioimp" : 0.33717976548541767 , "uww-/const" : 0.1586302447188028 , "uww-bigramcfratioimp" : 0.0 }
