{ "name" : "default-best-best" , "od-/const" : 0.08961896198033731 , "od-bigramcfratioimp" : 0.04589231583390919 , "score" : "0.2068938635652889" , "uni-/const" : 0.43616203536201187 , "uni-bigramcfratioimp" : 0.22857688903302287 , "uww-/const" : 0.19974979779071883 , "uww-bigramcfratioimp" : 0.0 }
