{ "name" : "default-best-best" , "od-/const" : 0.15654168967878443 , "od-bigramcfratioimp" : 0.0 , "score" : "0.19977434041628525" , "uni-/const" : 0.48765911683820223 , "uni-bigramcfratioimp" : 0.04095679015076085 , "uww-/const" : 0.3148424033322524 , "uww-bigramcfratioimp" : 0.0 }
