{ "name" : "default-best-best" , "od-/const" : 0.23134905241533726 , "od-bigramcfratioimp" : 0.05012531328320802 , "score" : "0.24965036853017578" , "uni-/const" : 0.40182891852204544 , "uni-bigramcfratioimp" : 0.14608256838101977 , "uww-/const" : 0.08773693925087865 , "uww-bigramcfratioimp" : 0.0828772081475107 }
