{ "name" : "default-best-best" , "od-/const" : 0.1980043770051993 , "od-bigramcfratioimp" : 0.1973035971177667 , "score" : "0.2063653750853951" , "uni-/const" : 0.1955029391613426 , "uni-bigramcfratioimp" : 0.15231105923476876 , "uww-/const" : 0.10901092898256441 , "uww-bigramcfratioimp" : 0.1478670984983583 }
