{ "name" : "default-best-best" , "od-/const" : 0.2149360687599517 , "od-bigramcfratioimp" : 0.09441883910312221 , "score" : "0.2266474184971019" , "uni-/const" : 0.35554667730788253 , "uni-bigramcfratioimp" : 0.21267130288496974 , "uww-/const" : 0.1224271119440739 , "uww-bigramcfratioimp" : 0.0 }
