{ "name" : "default-best-best" , "od-/const" : 0.17285401732585265 , "od-bigramcfratioimp" : -0.05263157894736842 , "score" : "0.25508067021849495" , "uni-/const" : 0.2964396898544466 , "uni-bigramcfratioimp" : 0.34062679268888996 , "uww-/const" : 0.11448937416221414 , "uww-bigramcfratioimp" : 0.1282217049159651 }
