{ "name" : "default-best-best" , "od-/const" : 0.26882302602435953 , "od-bigramcfratioimp" : 0.1023383196797649 , "score" : "0.25240622687519765" , "uni-/const" : 0.25351588181489876 , "uni-bigramcfratioimp" : 0.12477546696149051 , "uww-/const" : 0.09738147633775224 , "uww-bigramcfratioimp" : 0.1531658291817342 }
