{ "name" : "default-best-best" , "od-/const" : 0.16663143568027333 , "od-bigramcfratioimp" : 0.04779047606122643 , "score" : "0.25439662314646794" , "uni-/const" : 0.3367047076158078 , "uni-bigramcfratioimp" : 0.15420322216886972 , "uww-/const" : 0.0934154849110729 , "uww-bigramcfratioimp" : 0.20125467356274987 }
