{ "name" : "default-best-best" , "od-/const" : 0.11196580888968624 , "od-bigramcfratioimp" : 0.2637959586912944 , "score" : "0.20763740111340287" , "uni-/const" : 0.31357723522090075 , "uni-bigramcfratioimp" : 0.16666523218940263 , "uww-/const" : 0.11416568404974078 , "uww-bigramcfratioimp" : 0.029830080958975068 }
