{ "name" : "default-best-best" , "od-/const" : 0.29190525439888027 , "od-bigramcfratioimp" : 0.0 , "score" : "0.2269745576595518" , "uni-/const" : 0.4208828117036794 , "uni-bigramcfratioimp" : 0.06363883898246668 , "uww-/const" : 0.07545254230773725 , "uww-bigramcfratioimp" : 0.1481205526072365 }
