{ "name" : "default-best-best" , "od-/const" : 0.18095635034539181 , "od-bigramcfratioimp" : 0.10042996210564537 , "score" : "0.2073395110316008" , "uni-/const" : 0.3883965949069669 , "uni-bigramcfratioimp" : 0.13816523024820446 , "uww-/const" : 0.07745859413628804 , "uww-bigramcfratioimp" : 0.1145932682575034 }
