{ "name" : "default-best-best" , "od-/const" : 0.0 , "od-bigramcfratioimp" : 0.2217953620923917 , "score" : "0.40631860511196255" , "uni-/const" : 0.22350757924401846 , "uni-bigramcfratioimp" : 0.25086759633911365 , "uww-/const" : 0.1285026069186156 , "uww-bigramcfratioimp" : 0.17532685540586063 }
