{ "name" : "default-best-best" , "od-/const" : 0.009830778512196709 , "od-bigramcfratioimp" : 0.08962402655069689 , "score" : "0.4143029727998418" , "uni-/const" : 0.3307782907478444 , "uni-bigramcfratioimp" : 0.30819548658956314 , "uww-/const" : 0.261571417599699 , "uww-bigramcfratioimp" : 0.0 }
