{ "name" : "default-best-best" , "od-/const" : 0.02935289922389619 , "od-bigramcfratioimp" : 0.1937765935180898 , "score" : "0.41602695243662136" , "uni-/const" : 0.25628875153756875 , "uni-bigramcfratioimp" : 0.19684002519740126 , "uww-/const" : 0.023615191312294004 , "uww-bigramcfratioimp" : 0.3001265392107502 }
