{ "name" : "default-best-best" , "od-/const" : 0.10587495527209162 , "od-bigramcfratioimp" : 0.0 , "score" : "0.39944260883276494" , "uni-/const" : 0.38890396945017514 , "uni-bigramcfratioimp" : 0.14426289929743222 , "uww-/const" : 0.2508070397261041 , "uww-bigramcfratioimp" : 0.110151136254197 }
