{ "name" : "default-best-best" , "od-/const" : 0.15393510302004862 , "od-bigramcfratioimp" : 0.02014995376639584 , "score" : "0.4191428246188088" , "uni-/const" : 0.3447203545594294 , "uni-bigramcfratioimp" : 0.08683387661900406 , "uww-/const" : 0.11143298624243556 , "uww-bigramcfratioimp" : 0.2829277257926867 }
