{ "name" : "default-best-best" , "od-/const" : 0.13043525677928386 , "od-bigramcfratioimp" : 0.03733166708927601 , "score" : "0.41963433259225014" , "uni-/const" : 0.41091427241397094 , "uni-bigramcfratioimp" : 0.18285300479531194 , "uww-/const" : 0.12491321154607023 , "uww-bigramcfratioimp" : 0.11355258737608712 }
