{ "name" : "default-best-best" , "od-/const" : 0.0 , "od-bigramcfratioimp" : 0.2908494683264498 , "score" : "0.38172731091965983" , "uni-/const" : 0.40500129155325537 , "uni-bigramcfratioimp" : 0.07860688515049251 , "uww-/const" : 0.156749249249946 , "uww-bigramcfratioimp" : 0.0687931057198563 }
