{ "name" : "default-best-best" , "od-/const" : 0.0 , "od-bigramcfratioimp" : 0.1363894435442816 , "score" : "0.38441102402572136" , "uni-/const" : 0.20373950636701002 , "uni-bigramcfratioimp" : 0.1735139291128037 , "uww-/const" : 0.15590663411904734 , "uww-bigramcfratioimp" : 0.33045048685685724 }
