{ "name" : "default-best-best" , "od-/const" : 0.11669934111228777 , "od-bigramcfratioimp" : 0.10031392415146828 , "score" : "0.3834490154409184" , "uni-/const" : 0.3804504190607907 , "uni-bigramcfratioimp" : 0.24046108341289182 , "uww-/const" : 0.04485756814274728 , "uww-bigramcfratioimp" : 0.11721766411981409 }
