{ "name" : "default-best" , "score" : "0.15403347605063092" , "uni-content-/nnp" : 0.16564020527994203 , "uni-content-/nns" : 0.16959630224870426 , "uni-content-fieldlikelihood" : 0.3156201854214128 , "uni-title-/nnp" : 0.18363061274929307 , "uni-title-/nns" : 0.04871241348094036 , "uni-title-fieldlikelihood" : 0.11680028081970753 }
