{ "name" : "default-best" , "score" : "0.07152771061738498" , "uni-content-/nnp" : 0.3349238183862522 , "uni-content-/nns" : 0.42856601105016795 , "uni-content-fieldlikelihood" : 0.18575143273898428 , "uni-title-/nnp" : 0.0 , "uni-title-/nns" : 0.04440588597578379 , "uni-title-fieldlikelihood" : 0.006352851848811895 }
