{ "name" : "default-best" , "score" : "0.06917552713002775" , "uni-content-/nnp" : 0.18186901497127472 , "uni-content-/nns" : 0.27447760609498395 , "uni-content-fieldlikelihood" : 0.2279988342704756 , "uni-title-/nnp" : 0.0 , "uni-title-/nns" : 0.27297216619274445 , "uni-title-fieldlikelihood" : 0.042682378470521344 }
