{ "name" : "default-best" , "score" : "0.14586213393313088" , "uni-content-/nnp" : 0.32546814910929495 , "uni-content-/nns" : 0.32176333329874407 , "uni-content-fieldlikelihood" : 0.0 , "uni-title-/nnp" : 0.16511684825137493 , "uni-title-/nns" : 0.0 , "uni-title-fieldlikelihood" : 0.1876516693405861 }
