{ "name" : "default-best" , "score" : "0.14768809465577895" , "uni-content-/nnp" : 0.010469065498250855 , "uni-content-/nns" : 0.15751622274567828 , "uni-content-fieldlikelihood" : 0.27784023539730285 , "uni-title-/nnp" : 0.11285023222584126 , "uni-title-/nns" : 0.3470161012865387 , "uni-title-fieldlikelihood" : 0.09430814284638797 }
