{ "name" : "default-best" , "score" : "0.136696557999927" , "uni-content-/nnp" : 0.0 , "uni-content-/nns" : 0.13747753289969522 , "uni-content-fieldlikelihood" : 0.05476289948498079 , "uni-title-/nnp" : 0.2993612093271629 , "uni-title-/nns" : 0.48962862206019875 , "uni-title-fieldlikelihood" : 0.018769736227962436 }
