{ "name" : "default-best" , "score" : "0.07348869947746903" , "uni-content-/nnp" : 0.30463976057227815 , "uni-content-/nns" : 0.2237134672572419 , "uni-content-fieldlikelihood" : 0.30222905978252973 , "uni-title-/nnp" : 0.013069371563510117 , "uni-title-/nns" : 0.143056805529525 , "uni-title-fieldlikelihood" : 0.013291535294915032 }
