{ "name" : "default-best" , "score" : "0.07364314515241174" , "uni-content-/nnp" : 0.29855575043287497 , "uni-content-/nns" : 0.23356574647813882 , "uni-content-fieldlikelihood" : 0.21219889107043258 , "uni-title-/nnp" : 0.0 , "uni-title-/nns" : 0.25567961201855355 , "uni-title-fieldlikelihood" : 0.0 }
