{ "name" : "default-best" , "score" : "0.15696843304370184" , "uni-content-/nnp" : 0.25422601360961505 , "uni-content-/nns" : 0.23130870252267938 , "uni-content-fieldlikelihood" : 0.176221440801781 , "uni-title-/nnp" : 0.19350453501474746 , "uni-title-/nns" : 0.03137688984403627 , "uni-title-fieldlikelihood" : 0.11336241820714087 }
