{ "name" : "default-best" , "score" : "0.07892553582835461" , "uni-content-/nnp" : 0.3485628084314235 , "uni-content-/nns" : 0.187145602585486 , "uni-content-fieldlikelihood" : 0.22327442687454377 , "uni-title-/nnp" : 0.008549998914426832 , "uni-title-/nns" : 0.18705994088847944 , "uni-title-fieldlikelihood" : 0.04540722230564043 }
