{ "name" : "default-best" , "score" : "0.14222640333161418" , "uni-content-/nnp" : 0.24711654247988876 , "uni-content-/nns" : 0.17105433428630776 , "uni-content-fieldlikelihood" : 0.2027137721130818 , "uni-title-/nnp" : 0.24312315866918566 , "uni-title-/nns" : 0.0 , "uni-title-fieldlikelihood" : 0.13599219245153593 }
