{ "name" : "default-best" , "score" : "0.08889695845228689" , "uni-content-/nnp" : 0.008654861570386302 , "uni-content-/nns" : 0.43323132620617844 , "uni-content-fieldlikelihood" : 0.3784587307492364 , "uni-title-/nnp" : 0.022224837758700402 , "uni-title-/nns" : 0.0439289882126581 , "uni-title-fieldlikelihood" : 0.1135012555028404 }
