{ "name" : "default-best" , "score" : "0.12180308268877846" , "uni-content-/nnp" : 0.22730323342752565 , "uni-content-/nns" : 0.0 , "uni-content-fieldlikelihood" : 0.08710998774274971 , "uni-title-/nnp" : 0.08184228869394182 , "uni-title-/nns" : 0.32181522244034666 , "uni-title-fieldlikelihood" : 0.2819292676954361 }
