{ "name" : "default-best" , "score" : "0.14173389697057628" , "uni-content-/nnp" : 0.0978330968341456 , "uni-content-/nns" : 0.0 , "uni-content-fieldlikelihood" : 0.19685304706567716 , "uni-title-/nnp" : 0.39370821837530506 , "uni-title-/nns" : 0.24427810356190724 , "uni-title-fieldlikelihood" : 0.06732753416296515 }
