{ "name" : "default-best" , "score" : "0.15102153639720145" , "uni-content-/nnp" : 0.2624363758571932 , "uni-content-/nns" : 0.13707853177314197 , "uni-content-fieldlikelihood" : 0.10842069588663611 , "uni-title-/nnp" : 0.08407475860834474 , "uni-title-/nns" : 0.34221984404118505 , "uni-title-fieldlikelihood" : 0.0657697938334989 }
