{ "name" : "default-best" , "score" : "0.11558029929024898" , "uni-attributes-/dep-leaf" : 0.19965936935237816 , "uni-attributes-/nns" : 0.2013324382706906 , "uni-attributes-fieldlikelihood" : 0.17524441886313466 , "uni-categories-/dep-leaf" : 0.08167780072830272 , "uni-categories-/nns" : 0.18432230433015706 , "uni-categories-fieldlikelihood" : 0.13738203486462258 , "uni-names-/dep-leaf" : -0.04071302269433713 , "uni-names-/nns" : 0.015183729883676611 , "uni-names-fieldlikelihood" : 0.03840175985934577 , "uni-outgoingentitynames-/dep-leaf" : 0.0 , "uni-outgoingentitynames-/nns" : -0.10011601821058258 , "uni-outgoingentitynames-fieldlikelihood" : 0.0 , "uni-similarentitynames-/dep-leaf" : 0.06998474095162141 , "uni-similarentitynames-/nns" : 0.0 , "uni-similarentitynames-fieldlikelihood" : 0.0376404438009901 }
