{ "name" : "default-best" , "score" : "0.12070044212438702" , "uni-attributes-/dep-leaf" : 0.1350312257237955 , "uni-attributes-/nns" : 0.17943319661418575 , "uni-attributes-fieldlikelihood" : 0.1878818244609519 , "uni-categories-/dep-leaf" : 0.03182418662044649 , "uni-categories-/nns" : 0.07683969057527418 , "uni-categories-fieldlikelihood" : 0.17421380256554098 , "uni-names-/dep-leaf" : 0.0 , "uni-names-/nns" : 0.058521917448852864 , "uni-names-fieldlikelihood" : 0.02900367151028581 , "uni-outgoingentitynames-/dep-leaf" : 0.0 , "uni-outgoingentitynames-/nns" : 0.0 , "uni-outgoingentitynames-fieldlikelihood" : 0.020432972385265768 , "uni-similarentitynames-/dep-leaf" : 0.08052551664482777 , "uni-similarentitynames-/nns" : 0.0 , "uni-similarentitynames-fieldlikelihood" : 0.026291995450573074 }
