{ "name" : "default-best" , "score" : "0.1146473372951607" , "uni-attributes-/dep-leaf" : 0.10025717596122935 , "uni-attributes-/nns" : 0.05479324837051521 , "uni-attributes-fieldlikelihood" : 0.31508373864585626 , "uni-categories-/dep-leaf" : 0.09228381872153413 , "uni-categories-/nns" : 0.20333725452827453 , "uni-categories-fieldlikelihood" : 0.07310119652188937 , "uni-names-/dep-leaf" : 0.03059367813092693 , "uni-names-/nns" : 0.04324329152829157 , "uni-names-fieldlikelihood" : 0.054324141167788324 , "uni-outgoingentitynames-/dep-leaf" : 0.0 , "uni-outgoingentitynames-/nns" : 0.0 , "uni-outgoingentitynames-fieldlikelihood" : 0.0 , "uni-similarentitynames-/dep-leaf" : 0.0 , "uni-similarentitynames-/nns" : -0.04997940199320264 , "uni-similarentitynames-fieldlikelihood" : 0.0829618584168969 }
