{ "name" : "default-best" , "score" : "0.11760186340563136" , "uni-attributes-/dep-leaf" : 0.19720144234924494 , "uni-attributes-/nns" : 0.10579918494881693 , "uni-attributes-fieldlikelihood" : 0.16179113934111117 , "uni-categories-/dep-leaf" : 0.1099771058990456 , "uni-categories-/nns" : 0.10620135806106705 , "uni-categories-fieldlikelihood" : 0.1491421888978641 , "uni-names-/dep-leaf" : 0.0 , "uni-names-/nns" : 0.0 , "uni-names-fieldlikelihood" : 0.027813674820621172 , "uni-outgoingentitynames-/dep-leaf" : 0.0011402970129066842 , "uni-outgoingentitynames-/nns" : 0.013060031579860578 , "uni-outgoingentitynames-fieldlikelihood" : 0.0 , "uni-similarentitynames-/dep-leaf" : 0.08623088726870483 , "uni-similarentitynames-/nns" : 0.024714141169636293 , "uni-similarentitynames-fieldlikelihood" : 0.016928548651120746 }
