{ "name" : "default-best" , "score" : "0.12297149066971738" , "uni-attributes-/dep-leaf" : 0.20732881272237053 , "uni-attributes-/nns" : 0.17286600654739692 , "uni-attributes-fieldlikelihood" : 0.07324650429274472 , "uni-categories-/dep-leaf" : 0.061347906241603564 , "uni-categories-/nns" : 0.17516853752265774 , "uni-categories-fieldlikelihood" : 0.11582551956591873 , "uni-names-/dep-leaf" : 0.0 , "uni-names-/nns" : 0.050388184318267575 , "uni-names-fieldlikelihood" : 0.02167257604674891 , "uni-outgoingentitynames-/dep-leaf" : 0.0 , "uni-outgoingentitynames-/nns" : 0.0 , "uni-outgoingentitynames-fieldlikelihood" : 0.0 , "uni-similarentitynames-/dep-leaf" : 0.07953056164288223 , "uni-similarentitynames-/nns" : 0.0 , "uni-similarentitynames-fieldlikelihood" : 0.042625391099409264 }
