{ "name" : "default-best" , "score" : "0.21389799523428685" , "uni-attributes-/dep-leaf" : 0.13092701051120578 , "uni-attributes-/nns" : 0.18634391698512276 , "uni-attributes-fieldlikelihood" : 0.1285507958463723 , "uni-categories-/dep-leaf" : 0.1286765040305443 , "uni-categories-/nns" : 0.07842709517323447 , "uni-categories-fieldlikelihood" : 0.24124484646343106 , "uni-names-/dep-leaf" : 0.0 , "uni-names-/nns" : 0.0 , "uni-names-fieldlikelihood" : 0.0 , "uni-outgoingentitynames-/dep-leaf" : 0.0 , "uni-outgoingentitynames-/nns" : -0.05688766033369651 , "uni-outgoingentitynames-fieldlikelihood" : 0.04498065847421631 , "uni-similarentitynames-/dep-leaf" : 0.019745294897368527 , "uni-similarentitynames-/nns" : 0.07839323036176087 , "uni-similarentitynames-fieldlikelihood" : 0.019598307590440216 }
