{ "name" : "default-best" , "score" : "0.21044004664038488" , "uni-attributes-/dep-leaf" : 0.170535201358855 , "uni-attributes-/nns" : 0.04445735656995086 , "uni-attributes-fieldlikelihood" : 0.09664801439291812 , "uni-categories-/dep-leaf" : 0.23379806871210768 , "uni-categories-/nns" : 0.22452049719443448 , "uni-categories-fieldlikelihood" : 0.168460383699415 , "uni-names-/dep-leaf" : 0.0 , "uni-names-/nns" : -0.06471837240299483 , "uni-names-fieldlikelihood" : 0.0 , "uni-outgoingentitynames-/dep-leaf" : 0.025355906407155824 , "uni-outgoingentitynames-/nns" : 0.0 , "uni-outgoingentitynames-fieldlikelihood" : 0.0317188037592303 , "uni-similarentitynames-/dep-leaf" : 0.0 , "uni-similarentitynames-/nns" : 0.0205377030584951 , "uni-similarentitynames-fieldlikelihood" : 0.0486864372504325 }
