{ "name" : "default-best" , "score" : "0.18210182632666802" , "uni-attributes-/dep-leaf" : 0.16336511581670096 , "uni-attributes-/nns" : 0.2222445814685909 , "uni-attributes-fieldlikelihood" : 0.09774361841693904 , "uni-categories-/dep-leaf" : 0.12139380743056062 , "uni-categories-/nns" : 0.2159676038383733 , "uni-categories-fieldlikelihood" : 0.1782879084517772 , "uni-names-/dep-leaf" : -0.05846369824546788 , "uni-names-/nns" : 0.0 , "uni-names-fieldlikelihood" : 0.0 , "uni-outgoingentitynames-/dep-leaf" : 0.0 , "uni-outgoingentitynames-/nns" : 0.0 , "uni-outgoingentitynames-fieldlikelihood" : 0.031341457416039 , "uni-similarentitynames-/dep-leaf" : 0.0 , "uni-similarentitynames-/nns" : 0.0 , "uni-similarentitynames-fieldlikelihood" : 0.028119605406487072 }
