{ "name" : "default-best" , "score" : "0.20532749665686953" , "uni-attributes-/dep-leaf" : 0.2472600193624807 , "uni-attributes-/nns" : 0.03916413183893925 , "uni-attributes-fieldlikelihood" : 0.12639846185669767 , "uni-categories-/dep-leaf" : 0.20776011957710766 , "uni-categories-/nns" : 0.16100830487355558 , "uni-categories-fieldlikelihood" : 0.16582869563479274 , "uni-names-/dep-leaf" : 0.0 , "uni-names-/nns" : 0.0 , "uni-names-fieldlikelihood" : -0.04122540193572552 , "uni-outgoingentitynames-/dep-leaf" : 0.042556314560903245 , "uni-outgoingentitynames-/nns" : 0.0 , "uni-outgoingentitynames-fieldlikelihood" : 0.02766664105579219 , "uni-similarentitynames-/dep-leaf" : 0.0 , "uni-similarentitynames-/nns" : 0.0 , "uni-similarentitynames-fieldlikelihood" : 0.023582713175456422 }
