{ "name" : "default-best" , "score" : "0.18779405111304825" , "uni-attributes-/dep-leaf" : 0.08209991990684029 , "uni-attributes-/nns" : 0.11866774384405981 , "uni-attributes-fieldlikelihood" : 0.23089365700580108 , "uni-categories-/dep-leaf" : 0.13144793435959629 , "uni-categories-/nns" : 0.19435354878113903 , "uni-categories-fieldlikelihood" : 0.26232679710536433 , "uni-names-/dep-leaf" : -0.09763688635638462 , "uni-names-/nns" : -0.04836755180719479 , "uni-names-fieldlikelihood" : 0.0 , "uni-outgoingentitynames-/dep-leaf" : 0.0 , "uni-outgoingentitynames-/nns" : 0.0 , "uni-outgoingentitynames-fieldlikelihood" : 0.03158487489104222 , "uni-similarentitynames-/dep-leaf" : 0.0038443155855481946 , "uni-similarentitynames-/nns" : 0.04686702678830852 , "uni-similarentitynames-fieldlikelihood" : 0.04391861989587973 }
