{ "name" : "default-best" , "score" : "0.21120314187674213" , "uni-attributes-/dep-leaf" : 0.12801710920512174 , "uni-attributes-/nns" : 0.013160426608266888 , "uni-attributes-fieldlikelihood" : 0.1752507892952522 , "uni-categories-/dep-leaf" : 0.018901016393750386 , "uni-categories-/nns" : 0.24144141716357706 , "uni-categories-fieldlikelihood" : 0.04691424077925542 , "uni-names-/dep-leaf" : 0.09400358659936582 , "uni-names-/nns" : -0.10586333188389313 , "uni-names-fieldlikelihood" : -0.048924939350894384 , "uni-outgoingentitynames-/dep-leaf" : 0.24868543205710322 , "uni-outgoingentitynames-/nns" : -0.04773839360305525 , "uni-outgoingentitynames-fieldlikelihood" : 0.12170158978242226 , "uni-similarentitynames-/dep-leaf" : 0.03090229607444139 , "uni-similarentitynames-/nns" : 0.0 , "uni-similarentitynames-fieldlikelihood" : 0.08354876087928624 }
