{ "name" : "default-best" , "score" : "0.21629984648110875" , "uni-attributes-/dep-leaf" : 0.10731512684692714 , "uni-attributes-/nns" : -0.052763487666534784 , "uni-attributes-fieldlikelihood" : 0.1493157960698899 , "uni-categories-/dep-leaf" : 0.15880848790550792 , "uni-categories-/nns" : 0.26271741090348044 , "uni-categories-fieldlikelihood" : 0.07616230747406366 , "uni-names-/dep-leaf" : 0.0411682655329941 , "uni-names-/nns" : -0.06183801094978395 , "uni-names-fieldlikelihood" : -0.06434631815275088 , "uni-outgoingentitynames-/dep-leaf" : 0.14905816326136084 , "uni-outgoingentitynames-/nns" : -0.05341447427453135 , "uni-outgoingentitynames-fieldlikelihood" : 0.16221898505293264 , "uni-similarentitynames-/dep-leaf" : 0.04834156595257822 , "uni-similarentitynames-/nns" : 0.0 , "uni-similarentitynames-fieldlikelihood" : 0.07725618204386621 }
