{ "name" : "default-best" , "score" : "0.18809727186687672" , "uni-attributes-/dep-leaf" : 0.02421325670661541 , "uni-attributes-/nns" : 0.10768279275591608 , "uni-attributes-fieldlikelihood" : 0.15923189931577736 , "uni-categories-/dep-leaf" : 0.024039933673740993 , "uni-categories-/nns" : 0.3292700045828662 , "uni-categories-fieldlikelihood" : 0.09336914682350318 , "uni-names-/dep-leaf" : -0.05554051333319448 , "uni-names-/nns" : -0.19025524104770158 , "uni-names-fieldlikelihood" : 0.0 , "uni-outgoingentitynames-/dep-leaf" : 0.16339600694113063 , "uni-outgoingentitynames-/nns" : 0.03023164129302777 , "uni-outgoingentitynames-fieldlikelihood" : 0.09985509790670927 , "uni-similarentitynames-/dep-leaf" : 0.09406941542467953 , "uni-similarentitynames-/nns" : 0.10059561525693517 , "uni-similarentitynames-fieldlikelihood" : 0.01984094369999444 }
