{ "name" : "default-best" , "score" : "0.19865344917306965" , "uni-attributes-/dep-leaf" : 0.0 , "uni-attributes-/nns" : 0.0 , "uni-attributes-fieldlikelihood" : 0.05539163605582323 , "uni-categories-/dep-leaf" : 0.09000269095282581 , "uni-categories-/nns" : 0.3983199728378867 , "uni-categories-fieldlikelihood" : 0.09488789104026443 , "uni-names-/dep-leaf" : 0.014854169769234928 , "uni-names-/nns" : -0.16162509565326785 , "uni-names-fieldlikelihood" : 0.0 , "uni-outgoingentitynames-/dep-leaf" : 0.19357052826363588 , "uni-outgoingentitynames-/nns" : 0.0 , "uni-outgoingentitynames-fieldlikelihood" : 0.06035287013393121 , "uni-similarentitynames-/dep-leaf" : 0.11319271914877126 , "uni-similarentitynames-/nns" : 0.09227032430208273 , "uni-similarentitynames-fieldlikelihood" : 0.04878229314881167 }
