{ "name" : "default-best" , "score" : "0.17240258779325698" , "uni-attributes-/dep-leaf" : 0.07328591842281443 , "uni-attributes-/nns" : 0.21602143367947071 , "uni-attributes-fieldlikelihood" : 0.12014531723050081 , "uni-categories-/dep-leaf" : 0.07328591842281443 , "uni-categories-/nns" : 0.12017572300707907 , "uni-categories-fieldlikelihood" : 0.0 , "uni-names-/dep-leaf" : 0.03691778140549278 , "uni-names-/nns" : -0.05058506344949866 , "uni-names-fieldlikelihood" : 0.0 , "uni-outgoingentitynames-/dep-leaf" : 0.12550213529906978 , "uni-outgoingentitynames-/nns" : 0.07328591842281443 , "uni-outgoingentitynames-fieldlikelihood" : 0.12029324131430782 , "uni-similarentitynames-/dep-leaf" : 0.023804525905453025 , "uni-similarentitynames-/nns" : 0.0413538119896709 , "uni-similarentitynames-fieldlikelihood" : 0.02651333835001049 }
