{ "name" : "default-best" , "score" : "0.3307014907694892" , "uni-attributes-/dep-leaf" : 0.09746106941256114 , "uni-attributes-/nns" : 0.17842810715305196 , "uni-attributes-fieldlikelihood" : 0.16617604920751666 , "uni-categories-/dep-leaf" : 0.03302373248778135 , "uni-categories-/nns" : 0.0629198077251188 , "uni-categories-fieldlikelihood" : 0.0 , "uni-names-/dep-leaf" : 0.0 , "uni-names-/nns" : 0.12025059009733681 , "uni-names-fieldlikelihood" : 0.11315511735749853 , "uni-outgoingentitynames-/dep-leaf" : 0.0 , "uni-outgoingentitynames-/nns" : 0.018839848158536027 , "uni-outgoingentitynames-fieldlikelihood" : 0.0 , "uni-similarentitynames-/dep-leaf" : 0.08816453949175442 , "uni-similarentitynames-/nns" : 0.0698351231487116 , "uni-similarentitynames-fieldlikelihood" : 0.051746015760132824 }
