{ "name" : "default-best" , "score" : "0.3348193100393925" , "uni-attributes-/dep-leaf" : 0.11805720543917775 , "uni-attributes-/nns" : 0.04949665706001637 , "uni-attributes-fieldlikelihood" : 0.19054738797055693 , "uni-categories-/dep-leaf" : 0.011037167457997188 , "uni-categories-/nns" : 0.0 , "uni-categories-fieldlikelihood" : 0.03906661704267946 , "uni-names-/dep-leaf" : 0.11262439329530091 , "uni-names-/nns" : 0.04935848731553579 , "uni-names-fieldlikelihood" : 0.11352907564809715 , "uni-outgoingentitynames-/dep-leaf" : 0.03887153007899175 , "uni-outgoingentitynames-/nns" : 0.047121196085625476 , "uni-outgoingentitynames-fieldlikelihood" : 0.0027801136302660623 , "uni-similarentitynames-/dep-leaf" : 0.10809736119296014 , "uni-similarentitynames-/nns" : 0.0 , "uni-similarentitynames-fieldlikelihood" : 0.11941280778279499 }
