{ "name" : "default-best" , "score" : "0.35258143544384496" , "uni-attributes-/dep-leaf" : 0.1358804012822369 , "uni-attributes-/nns" : 0.14139133287719555 , "uni-attributes-fieldlikelihood" : 0.12723113166699773 , "uni-categories-/dep-leaf" : 0.036881050766371354 , "uni-categories-/nns" : 0.03897379570582171 , "uni-categories-fieldlikelihood" : 0.0 , "uni-names-/dep-leaf" : 0.019622551657556137 , "uni-names-/nns" : 0.10130791633883555 , "uni-names-fieldlikelihood" : 0.094638353270115 , "uni-outgoingentitynames-/dep-leaf" : 0.007133350591556695 , "uni-outgoingentitynames-/nns" : 0.0545530272956513 , "uni-outgoingentitynames-fieldlikelihood" : 0.0 , "uni-similarentitynames-/dep-leaf" : 0.11561004496529585 , "uni-similarentitynames-/nns" : 0.0686250142080143 , "uni-similarentitynames-fieldlikelihood" : 0.058152029374352016 }
