{ "name" : "default-best" , "score" : "0.36700625589322794" , "uni-attributes-/dep-leaf" : 0.1315437935839968 , "uni-attributes-/nns" : 0.2181334349339308 , "uni-attributes-fieldlikelihood" : 0.11819035460967472 , "uni-categories-/dep-leaf" : 0.0 , "uni-categories-/nns" : 0.04817918493001944 , "uni-categories-fieldlikelihood" : 0.025004522250128322 , "uni-names-/dep-leaf" : 0.05283419626522109 , "uni-names-/nns" : 0.08380147893471025 , "uni-names-fieldlikelihood" : 0.07605936086341956 , "uni-outgoingentitynames-/dep-leaf" : 0.0 , "uni-outgoingentitynames-/nns" : 0.03381538103740316 , "uni-outgoingentitynames-fieldlikelihood" : 0.0 , "uni-similarentitynames-/dep-leaf" : 0.12720031202774595 , "uni-similarentitynames-/nns" : 0.04595495485319444 , "uni-similarentitynames-fieldlikelihood" : 0.03928302571055547 }
