{ "name" : "default-best" , "score" : "0.3374280012554687" , "uni-attributes-/dep-leaf" : 0.09805432198984348 , "uni-attributes-/nns" : 0.11500662566402547 , "uni-attributes-fieldlikelihood" : 0.12657683359788946 , "uni-categories-/dep-leaf" : 0.0 , "uni-categories-/nns" : 0.05500132328314031 , "uni-categories-fieldlikelihood" : 0.029358373112966598 , "uni-names-/dep-leaf" : 0.04080037913819109 , "uni-names-/nns" : 0.15016561380704735 , "uni-names-fieldlikelihood" : 0.1219990340045543 , "uni-outgoingentitynames-/dep-leaf" : 0.021610114122398334 , "uni-outgoingentitynames-/nns" : 0.07750623021386152 , "uni-outgoingentitynames-fieldlikelihood" : 0.0 , "uni-similarentitynames-/dep-leaf" : 0.10480905063301843 , "uni-similarentitynames-/nns" : 0.005023708763903064 , "uni-similarentitynames-fieldlikelihood" : 0.054088391669160546 }
