{ "name" : "default-best" , "score" : "0.13120988612874154" , "uni-attributes-/nnp" : 0.19861767445348785 , "uni-attributes-/nns" : 0.18680967266787565 , "uni-attributes-fieldlikelihood" : 0.1018459664933628 , "uni-categories-/nnp" : 0.0 , "uni-categories-/nns" : 0.2499076104707028 , "uni-categories-fieldlikelihood" : 0.09648544431421018 , "uni-names-/nnp" : 0.08711366468978747 , "uni-names-/nns" : 0.0 , "uni-names-fieldlikelihood" : 0.0 , "uni-outgoingentitynames-/nnp" : 0.0 , "uni-outgoingentitynames-/nns" : 0.04477767846053501 , "uni-outgoingentitynames-fieldlikelihood" : 0.0 , "uni-similarentitynames-/nnp" : 0.0 , "uni-similarentitynames-/nns" : 0.0 , "uni-similarentitynames-fieldlikelihood" : 0.03444228845003821 }
