{ "name" : "default-best" , "score" : "0.12654883136607362" , "uni-attributes-/nnp" : 0.39023019199907205 , "uni-attributes-/nns" : 0.1539397261889739 , "uni-attributes-fieldlikelihood" : 0.09898406107672388 , "uni-categories-/nnp" : 0.0 , "uni-categories-/nns" : 0.11295206789686982 , "uni-categories-fieldlikelihood" : 0.07382562871584004 , "uni-names-/nnp" : 0.07266373050733513 , "uni-names-/nns" : 0.0 , "uni-names-fieldlikelihood" : 0.0 , "uni-outgoingentitynames-/nnp" : 0.0453514739229025 , "uni-outgoingentitynames-/nns" : 0.0 , "uni-outgoingentitynames-fieldlikelihood" : 0.0 , "uni-similarentitynames-/nnp" : 0.0 , "uni-similarentitynames-/nns" : 0.0 , "uni-similarentitynames-fieldlikelihood" : 0.05205311969228283 }
