{ "name" : "default-best" , "score" : "0.11468438878976284" , "uni-attributes-/nnp" : 0.2139468132821324 , "uni-attributes-/nns" : 0.22903824894609787 , "uni-attributes-fieldlikelihood" : 0.1377824184069478 , "uni-categories-/nnp" : 0.0 , "uni-categories-/nns" : 0.177211721438427 , "uni-categories-fieldlikelihood" : 0.05672051531486448 , "uni-names-/nnp" : 0.12159580188786061 , "uni-names-/nns" : 0.0 , "uni-names-fieldlikelihood" : 0.002413870744507315 , "uni-outgoingentitynames-/nnp" : 0.0 , "uni-outgoingentitynames-/nns" : 0.013070041901078572 , "uni-outgoingentitynames-fieldlikelihood" : 0.0 , "uni-similarentitynames-/nnp" : 0.0 , "uni-similarentitynames-/nns" : 0.0 , "uni-similarentitynames-fieldlikelihood" : 0.04822056807808411 }
