{ "name" : "default-best" , "score" : "0.11916668914383735" , "uni-attributes-/nnp" : 0.2682831441318725 , "uni-attributes-/nns" : 0.10967166508983905 , "uni-attributes-fieldlikelihood" : 0.18217921390344244 , "uni-categories-/nnp" : 0.0 , "uni-categories-/nns" : 0.10367599326157187 , "uni-categories-fieldlikelihood" : 0.17696644956549404 , "uni-names-/nnp" : 0.03444216932299639 , "uni-names-/nns" : 0.0 , "uni-names-fieldlikelihood" : 0.0 , "uni-outgoingentitynames-/nnp" : 0.02653996642426967 , "uni-outgoingentitynames-/nns" : 0.030926780122286408 , "uni-outgoingentitynames-fieldlikelihood" : 0.0 , "uni-similarentitynames-/nnp" : 0.005365367056671236 , "uni-similarentitynames-/nns" : 0.0 , "uni-similarentitynames-fieldlikelihood" : 0.061949251121556595 }
