{ "name" : "default-best" , "score" : "0.20606979074721485" , "uni-attributes-/nnp" : 0.182972316822085 , "uni-attributes-/nns" : 0.02246059808813222 , "uni-attributes-fieldlikelihood" : 0.13131769202925248 , "uni-categories-/nnp" : 0.26775062145999773 , "uni-categories-/nns" : 0.15070553600822303 , "uni-categories-fieldlikelihood" : 0.1770549942569617 , "uni-names-/nnp" : 0.0 , "uni-names-/nns" : 0.008199475510202033 , "uni-names-fieldlikelihood" : 0.0 , "uni-outgoingentitynames-/nnp" : 0.04910656045443001 , "uni-outgoingentitynames-/nns" : 0.0 , "uni-outgoingentitynames-fieldlikelihood" : 0.0 , "uni-similarentitynames-/nnp" : 0.0 , "uni-similarentitynames-/nns" : 0.010432205370715717 , "uni-similarentitynames-fieldlikelihood" : 0.0 }
