{ "name" : "default-best" , "score" : "0.21420024218111164" , "uni-attributes-/nnp" : 0.2049527665775193 , "uni-attributes-/nns" : 0.11146767908364022 , "uni-attributes-fieldlikelihood" : 0.08150355838916021 , "uni-categories-/nnp" : 0.2947889064216665 , "uni-categories-/nns" : 0.041583942033076964 , "uni-categories-fieldlikelihood" : 0.16517448904428497 , "uni-names-/nnp" : 0.0 , "uni-names-/nns" : 0.0 , "uni-names-fieldlikelihood" : 0.0 , "uni-outgoingentitynames-/nnp" : 0.043416284667586263 , "uni-outgoingentitynames-/nns" : 0.0 , "uni-outgoingentitynames-fieldlikelihood" : 0.003961708293381541 , "uni-similarentitynames-/nnp" : 0.0 , "uni-similarentitynames-/nns" : 0.024227853074733335 , "uni-similarentitynames-fieldlikelihood" : 0.02892281241495073 }
