{ "name" : "default-best" , "score" : "0.18609045612133102" , "uni-attributes-/nnp" : 0.21922265113774697 , "uni-attributes-/nns" : 0.09962434542570275 , "uni-attributes-fieldlikelihood" : 0.13060674499927916 , "uni-categories-/nnp" : 0.21251912734797657 , "uni-categories-/nns" : 0.07182175129223818 , "uni-categories-fieldlikelihood" : 0.14116500103236762 , "uni-names-/nnp" : 0.0 , "uni-names-/nns" : 0.0 , "uni-names-fieldlikelihood" : 0.011381438267122073 , "uni-outgoingentitynames-/nnp" : 0.0675720504929588 , "uni-outgoingentitynames-/nns" : 0.0 , "uni-outgoingentitynames-fieldlikelihood" : 0.0 , "uni-similarentitynames-/nnp" : 0.0 , "uni-similarentitynames-/nns" : 0.046086890004607826 , "uni-similarentitynames-fieldlikelihood" : 0.0 }
