{ "name" : "default-best" , "score" : "0.19405772137391372" , "uni-attributes-/nnp" : 0.08979135468945242 , "uni-attributes-/nns" : 0.04538863356382529 , "uni-attributes-fieldlikelihood" : 0.10879302856613192 , "uni-categories-/nnp" : 0.11964961252508788 , "uni-categories-/nns" : 0.226943947573575 , "uni-categories-fieldlikelihood" : 0.09906338202218615 , "uni-names-/nnp" : 0.0 , "uni-names-/nns" : 0.0 , "uni-names-fieldlikelihood" : 0.0 , "uni-outgoingentitynames-/nnp" : 0.12842658249175565 , "uni-outgoingentitynames-/nns" : 0.0 , "uni-outgoingentitynames-fieldlikelihood" : 0.06103263281045476 , "uni-similarentitynames-/nnp" : 0.09901424280973341 , "uni-similarentitynames-/nns" : 0.0 , "uni-similarentitynames-fieldlikelihood" : 0.02189658294779763 }
