{ "name" : "default-best" , "score" : "0.19099019073323004" , "uni-attributes-/nnp" : 0.0 , "uni-attributes-/nns" : 0.05852966452114831 , "uni-attributes-fieldlikelihood" : 0.12588512904364907 , "uni-categories-/nnp" : 0.0 , "uni-categories-/nns" : 0.3387806117164208 , "uni-categories-fieldlikelihood" : 0.10766459628778817 , "uni-names-/nnp" : 0.0 , "uni-names-/nns" : 0.0 , "uni-names-fieldlikelihood" : 0.0 , "uni-outgoingentitynames-/nnp" : 0.18400621511875448 , "uni-outgoingentitynames-/nns" : 0.06488746023259429 , "uni-outgoingentitynames-fieldlikelihood" : 0.042340167620372855 , "uni-similarentitynames-/nnp" : 0.050018963253439894 , "uni-similarentitynames-/nns" : 0.0 , "uni-similarentitynames-fieldlikelihood" : 0.027887192205832086 }
