{ "name" : "default-best" , "score" : "0.1898051616668186" , "uni-attributes-/nnp" : 0.06264958718860034 , "uni-attributes-/nns" : 0.158466645920731 , "uni-attributes-fieldlikelihood" : 0.1116944604432495 , "uni-categories-/nnp" : 0.0 , "uni-categories-/nns" : 0.17698275653330764 , "uni-categories-fieldlikelihood" : 0.11779925198246496 , "uni-names-/nnp" : 0.0 , "uni-names-/nns" : 0.0 , "uni-names-fieldlikelihood" : 0.01097431758334622 , "uni-outgoingentitynames-/nnp" : 0.1740709067329321 , "uni-outgoingentitynames-/nns" : 0.05636945242760303 , "uni-outgoingentitynames-fieldlikelihood" : 0.05262222403408819 , "uni-similarentitynames-/nnp" : 0.037776398994175495 , "uni-similarentitynames-/nns" : 0.035077125863166636 , "uni-similarentitynames-fieldlikelihood" : 0.005516872296334935 }
