{ "name" : "default-best" , "score" : "0.34190835010201065" , "uni-attributes-/nnp" : 0.04752303635130703 , "uni-attributes-/nns" : 0.04288330323296757 , "uni-attributes-fieldlikelihood" : 0.16789400450560407 , "uni-categories-/nnp" : 0.13443769465334168 , "uni-categories-/nns" : 0.04808335227702519 , "uni-categories-fieldlikelihood" : 0.04752303635130703 , "uni-names-/nnp" : 0.03445990758708488 , "uni-names-/nns" : 0.09565772301610548 , "uni-names-fieldlikelihood" : 0.09301261766819986 , "uni-outgoingentitynames-/nnp" : 0.0 , "uni-outgoingentitynames-/nns" : 0.04752303635130703 , "uni-outgoingentitynames-fieldlikelihood" : 0.0 , "uni-similarentitynames-/nnp" : 0.13419509330036714 , "uni-similarentitynames-/nns" : 0.018023767136939695 , "uni-similarentitynames-fieldlikelihood" : 0.0887834275684434 }
