{ "name" : "default-best" , "score" : "0.3581067498791675" , "uni-attributes-/nnp" : 0.013958252937341513 , "uni-attributes-/nns" : 0.14454184053768726 , "uni-attributes-fieldlikelihood" : 0.1893258297685408 , "uni-categories-/nnp" : 0.04576580162900198 , "uni-categories-/nns" : 0.047985000527813314 , "uni-categories-fieldlikelihood" : 0.04850910150967286 , "uni-names-/nnp" : 0.0 , "uni-names-/nns" : 0.12052773436786035 , "uni-names-fieldlikelihood" : 0.10569701715120594 , "uni-outgoingentitynames-/nnp" : 0.0 , "uni-outgoingentitynames-/nns" : 0.06282905612065245 , "uni-outgoingentitynames-fieldlikelihood" : 0.0 , "uni-similarentitynames-/nnp" : 0.11414902473928025 , "uni-similarentitynames-/nns" : 0.011724537978360138 , "uni-similarentitynames-fieldlikelihood" : 0.09498680273258303 }
