{ "name" : "default-best" , "score" : "0.3417374932852023" , "uni-attributes-/nnp" : 0.004088585347502229 , "uni-attributes-/nns" : 0.0 , "uni-attributes-fieldlikelihood" : 0.2733763526362616 , "uni-categories-/nnp" : 0.11261838341818481 , "uni-categories-/nns" : 0.0 , "uni-categories-fieldlikelihood" : 0.023036192734228335 , "uni-names-/nnp" : 0.037813483355393196 , "uni-names-/nns" : 0.05168993189312922 , "uni-names-fieldlikelihood" : 0.1203568910027849 , "uni-outgoingentitynames-/nnp" : 0.0 , "uni-outgoingentitynames-/nns" : 0.0796768227794034 , "uni-outgoingentitynames-fieldlikelihood" : 0.0 , "uni-similarentitynames-/nnp" : 0.20522488607381723 , "uni-similarentitynames-/nns" : 0.005371876596221825 , "uni-similarentitynames-fieldlikelihood" : 0.0867465941630734 }
