{ "name" : "default-best" , "score" : "0.3388755425771588" , "uni-attributes-/nnp" : 0.0 , "uni-attributes-/nns" : 0.13663644412955298 , "uni-attributes-fieldlikelihood" : 0.22086390135212003 , "uni-categories-/nnp" : 0.07847011001936326 , "uni-categories-/nns" : 0.04366830516342915 , "uni-categories-fieldlikelihood" : 0.021549057402691973 , "uni-names-/nnp" : 0.024130614078663633 , "uni-names-/nns" : 0.036765835799143 , "uni-names-fieldlikelihood" : 0.1004856630354657 , "uni-outgoingentitynames-/nnp" : 0.0 , "uni-outgoingentitynames-/nns" : 0.04158886206040872 , "uni-outgoingentitynames-fieldlikelihood" : 0.009991105871894463 , "uni-similarentitynames-/nnp" : 0.1532510367339817 , "uni-similarentitynames-/nns" : 0.059109670187012575 , "uni-similarentitynames-fieldlikelihood" : 0.07348939416627272 }
