{ "name" : "default-best" , "score" : "0.37338414667603836" , "uni-attributes-/nnp" : 0.08866778380319916 , "uni-attributes-/nns" : 0.1627371585369076 , "uni-attributes-fieldlikelihood" : 0.11545422562845888 , "uni-categories-/nnp" : 0.09122576239556793 , "uni-categories-/nns" : 0.08126670760233975 , "uni-categories-fieldlikelihood" : 0.0 , "uni-names-/nnp" : 0.038711382901935085 , "uni-names-/nns" : 0.0642631043648176 , "uni-names-fieldlikelihood" : 0.07850040966291005 , "uni-outgoingentitynames-/nnp" : 0.0 , "uni-outgoingentitynames-/nns" : 0.0 , "uni-outgoingentitynames-fieldlikelihood" : 0.0 , "uni-similarentitynames-/nnp" : 0.16908491725597832 , "uni-similarentitynames-/nns" : 0.05396088985913025 , "uni-similarentitynames-fieldlikelihood" : 0.056127657988755374 }
