{ "name" : "default-best" , "score" : "0.17316747341590055" , "uni-attributes-/nnp" : 0.05816294153095471 , "uni-attributes-/nns" : 0.34140876578098983 , "uni-attributes-fieldlikelihood" : 0.07204521151065967 , "uni-categories-/nnp" : 0.26986415866061336 , "uni-categories-/nns" : 0.04295650785310951 , "uni-categories-fieldlikelihood" : 0.19037415701384694 , "uni-names-/nnp" : -0.127126559749531 , "uni-names-/nns" : -0.0655955762638956 , "uni-names-fieldlikelihood" : 0.09298895227103833 , "uni-outgoingentitynames-/nnp" : 0.17298591541490285 , "uni-outgoingentitynames-/nns" : -0.12783125138856627 , "uni-outgoingentitynames-fieldlikelihood" : 0.20686886156115705 , "uni-similarentitynames-/nnp" : -0.06216000795707409 , "uni-similarentitynames-/nns" : -0.06494207623820535 , "uni-similarentitynames-fieldlikelihood" : 0.0 }
