{ "name" : "default-best" , "score" : "0.1420178018564294" , "uni-attributes-/nnp" : 0.02682093550214364 , "uni-attributes-/nns" : 0.2579218894553999 , "uni-attributes-fieldlikelihood" : 0.19895248679704966 , "uni-categories-/nnp" : 0.14265980643250153 , "uni-categories-/nns" : 0.07958189727777779 , "uni-categories-fieldlikelihood" : 0.2615275111891604 , "uni-names-/nnp" : -0.0615911105617151 , "uni-names-/nns" : -0.06174547424733346 , "uni-names-fieldlikelihood" : 0.043623837810097876 , "uni-outgoingentitynames-/nnp" : 0.08533249053577299 , "uni-outgoingentitynames-/nns" : 0.04997589497317028 , "uni-outgoingentitynames-fieldlikelihood" : 0.08533249053577299 , "uni-similarentitynames-/nnp" : -0.05558597728194788 , "uni-similarentitynames-/nns" : -0.05280667841785049 , "uni-similarentitynames-fieldlikelihood" : 0.0 }
