{ "name" : "default-best" , "score" : "0.13338414948669394" , "uni-attributes-/nnp" : 0.07742103163488538 , "uni-attributes-/nns" : 0.005065269770614091 , "uni-attributes-fieldlikelihood" : 0.04327117849347259 , "uni-categories-/nnp" : 0.0 , "uni-categories-/nns" : 0.0 , "uni-categories-fieldlikelihood" : 0.040553483839194694 , "uni-names-/nnp" : 0.08809360972742919 , "uni-names-/nns" : 0.11925016482223184 , "uni-names-fieldlikelihood" : 0.24549938394716897 , "uni-outgoingentitynames-/nnp" : 0.044587845391309375 , "uni-outgoingentitynames-/nns" : 0.08925606613612841 , "uni-outgoingentitynames-fieldlikelihood" : 0.0 , "uni-similarentitynames-/nnp" : 0.042366721880720985 , "uni-similarentitynames-/nns" : 0.16297546494402354 , "uni-similarentitynames-fieldlikelihood" : 0.04165977941282091 }
