{ "name" : "default-best" , "score" : "0.1509578159092047" , "uni-attributes-/nnp" : 0.0 , "uni-attributes-/nns" : 0.03917279264210872 , "uni-attributes-fieldlikelihood" : 0.12671806917513687 , "uni-categories-/nnp" : 0.0 , "uni-categories-/nns" : 0.11322589886743119 , "uni-categories-fieldlikelihood" : 0.028341589357776375 , "uni-names-/nnp" : 0.23491558958865716 , "uni-names-/nns" : 0.09154309572196968 , "uni-names-fieldlikelihood" : 0.13045670029740872 , "uni-outgoingentitynames-/nnp" : 0.09874498280962711 , "uni-outgoingentitynames-/nns" : 0.09166243230298937 , "uni-outgoingentitynames-fieldlikelihood" : -0.05187615075115081 , "uni-similarentitynames-/nnp" : 0.10908198397521547 , "uni-similarentitynames-/nns" : -0.05433378339298662 , "uni-similarentitynames-fieldlikelihood" : 0.042346799405816635 }
