{ "name" : "default-best" , "score" : "0.12727011279503295" , "uni-attributes-/nnp" : 0.08220752110233977 , "uni-attributes-/nns" : 0.10644934716717754 , "uni-attributes-fieldlikelihood" : 0.0 , "uni-categories-/nnp" : 0.04546513676481453 , "uni-categories-/nns" : 0.0 , "uni-categories-fieldlikelihood" : 0.028770813143376702 , "uni-names-/nnp" : 0.04299891526780261 , "uni-names-/nns" : 0.22070228234683537 , "uni-names-fieldlikelihood" : 0.17737291303757627 , "uni-outgoingentitynames-/nnp" : 0.024232269493879282 , "uni-outgoingentitynames-/nns" : 0.03587677882877765 , "uni-outgoingentitynames-fieldlikelihood" : 0.01634016916869871 , "uni-similarentitynames-/nnp" : 0.037737297725023614 , "uni-similarentitynames-/nns" : 0.15321846906112405 , "uni-similarentitynames-fieldlikelihood" : 0.028628086892574036 }
