{ "name" : "default-best" , "score" : "0.0919789659783064" , "uni-attributes-/nnp" : 0.11125316248884 , "uni-attributes-/nns" : 0.0 , "uni-attributes-fieldlikelihood" : 0.12372329623307143 , "uni-categories-/nnp" : 0.0 , "uni-categories-/nns" : 0.12038974055225875 , "uni-categories-fieldlikelihood" : 0.024336692209357892 , "uni-names-/nnp" : 0.22221204671043718 , "uni-names-/nns" : 0.08606424510241358 , "uni-names-fieldlikelihood" : 0.07050298973689671 , "uni-outgoingentitynames-/nnp" : 0.025547309391081886 , "uni-outgoingentitynames-/nns" : 0.11949783611058284 , "uni-outgoingentitynames-fieldlikelihood" : 0.0 , "uni-similarentitynames-/nnp" : 0.04455524008162203 , "uni-similarentitynames-/nns" : 0.0 , "uni-similarentitynames-fieldlikelihood" : 0.05191744138343752 }
