{ "name" : "default-best" , "score" : "0.14606288301237896" , "uni-attributes-/nnp" : 0.11480050173024395 , "uni-attributes-/nns" : 0.3402603158816608 , "uni-attributes-fieldlikelihood" : 0.12361998850498149 , "uni-categories-/nnp" : 0.12869147540579082 , "uni-categories-/nns" : 4.655465588528393E-5 , "uni-categories-fieldlikelihood" : 0.11377889525380537 , "uni-names-/nnp" : -0.1172912000071774 , "uni-names-/nns" : 0.0 , "uni-names-fieldlikelihood" : 0.06609813851420435 , "uni-outgoingentitynames-/nnp" : 0.2139230893238935 , "uni-outgoingentitynames-/nns" : 0.04212262075451584 , "uni-outgoingentitynames-fieldlikelihood" : 0.08770540690552196 , "uni-similarentitynames-/nnp" : -0.06099229925679132 , "uni-similarentitynames-/nns" : 0.0 , "uni-similarentitynames-fieldlikelihood" : -0.05276348766653475 }
