{ "name" : "default-best" , "score" : "0.16438161466129" , "uni-attributes-/nnp" : 0.010335953993648247 , "uni-attributes-/nns" : 0.25983410415396635 , "uni-attributes-fieldlikelihood" : 0.16479878879773455 , "uni-categories-/nnp" : 0.1907324668354808 , "uni-categories-/nns" : 0.01747355668412419 , "uni-categories-fieldlikelihood" : 0.15564750930212817 , "uni-names-/nnp" : -0.11137887893632917 , "uni-names-/nns" : 0.0 , "uni-names-fieldlikelihood" : 0.0987807150458971 , "uni-outgoingentitynames-/nnp" : 0.15886782854180695 , "uni-outgoingentitynames-/nns" : -0.11204989584428768 , "uni-outgoingentitynames-fieldlikelihood" : 0.22667405990597722 , "uni-similarentitynames-/nnp" : 0.0 , "uni-similarentitynames-/nns" : -0.06982899106858656 , "uni-similarentitynames-fieldlikelihood" : 0.010112782588439635 }
