{ "name" : "default-best" , "score" : "0.12332452555484519" , "uni-attributes-/nnp" : 0.1442758134050889 , "uni-attributes-/nns" : 0.11071575369870346 , "uni-attributes-fieldlikelihood" : 0.0 , "uni-categories-/nnp" : 0.0 , "uni-categories-/nns" : 0.0 , "uni-categories-fieldlikelihood" : 0.029603753237450008 , "uni-names-/nnp" : 0.09458310842957528 , "uni-names-/nns" : 0.20060618073897682 , "uni-names-fieldlikelihood" : 0.25668228283641337 , "uni-outgoingentitynames-/nnp" : 0.027992416535164964 , "uni-outgoingentitynames-/nns" : 0.0 , "uni-outgoingentitynames-fieldlikelihood" : 0.0 , "uni-similarentitynames-/nnp" : 0.03391602639709859 , "uni-similarentitynames-/nns" : 0.06991363563540325 , "uni-similarentitynames-fieldlikelihood" : 0.03171102908612528 }
