{ "name" : "default-best" , "score" : "0.16294675232171318" , "uni-attributes-/nnp" : 0.09538985307597556 , "uni-attributes-/nns" : 0.0 , "uni-attributes-fieldlikelihood" : 0.13556148226316184 , "uni-categories-/nnp" : 0.0 , "uni-categories-/nns" : 0.2011284782239238 , "uni-categories-fieldlikelihood" : 0.0 , "uni-names-/nnp" : 0.13799124733544585 , "uni-names-/nns" : 0.027602704895331977 , "uni-names-fieldlikelihood" : 0.11693732224290798 , "uni-outgoingentitynames-/nnp" : 0.029752181435606637 , "uni-outgoingentitynames-/nns" : 0.010308701247416681 , "uni-outgoingentitynames-fieldlikelihood" : 0.0 , "uni-similarentitynames-/nnp" : 0.060958163411848704 , "uni-similarentitynames-/nns" : 0.11747624881674426 , "uni-similarentitynames-fieldlikelihood" : 0.06689361705163661 }
