{ "name" : "default-best" , "score" : "0.1487044341046811" , "uni-attributes-/nnp" : 0.04535147392290247 , "uni-attributes-/nns" : 0.3261983001615949 , "uni-attributes-fieldlikelihood" : 0.15829389470721036 , "uni-categories-/nnp" : 0.12440401536621358 , "uni-categories-/nns" : 0.02282212180888827 , "uni-categories-fieldlikelihood" : 0.13587297707107585 , "uni-names-/nnp" : -0.1347037839639008 , "uni-names-/nns" : 0.0 , "uni-names-fieldlikelihood" : -0.0448931537620855 , "uni-outgoingentitynames-/nnp" : 0.27384137716465945 , "uni-outgoingentitynames-/nns" : 0.0 , "uni-outgoingentitynames-fieldlikelihood" : 0.15478157947168736 , "uni-similarentitynames-/nnp" : 0.0 , "uni-similarentitynames-/nns" : -0.08659222046814084 , "uni-similarentitynames-fieldlikelihood" : 0.02462341851989477 }
