{ "name" : "default-best" , "score" : "0.16145400661870257" , "uni-attributes-/nnp" : 0.12214317792311748 , "uni-attributes-/nns" : 0.0 , "uni-attributes-fieldlikelihood" : 0.10194044260368369 , "uni-categories-/nnp" : 0.0 , "uni-categories-/nns" : 0.2194280732902786 , "uni-categories-fieldlikelihood" : 0.0 , "uni-names-/nnp" : 0.1983238722850127 , "uni-names-/nns" : 0.015610734333638163 , "uni-names-fieldlikelihood" : 0.10083669747428567 , "uni-outgoingentitynames-/nnp" : 0.04176484257766388 , "uni-outgoingentitynames-/nns" : 0.016238728068401632 , "uni-outgoingentitynames-fieldlikelihood" : 0.0 , "uni-similarentitynames-/nnp" : 0.10053583053618964 , "uni-similarentitynames-/nns" : 0.023954289621687247 , "uni-similarentitynames-fieldlikelihood" : 0.05922331128604135 }
