{ "name" : "default-best" , "score" : "0.13415755267807672" , "uni-attributes-/nnp" : 0.16088765053568077 , "uni-attributes-/nns" : 0.05102072328185901 , "uni-attributes-fieldlikelihood" : 0.0 , "uni-categories-/nnp" : 0.07940984562449639 , "uni-categories-/nns" : 0.0 , "uni-categories-fieldlikelihood" : 0.03475472670999789 , "uni-names-/nnp" : 0.1897743784495564 , "uni-names-/nns" : 0.035619137193722845 , "uni-names-fieldlikelihood" : 0.2471033697674013 , "uni-outgoingentitynames-/nnp" : 0.038034351663473194 , "uni-outgoingentitynames-/nns" : 0.01597755946969184 , "uni-outgoingentitynames-fieldlikelihood" : 0.007067707882298641 , "uni-similarentitynames-/nnp" : 0.11124792343582414 , "uni-similarentitynames-/nns" : 0.0 , "uni-similarentitynames-fieldlikelihood" : 0.029102625985997655 }
