{ "name" : "default-best" , "score" : "0.16587167010191112" , "uni-attributes-/nnp" : 0.05884431412114793 , "uni-attributes-/nns" : 0.09189409257026199 , "uni-attributes-fieldlikelihood" : 0.1180054980967922 , "uni-categories-/nnp" : 0.0 , "uni-categories-/nns" : 0.16237860648847757 , "uni-categories-fieldlikelihood" : -0.044329346296041704 , "uni-names-/nnp" : 0.12489598402695183 , "uni-names-/nns" : 0.08282447255732642 , "uni-names-fieldlikelihood" : 0.10610684599970573 , "uni-outgoingentitynames-/nnp" : 0.055506407191922326 , "uni-outgoingentitynames-/nns" : 0.20468240618561687 , "uni-outgoingentitynames-fieldlikelihood" : -0.04911838924769165 , "uni-similarentitynames-/nnp" : 0.02058795151016237 , "uni-similarentitynames-/nns" : 0.0 , "uni-similarentitynames-fieldlikelihood" : 0.06772115679536815 }
