{ "name" : "default-best" , "score" : "0.13631949325138398" , "uni-attributes-/nnp" : 0.11663366962926029 , "uni-attributes-/nns" : 0.19711817960740596 , "uni-attributes-fieldlikelihood" : 0.0 , "uni-categories-/nnp" : 0.0 , "uni-categories-/nns" : 1.1808697057761377E-4 , "uni-categories-fieldlikelihood" : 0.04905720959711336 , "uni-names-/nnp" : 0.0 , "uni-names-/nns" : 0.22274072870211803 , "uni-names-fieldlikelihood" : 0.1934028129196565 , "uni-outgoingentitynames-/nnp" : 0.0 , "uni-outgoingentitynames-/nns" : 0.0 , "uni-outgoingentitynames-fieldlikelihood" : 0.0 , "uni-similarentitynames-/nnp" : 0.0 , "uni-similarentitynames-/nns" : 0.1810852301345529 , "uni-similarentitynames-fieldlikelihood" : 0.039844082439315455 }
