{ "bi-attributes-/nns" : 0.06189552148245533 , "bi-attributes-/np-part" : 0.012657634143162086 , "bi-attributes-baselinetopscore" : 0.06189552148245533 , "bi-categories-/nns" : 0.1666827405192025 , "bi-categories-/np-part" : 0.06189552148245533 , "bi-categories-baselinetopscore" : 0.006808507363070055 , "bi-incomingentitynames-/nns" : 0.11402732709310352 , "bi-incomingentitynames-/np-part" : 0.006882403835022846 , "bi-incomingentitynames-baselinetopscore" : 0.06189552148245533 , "bi-names-/nns" : 0.06272590596335124 , "bi-names-/np-part" : 0.06189552148245533 , "bi-names-baselinetopscore" : 0.06189552148245533 , "bi-outgoingentitynames-/nns" : 0.012935467665216468 , "bi-outgoingentitynames-/np-part" : 0.009239123215100582 , "bi-outgoingentitynames-baselinetopscore" : 0.0 , "bi-similarentitynames-/nns" : 0.05705666608315236 , "bi-similarentitynames-/np-part" : 0.06256457860716036 , "bi-similarentitynames-baselinetopscore" : 0.117046516617726 , "name" : "default-best" , "score" : "0.33281420667914613" }
