{ "bi-attributes-/nns" : 0.014306652935924102 , "bi-attributes-/np-part" : 0.07153326467962076 , "bi-attributes-baselinetopscore" : 0.07153326467962076 , "bi-categories-/nns" : 0.07153326467962076 , "bi-categories-/np-part" : 0.014949647568813102 , "bi-categories-baselinetopscore" : 0.02830606851578799 , "bi-incomingentitynames-/nns" : 0.13208488628281484 , "bi-incomingentitynames-/np-part" : 0.022266044260869363 , "bi-incomingentitynames-baselinetopscore" : 0.07153326467962076 , "bi-names-/nns" : 0.007794715623626998 , "bi-names-/np-part" : 0.017022045778980324 , "bi-names-baselinetopscore" : 0.07997014842423418 , "bi-outgoingentitynames-/nns" : 0.0 , "bi-outgoingentitynames-/np-part" : 0.0 , "bi-outgoingentitynames-baselinetopscore" : 0.0 , "bi-similarentitynames-/nns" : 0.1325413036274438 , "bi-similarentitynames-/np-part" : 0.1322366447329481 , "bi-similarentitynames-baselinetopscore" : 0.13238878353007427 , "name" : "default-best" , "score" : "0.36845148417582607" }
