{ "bi-attributes-/nns" : 0.05659797673933996 , "bi-attributes-/np-part" : 0.09777441534455633 , "bi-attributes-baselinetopscore" : 0.03926855499357231 , "bi-categories-/nns" : 0.0 , "bi-categories-/np-part" : 0.0 , "bi-categories-baselinetopscore" : 0.0 , "bi-incomingentitynames-/nns" : 0.10231587650188204 , "bi-incomingentitynames-/np-part" : 0.05228835551740659 , "bi-incomingentitynames-baselinetopscore" : 0.05228835551740659 , "bi-names-/nns" : 0.0025969325991847514 , "bi-names-/np-part" : 0.05228835551740659 , "bi-names-baselinetopscore" : 0.08816825221009772 , "bi-outgoingentitynames-/nns" : 0.049815962825285054 , "bi-outgoingentitynames-/np-part" : 0.0 , "bi-outgoingentitynames-baselinetopscore" : 0.011940699586843765 , "bi-similarentitynames-/nns" : 0.12580183513615065 , "bi-similarentitynames-/np-part" : 0.1281832435828289 , "bi-similarentitynames-baselinetopscore" : 0.14067118392803882 , "name" : "default-best" , "score" : "0.36948020527113257" }
