{ "bi-attributes-/nns" : 0.0 , "bi-attributes-/np-part" : 0.15422168550556078 , "bi-attributes-baselinetopscore" : 0.02591665899637455 , "bi-attributes-fieldlikelihood" : 0.0 , "bi-categories-/nns" : 0.07273070372717695 , "bi-categories-/np-part" : 0.10821799700570424 , "bi-categories-baselinetopscore" : 0.0 , "bi-categories-fieldlikelihood" : 0.0 , "bi-names-/nns" : 0.05502553474279803 , "bi-names-/np-part" : 0.09486800328426181 , "bi-names-baselinetopscore" : 0.08377083828432833 , "bi-names-fieldlikelihood" : 0.0 , "bi-outgoingentitynames-/nns" : 1.352457463242718E-4 , "bi-outgoingentitynames-/np-part" : 0.0 , "bi-outgoingentitynames-baselinetopscore" : 0.0 , "bi-outgoingentitynames-fieldlikelihood" : 0.0 , "bi-similarentitynames-/nns" : 0.11055241582976201 , "bi-similarentitynames-/np-part" : 0.19658565820997512 , "bi-similarentitynames-baselinetopscore" : 0.026933117359107212 , "bi-similarentitynames-fieldlikelihood" : 0.07104214130862674 , "name" : "default-best" , "score" : "0.339586738053134" }
