{ "bi-attributes-/nnp" : 0.2941557505688253 , "bi-attributes-baselinetopscore" : 0.067904630906743 , "bi-attributes-fieldlikelihood" : 0.04012180762594819 , "bi-categories-/nnp" : 0.0 , "bi-categories-baselinetopscore" : 0.1708937877584964 , "bi-categories-fieldlikelihood" : 0.05084459339008685 , "bi-names-/nnp" : 0.1309740097087819 , "bi-names-baselinetopscore" : 0.06521718777173797 , "bi-names-fieldlikelihood" : 0.0 , "bi-outgoingentitynames-/nnp" : 0.0 , "bi-outgoingentitynames-baselinetopscore" : 0.0 , "bi-outgoingentitynames-fieldlikelihood" : 0.0 , "bi-similarentitynames-/nnp" : 0.05279714551956649 , "bi-similarentitynames-baselinetopscore" : 0.06533222803170756 , "bi-similarentitynames-fieldlikelihood" : 0.06175885871810624 , "name" : "default-best" , "score" : "0.08442677424597252" }
