{ "bi-attributes-/nnp" : 0.22746825040614913 , "bi-attributes-baselinetopscore" : 0.031198098029648087 , "bi-attributes-fieldlikelihood" : 0.059924179492293256 , "bi-categories-/nnp" : 0.0 , "bi-categories-baselinetopscore" : 0.11394638802760884 , "bi-categories-fieldlikelihood" : 0.1711899906290338 , "bi-names-/nnp" : 0.0 , "bi-names-baselinetopscore" : 0.0 , "bi-names-fieldlikelihood" : 0.0 , "bi-outgoingentitynames-/nnp" : 0.20820907635391098 , "bi-outgoingentitynames-baselinetopscore" : 0.0568818917281655 , "bi-outgoingentitynames-fieldlikelihood" : 0.027595435521298475 , "bi-similarentitynames-/nnp" : 0.0 , "bi-similarentitynames-baselinetopscore" : 0.07477775490824728 , "bi-similarentitynames-fieldlikelihood" : 0.028808934903644567 , "name" : "default-best" , "score" : "0.1812596684526872" }
