{ "bi-attributes-/nnp" : 0.18514583267908033 , "bi-attributes-baselinetopscore" : 0.007475139888765482 , "bi-attributes-fieldlikelihood" : 0.0 , "bi-categories-/nnp" : 0.0 , "bi-categories-baselinetopscore" : 0.12292859823337096 , "bi-categories-fieldlikelihood" : 0.17672192464901912 , "bi-names-/nnp" : 0.0 , "bi-names-baselinetopscore" : 0.0 , "bi-names-fieldlikelihood" : 0.0 , "bi-outgoingentitynames-/nnp" : 0.28686144075847264 , "bi-outgoingentitynames-baselinetopscore" : 0.057848698900702475 , "bi-outgoingentitynames-fieldlikelihood" : 0.0 , "bi-similarentitynames-/nnp" : 0.11738973377023935 , "bi-similarentitynames-baselinetopscore" : 0.04562863112034961 , "bi-similarentitynames-fieldlikelihood" : 0.0 , "name" : "default-best" , "score" : "0.16302253954509988" }
