{ "bi-attributes-/nnp" : 0.050788810050043584 , "bi-attributes-baselinetopscore" : 0.05333031512233213 , "bi-attributes-fieldlikelihood" : 0.13437225128748123 , "bi-categories-/nnp" : 0.06761889174012084 , "bi-categories-baselinetopscore" : 0.06610947704914179 , "bi-categories-fieldlikelihood" : 0.007851827394217852 , "bi-names-/nnp" : 0.007473281972865494 , "bi-names-baselinetopscore" : 0.22570054766092254 , "bi-names-fieldlikelihood" : 0.0 , "bi-outgoingentitynames-/nnp" : 0.0 , "bi-outgoingentitynames-baselinetopscore" : 0.0 , "bi-outgoingentitynames-fieldlikelihood" : 0.0 , "bi-similarentitynames-/nnp" : 0.0 , "bi-similarentitynames-baselinetopscore" : 0.2347784179661151 , "bi-similarentitynames-fieldlikelihood" : 0.15197617975675953 , "name" : "default-best" , "score" : "0.32933874314583067" }
