{ "bi-/const" : 0.025619159292612586 , "bi-/google-ngrams-word-invcount" : 0.025201519117570688 , "bi-/wiki-categories-word-count" : 0.0 , "bi-/wiki-infobox-word-count-16" : 0.028900133078179346 , "name" : "default-best" , "score" : "0.12112623106099814" , "uni-/const" : 0.24707003920747822 , "uni-/google-ngrams-word-invcount" : 0.2937234560259131 , "uni-/wiki-categories-word-count" : 0.1868170099097903 , "uni-/wiki-infobox-word-count-16" : 0.19266868336845575 }
