{ "bi-/const" : 0.038490338324680726 , "bi-/google-ngrams-word-invcount" : 0.0 , "bi-/wiki-categories-word-count" : 0.0 , "bi-/wiki-infobox-word-count-16" : 0.0 , "name" : "default-best" , "score" : "0.11835548791991968" , "uni-/const" : 0.27204170722249676 , "uni-/google-ngrams-word-invcount" : 0.37469165604022914 , "uni-/wiki-categories-word-count" : 0.03576134787664655 , "uni-/wiki-infobox-word-count-16" : 0.27901495053594677 }
