{ "bi-/const" : 0.04058556453697626 , "bi-/google-ngrams-word-invcount" : 0.0 , "bi-/wiki-categories-word-count" : 0.0 , "bi-/wiki-infobox-word-count-16" : 0.0 , "name" : "default-best" , "score" : "0.11181153966538689" , "uni-/const" : 0.19284409968302427 , "uni-/google-ngrams-word-invcount" : 0.4275869439956303 , "uni-/wiki-categories-word-count" : 0.050145382743360674 , "uni-/wiki-infobox-word-count-16" : 0.2888380090410086 }
