{ "bi-/const" : 0.026485138397909537 , "bi-/google-ngrams-word-invcount" : 0.0 , "bi-/wiki-categories-word-count" : 0.06231648273231372 , "bi-/wiki-infobox-word-count-16" : 0.0 , "name" : "default-best" , "score" : "0.12923610753724657" , "uni-/const" : 0.16939577426088967 , "uni-/google-ngrams-word-invcount" : 0.38688035965496187 , "uni-/wiki-categories-word-count" : 0.05265116657665969 , "uni-/wiki-infobox-word-count-16" : 0.3022710783772654 }
