{ "bi-/const" : 0.033537556967460684 , "bi-/google-ngrams-word-invcount" : 0.0 , "bi-/wiki-categories-word-count" : 0.11011680245460133 , "bi-/wiki-infobox-word-count-16" : 0.0 , "name" : "default-best" , "score" : "0.11775867367712387" , "uni-/const" : 0.07033148407629049 , "uni-/google-ngrams-word-invcount" : 0.542403905544078 , "uni-/wiki-categories-word-count" : 0.0 , "uni-/wiki-infobox-word-count-16" : 0.2436102509575697 }
