{ "bi-/const" : 0.016210769553046556 , "bi-/google-ngrams-word-invcount" : 0.019912034484976034 , "bi-/wiki-categories-word-count" : 0.041541520136011756 , "bi-/wiki-infobox-word-count-16" : 0.022836733114787747 , "name" : "default-best" , "score" : "0.19221597124631737" , "uni-/const" : 0.12862357800899749 , "uni-/google-ngrams-word-invcount" : 0.2768611723089378 , "uni-/wiki-categories-word-count" : 0.2726978170933662 , "uni-/wiki-infobox-word-count-16" : 0.22131637529987644 }
