{ "bi-/const" : 0.0218709865775196 , "bi-/google-ngrams-word-invcount" : 0.0 , "bi-/wiki-categories-word-count" : 0.0 , "bi-/wiki-infobox-word-count-16" : 0.06812147598537105 , "name" : "default-best" , "score" : "0.209174241207851" , "uni-/const" : 0.13000656020789278 , "uni-/google-ngrams-word-invcount" : 0.3399714192884845 , "uni-/wiki-categories-word-count" : 0.2705014077950033 , "uni-/wiki-infobox-word-count-16" : 0.16952815014572878 }
