{ "bi-/const" : 0.007875121761291511 , "bi-/google-ngrams-word-invcount" : 0.08016900236502646 , "bi-/wiki-categories-word-count" : 0.0 , "bi-/wiki-infobox-word-count-16" : 0.04475719705158633 , "name" : "default-best" , "score" : "0.2225622438828967" , "uni-/const" : 0.18755751978914248 , "uni-/google-ngrams-word-invcount" : 0.22975301378434032 , "uni-/wiki-categories-word-count" : 0.22972140276134506 , "uni-/wiki-infobox-word-count-16" : 0.22016674248726786 }
