{ "bi-/const" : 0.06271391494216501 , "bi-/google-ngrams-word-invcount" : 0.035958316840626274 , "bi-/wiki-categories-word-count" : 0.0 , "bi-/wiki-infobox-word-count-16" : 0.0161560165893568 , "name" : "default-best" , "score" : "0.1795988137386266" , "uni-/const" : 0.24532875927791656 , "uni-/google-ngrams-word-invcount" : 0.3005418576483254 , "uni-/wiki-categories-word-count" : 0.18753537701369355 , "uni-/wiki-infobox-word-count-16" : 0.15176575768791642 }
