{ "bi-/const" : 0.06637560410493792 , "bi-/google-ngrams-word-invcount" : 0.06373742972161119 , "bi-/wiki-categories-word-count" : 0.0 , "bi-/wiki-infobox-word-count-16" : 0.06282455917961165 , "name" : "default-best" , "score" : "0.19639385004389875" , "uni-/const" : 0.16787782195631823 , "uni-/google-ngrams-word-invcount" : 0.365909085483504 , "uni-/wiki-categories-word-count" : 0.16310128434340432 , "uni-/wiki-infobox-word-count-16" : 0.11017421521061257 }
