{ "bi-/const" : 0.0 , "bi-/google-ngrams-word-invcount" : 0.06430915268139861 , "bi-/wiki-categories-word-count" : 0.0 , "bi-/wiki-infobox-word-count-16" : 0.020192685788977097 , "name" : "default-best" , "score" : "0.2117061709042663" , "uni-/const" : 0.1991946092233151 , "uni-/google-ngrams-word-invcount" : 0.2786132407158873 , "uni-/wiki-categories-word-count" : 0.25967396774151963 , "uni-/wiki-infobox-word-count-16" : 0.17801634384890222 }
