{ "bi-/const" : 0.05807322482091272 , "bi-/google-ngrams-word-invcount" : 0.0 , "bi-/wiki-categories-word-count" : 0.017385246325874872 , "bi-/wiki-infobox-word-count-16" : 0.08504429785269707 , "name" : "default-best" , "score" : "0.19063740418905953" , "uni-/const" : 0.09582545430365301 , "uni-/google-ngrams-word-invcount" : 0.31869832150431565 , "uni-/wiki-categories-word-count" : 0.10421983054990375 , "uni-/wiki-infobox-word-count-16" : 0.320753624642643 }
