{ "bi-/const" : 0.012463061814956865 , "bi-/google-ngrams-word-invcount" : 0.0 , "bi-/wiki-categories-word-count" : 0.0 , "bi-/wiki-infobox-word-count-16" : 0.07163676282218127 , "name" : "default-best" , "score" : "0.16158630842269686" , "uni-/const" : 0.14294317523425784 , "uni-/google-ngrams-word-invcount" : 0.36846838837225926 , "uni-/wiki-categories-word-count" : 0.345227479266499 , "uni-/wiki-infobox-word-count-16" : 0.059261132489845686 }
