{ "bi-/const" : 0.08819048350626528 , "bi-/google-ngrams-word-invcount" : 0.0 , "bi-/wiki-categories-word-count" : 0.0 , "bi-/wiki-infobox-word-count-16" : 0.05855164885184989 , "name" : "default-best" , "score" : "0.18796269386381956" , "uni-/const" : 0.283131911711705 , "uni-/google-ngrams-word-invcount" : 0.12788943239962056 , "uni-/wiki-categories-word-count" : 0.12872386873920222 , "uni-/wiki-infobox-word-count-16" : 0.31351265479135715 }
