{ "bi-/const" : 0.08243282665206113 , "bi-/google-ngrams-word-invcount" : 0.0 , "bi-/wiki-categories-word-count" : 0.0 , "bi-/wiki-infobox-word-count-16" : 0.09909325292454071 , "name" : "default-best" , "score" : "0.18782211793490391" , "uni-/const" : 0.35081163566522805 , "uni-/google-ngrams-word-invcount" : 0.08097273035901116 , "uni-/wiki-categories-word-count" : 0.132490436312934 , "uni-/wiki-infobox-word-count-16" : 0.254199118086225 }
