{ "bi-/const" : 0.0 , "bi-/google-ngrams-word-invcount" : 0.0475516461795186 , "bi-/wiki-categories-word-count" : 0.0 , "bi-/wiki-infobox-word-count-16" : 0.017951136434964966 , "name" : "default-best" , "score" : "0.16140534442037316" , "uni-/const" : 0.27535662939804834 , "uni-/google-ngrams-word-invcount" : 0.33726136964102466 , "uni-/wiki-categories-word-count" : 0.07460788797101538 , "uni-/wiki-infobox-word-count-16" : 0.24727133037542806 }
