{ "bi-/const" : 0.06996849386531695 , "bi-/google-ngrams-word-invcount" : 0.0 , "bi-/wiki-categories-word-count" : 0.006375038454591407 , "bi-/wiki-infobox-word-count-16" : 0.01801778014265226 , "name" : "default-best" , "score" : "0.22144052432598585" , "uni-/const" : 0.1956211943636427 , "uni-/google-ngrams-word-invcount" : 0.2579257338615336 , "uni-/wiki-categories-word-count" : 0.19960876423754453 , "uni-/wiki-infobox-word-count-16" : 0.25248299507471855 }
