{ "bi-/const" : 0.003893547129513235 , "bi-/google-ngrams-word-invcount" : 0.022649900125338136 , "bi-/wiki-categories-word-count" : 0.0 , "bi-/wiki-infobox-word-count-16" : 0.12466485277553307 , "name" : "default-best" , "score" : "0.20864302853112296" , "uni-/const" : 0.25469201192428337 , "uni-/google-ngrams-word-invcount" : 0.11385920454795441 , "uni-/wiki-categories-word-count" : 0.4227721606349002 , "uni-/wiki-infobox-word-count-16" : 0.05746832286247756 }
