{ "bi-/const" : 0.06471209842768884 , "bi-/google-ngrams-word-invcount" : 0.0 , "bi-/wiki-categories-word-count" : 0.037739055978625466 , "bi-/wiki-infobox-word-count-16" : 0.12812202108734053 , "name" : "default-best" , "score" : "0.1894282099005667" , "uni-/const" : 0.22859358415991 , "uni-/google-ngrams-word-invcount" : 0.2748950854907109 , "uni-/wiki-categories-word-count" : 0.14814194538356162 , "uni-/wiki-infobox-word-count-16" : 0.11779620947216275 }
