{ "bi-/const" : 0.060451725806617285 , "bi-/google-ngrams-word-invcount" : 0.0 , "bi-/wiki-categories-word-count" : 0.047619047619047616 , "bi-/wiki-infobox-word-count-16" : 0.0 , "name" : "default-best" , "score" : "0.22105549476980543" , "uni-/const" : 0.10372022150168353 , "uni-/google-ngrams-word-invcount" : 0.2365117053740617 , "uni-/wiki-categories-word-count" : 0.31778029011251635 , "uni-/wiki-infobox-word-count-16" : 0.23391700958607353 }
