{ "bi-/const" : 0.07595985947270738 , "bi-/google-ngrams-word-invcount" : 0.08098748502081997 , "bi-/wiki-categories-word-count" : 0.31387734472686496 , "bi-/wiki-infobox-word-count-16" : 0.11437045512209051 , "name" : "default-best" , "score" : "0.261461893443863" , "uni-/const" : 0.10186904773955407 , "uni-/google-ngrams-word-invcount" : 0.10706524036377206 , "uni-/wiki-categories-word-count" : 0.03247289769937576 , "uni-/wiki-infobox-word-count-16" : 0.17339766985481525 }
