{ "bi-/const" : 0.17465223014240064 , "bi-/google-ngrams-word-invcount" : 0.12471736520942023 , "bi-/wiki-categories-word-count" : 0.0 , "bi-/wiki-infobox-word-count-16" : 0.0 , "name" : "default-best" , "score" : "0.28959143921739755" , "uni-/const" : 0.16886776814744436 , "uni-/google-ngrams-word-invcount" : 0.16734584399709315 , "uni-/wiki-categories-word-count" : 0.032990815004227604 , "uni-/wiki-infobox-word-count-16" : 0.331425977499414 }
