{ "bi-/const" : 0.017352083841410515 , "bi-/google-ngrams-word-invcount" : 0.13545132800990325 , "bi-/wiki-categories-word-count" : 0.1740782190727814 , "bi-/wiki-infobox-word-count-16" : 0.15027612511850952 , "name" : "default-best" , "score" : "0.25517812801642353" , "uni-/const" : 0.05168400502155213 , "uni-/google-ngrams-word-invcount" : 0.30601599738896174 , "uni-/wiki-categories-word-count" : 0.1093040847685951 , "uni-/wiki-infobox-word-count-16" : 0.055838156778286456 }
