{ "bi-/const" : 0.07109686207359364 , "bi-/google-ngrams-word-invcount" : 0.08820602312543024 , "bi-/wiki-categories-word-count" : 0.08793815556155075 , "bi-/wiki-infobox-word-count-16" : 0.21372505793601443 , "name" : "default-best" , "score" : "0.27880311198129537" , "uni-/const" : 0.09902373319944265 , "uni-/google-ngrams-word-invcount" : 0.2668498168079538 , "uni-/wiki-categories-word-count" : 0.0 , "uni-/wiki-infobox-word-count-16" : 0.17316035129601445 }
