{ "bi-/const" : 0.13690069414772946 , "bi-/google-ngrams-word-invcount" : 0.0 , "bi-/wiki-categories-word-count" : 0.07237009848252762 , "bi-/wiki-infobox-word-count-16" : 0.07697915602019101 , "name" : "default-best" , "score" : "0.24173019940372048" , "uni-/const" : 0.13690069414772946 , "uni-/google-ngrams-word-invcount" : 0.18892295792386665 , "uni-/wiki-categories-word-count" : 0.08378721382584196 , "uni-/wiki-infobox-word-count-16" : 0.30413918545211394 }
