{ "name" : "default-best-best" , "od-/const" : 0.042857142900000006 , "od-/google-ngrams-word-invcount" : 0.1928571429 , "score" : "0.12958749278755283" , "uni-/const" : 0.34285714289999997 , "uni-/dep-leaf" : 0.1428571429 , "uni-/google-ngrams-word-invcount" : 0.2928571429 , "uww-/const" : 0.09285714290000001 , "uww-/google-ngrams-word-invcount" : 0.05 }
