{ "name" : "default-best-best" , "od-/const" : 0.042857142900000006 , "od-/google-ngrams-word-invcount" : 0.2428571429 , "score" : "0.24133877804881396" , "uni-/const" : 0.1928571429 , "uni-/dep-leaf" : 0.03571428580000001 , "uni-/google-ngrams-word-invcount" : 0.39285714289999996 , "uww-/const" : 0.05 , "uww-/google-ngrams-word-invcount" : 0.042857142900000006 }
