{ "name" : "default-best-best" , "od-/const" : 0.2928571429 , "od-/google-ngrams-word-invcount" : 0.09285714290000001 , "score" : "0.21506618633177904" , "uni-/const" : 0.2428571429 , "uni-/dep-leaf" : 0.0 , "uni-/google-ngrams-word-invcount" : 0.2428571429 , "uww-/const" : 0.2428571429 , "uww-/google-ngrams-word-invcount" : 0.0 }
