{ "name" : "default-best-best" , "od-/const" : 0.1428571429 , "od-/google-ngrams-word-invcount" : 0.1928571429 , "score" : "0.20782679758314263" , "uni-/const" : 0.34285714289999997 , "uni-/dep-leaf" : 0.0 , "uni-/google-ngrams-word-invcount" : 0.2428571429 , "uww-/const" : 0.09285714290000001 , "uww-/google-ngrams-word-invcount" : 0.09285714290000001 }
