{ "name" : "default-best-best" , "od-/const" : 0.1428571429 , "od-/google-ngrams-word-invcount" : 0.09285714290000001 , "score" : "0.24960956231859255" , "uni-/const" : 0.1928571429 , "uni-/dep-leaf" : 0.0 , "uni-/google-ngrams-word-invcount" : 0.1428571429 , "uww-/const" : 0.09285714290000001 , "uww-/google-ngrams-word-invcount" : 0.1428571429 }
