{ "name" : "default-best-best" , "od-/const" : 0.6294357624424908 , "od-/google-ngrams-word-invcount" : 0.18455976893409365 , "score" : "0.25127418799546886" , "uni-/const" : 0.43978453317267463 , "uni-/dep-leaf" : 0.13430266337736246 , "uni-/google-ngrams-word-invcount" : 0.8327401722593144 , "uww-/const" : 0.4440850646985089 , "uww-/google-ngrams-word-invcount" : 0.3101123522476177 }
