{ "name" : "default-best-best" , "od-/const" : 0.042857142900000006 , "od-/google-ngrams-word-invcount" : 0.09285714290000001 , "score" : "0.39455215641199737" , "uni-/const" : 0.2928571429 , "uni-/dep-leaf" : 0.0 , "uni-/google-ngrams-word-invcount" : 0.09285714290000001 , "uww-/const" : 0.042857142900000006 , "uww-/google-ngrams-word-invcount" : 0.1428571429 }
