{ "name" : "default-best-best" , "od-/const" : 0.09285714290000001 , "od-/google-ngrams-word-invcount" : 0.042857142900000006 , "score" : "0.40651128210094484" , "uni-/const" : 0.1928571429 , "uni-/dep-leaf" : 0.1428571429 , "uni-/google-ngrams-word-invcount" : 0.2428571429 , "uww-/const" : 0.2428571429 , "uww-/google-ngrams-word-invcount" : 0.1428571429 }
