{ "name" : "default-best" , "score" : "0.12836752093120274" , "uni-attributes-/nn" : 0.21424604726725482 , "uni-attributes-/nnp" : 0.2643864133924476 , "uni-attributes-fieldlikelihood" : 0.08384743391486874 , "uni-categories-/nn" : 0.17563312781551332 , "uni-categories-/nnp" : 0.0 , "uni-categories-fieldlikelihood" : 0.1269124539486019 , "uni-names-/nn" : 0.0 , "uni-names-/nnp" : 0.04615564312837388 , "uni-names-fieldlikelihood" : 0.01664520303429428 , "uni-outgoingentitynames-/nn" : 0.0 , "uni-outgoingentitynames-/nnp" : 0.020132127614684935 , "uni-outgoingentitynames-fieldlikelihood" : 0.0 , "uni-similarentitynames-/nn" : 0.0 , "uni-similarentitynames-/nnp" : 0.0 , "uni-similarentitynames-fieldlikelihood" : 0.05204154988396057 }
