{ "name" : "default-best" , "score" : "0.12480369864264407" , "uni-attributes-/nn" : 0.3265834606651174 , "uni-attributes-/nnp" : 0.26419560496765765 , "uni-attributes-fieldlikelihood" : 0.055319145858592746 , "uni-categories-/nn" : 0.11736145753657211 , "uni-categories-/nnp" : 0.0 , "uni-categories-fieldlikelihood" : 0.029707675337248905 , "uni-names-/nn" : 0.0 , "uni-names-/nnp" : 0.07273323542310108 , "uni-names-fieldlikelihood" : 0.05000357120331214 , "uni-outgoingentitynames-/nn" : 0.0 , "uni-outgoingentitynames-/nnp" : 0.0 , "uni-outgoingentitynames-fieldlikelihood" : 0.007213440296309001 , "uni-similarentitynames-/nn" : 0.07688240871208896 , "uni-similarentitynames-/nnp" : 0.0 , "uni-similarentitynames-fieldlikelihood" : 0.0 }
