{ "name" : "default-best" , "score" : "0.13437171979710769" , "uni-attributes-/nn" : 0.18871786052331666 , "uni-attributes-/nnp" : 0.18539094554442137 , "uni-attributes-fieldlikelihood" : 0.1444887710380937 , "uni-categories-/nn" : 0.22558214283317388 , "uni-categories-/nnp" : 0.0 , "uni-categories-fieldlikelihood" : 0.09984656538585467 , "uni-names-/nn" : 0.0 , "uni-names-/nnp" : 0.030497919834034333 , "uni-names-fieldlikelihood" : 0.03283927953732569 , "uni-outgoingentitynames-/nn" : 0.0 , "uni-outgoingentitynames-/nnp" : 0.0 , "uni-outgoingentitynames-fieldlikelihood" : 0.02432351430742361 , "uni-similarentitynames-/nn" : 0.0 , "uni-similarentitynames-/nnp" : 0.0 , "uni-similarentitynames-fieldlikelihood" : 0.06831300099635616 }
