{ "name" : "default-best" , "score" : "0.12119044840617013" , "uni-attributes-/nn" : 0.048952770683788074 , "uni-attributes-/nnp" : 0.3371994668439959 , "uni-attributes-fieldlikelihood" : 0.17399666768977262 , "uni-categories-/nn" : 0.014043407303409432 , "uni-categories-/nnp" : 0.0 , "uni-categories-fieldlikelihood" : 0.14306969033289804 , "uni-names-/nn" : 0.0 , "uni-names-/nnp" : 0.09261982480070693 , "uni-names-fieldlikelihood" : 0.0 , "uni-outgoingentitynames-/nn" : 0.0 , "uni-outgoingentitynames-/nnp" : 0.0465447697964859 , "uni-outgoingentitynames-fieldlikelihood" : 0.0 , "uni-similarentitynames-/nn" : 0.008497831787480844 , "uni-similarentitynames-/nnp" : 0.066623102648881 , "uni-similarentitynames-fieldlikelihood" : 0.06845246811258134 }
