{ "name" : "default-best" , "score" : "0.12172249689912984" , "uni-attributes-/nn" : 0.13795258104183483 , "uni-attributes-/nnp" : 0.23685772359980076 , "uni-attributes-fieldlikelihood" : 0.13712080669797203 , "uni-categories-/nn" : 0.19309153485670832 , "uni-categories-/nnp" : 0.0 , "uni-categories-fieldlikelihood" : 0.10141269277807859 , "uni-names-/nn" : 0.0 , "uni-names-/nnp" : 0.039507923377783874 , "uni-names-fieldlikelihood" : 0.023084351139842536 , "uni-outgoingentitynames-/nn" : 0.0 , "uni-outgoingentitynames-/nnp" : 0.051169570702321754 , "uni-outgoingentitynames-fieldlikelihood" : 0.0 , "uni-similarentitynames-/nn" : 0.0 , "uni-similarentitynames-/nnp" : 0.027883158663904683 , "uni-similarentitynames-fieldlikelihood" : 0.05191965714175262 }
