{ "name" : "default-best" , "score" : "0.1899486511907292" , "uni-attributes-/nn" : 0.20038970277608226 , "uni-attributes-/nnp" : 0.16012407195702796 , "uni-attributes-fieldlikelihood" : 0.08369107905510663 , "uni-categories-/nn" : 0.13073777742472598 , "uni-categories-/nnp" : 0.19418772200450846 , "uni-categories-fieldlikelihood" : 0.15242243357629323 , "uni-names-/nn" : 0.0 , "uni-names-/nnp" : 0.0 , "uni-names-fieldlikelihood" : 0.0 , "uni-outgoingentitynames-/nn" : 0.0 , "uni-outgoingentitynames-/nnp" : 0.03917039691079278 , "uni-outgoingentitynames-fieldlikelihood" : 0.0 , "uni-similarentitynames-/nn" : 0.0 , "uni-similarentitynames-/nnp" : 0.0 , "uni-similarentitynames-fieldlikelihood" : 0.03927681629546255 }
