{ "name" : "default-best" , "score" : "0.2115572495973416" , "uni-attributes-/nn" : 0.25370866800982594 , "uni-attributes-/nnp" : 0.0 , "uni-attributes-fieldlikelihood" : 0.15949687354366163 , "uni-categories-/nn" : 0.07256246385752355 , "uni-categories-/nnp" : 0.0859528614207806 , "uni-categories-fieldlikelihood" : 0.2594601837028118 , "uni-names-/nn" : 0.08715785322146402 , "uni-names-/nnp" : 0.0 , "uni-names-fieldlikelihood" : 0.0 , "uni-outgoingentitynames-/nn" : 0.05121293159289405 , "uni-outgoingentitynames-/nnp" : 0.011919312010580146 , "uni-outgoingentitynames-fieldlikelihood" : 0.0 , "uni-similarentitynames-/nn" : 0.0 , "uni-similarentitynames-/nnp" : 0.0 , "uni-similarentitynames-fieldlikelihood" : 0.018528852640458324 }
