{ "name" : "default-best" , "score" : "0.18493579447780584" , "uni-attributes-/nn" : 0.15550981539744588 , "uni-attributes-/nnp" : 0.1127278189420762 , "uni-attributes-fieldlikelihood" : 0.21272090802233268 , "uni-categories-/nn" : 0.0 , "uni-categories-/nnp" : 0.12208926829701762 , "uni-categories-fieldlikelihood" : 0.28937098845997117 , "uni-names-/nn" : 0.03863287466899119 , "uni-names-/nnp" : 0.0 , "uni-names-fieldlikelihood" : 0.004319975522005246 , "uni-outgoingentitynames-/nn" : 0.015228015375257984 , "uni-outgoingentitynames-/nnp" : 0.04940033531490197 , "uni-outgoingentitynames-fieldlikelihood" : 0.0 , "uni-similarentitynames-/nn" : 0.0 , "uni-similarentitynames-/nnp" : 0.0 , "uni-similarentitynames-fieldlikelihood" : 0.0 }
