{ "name" : "default-best" , "score" : "0.20956562996964576" , "uni-attributes-/nn" : 0.13035397587943018 , "uni-attributes-/nnp" : 0.2228078588093914 , "uni-attributes-fieldlikelihood" : 0.11331912404612458 , "uni-categories-/nn" : 0.0 , "uni-categories-/nnp" : 0.25749989205831364 , "uni-categories-fieldlikelihood" : 0.20027427669551984 , "uni-names-/nn" : 0.02257526723350424 , "uni-names-/nnp" : 0.0 , "uni-names-fieldlikelihood" : 0.0 , "uni-outgoingentitynames-/nn" : 0.0 , "uni-outgoingentitynames-/nnp" : 0.04064556204187392 , "uni-outgoingentitynames-fieldlikelihood" : 0.0 , "uni-similarentitynames-/nn" : 0.0 , "uni-similarentitynames-/nnp" : 0.0 , "uni-similarentitynames-fieldlikelihood" : 0.012524043235842145 }
