{ "name" : "default-best" , "score" : "0.21679813783757396" , "uni-attributes-/nn" : 0.21700833698078664 , "uni-attributes-/nnp" : 0.15717655887655785 , "uni-attributes-fieldlikelihood" : 0.06189855151363349 , "uni-categories-/nn" : 0.10665974738477835 , "uni-categories-/nnp" : 0.28948112287017597 , "uni-categories-fieldlikelihood" : 0.07908703068581656 , "uni-names-/nn" : 0.0 , "uni-names-/nnp" : 0.0 , "uni-names-fieldlikelihood" : 0.0 , "uni-outgoingentitynames-/nn" : 0.03370673998063873 , "uni-outgoingentitynames-/nnp" : 0.03806253670395827 , "uni-outgoingentitynames-fieldlikelihood" : 0.0 , "uni-similarentitynames-/nn" : 0.0 , "uni-similarentitynames-/nnp" : 0.0 , "uni-similarentitynames-fieldlikelihood" : 0.016919375003654213 }
