{ "name" : "default-best" , "score" : "0.16648088464483704" , "uni-attributes-/nn" : 0.053565717605491656 , "uni-attributes-/nnp" : 0.0961287363641751 , "uni-attributes-fieldlikelihood" : 0.11799021427853253 , "uni-categories-/nn" : 0.0722829749793993 , "uni-categories-/nnp" : 0.0 , "uni-categories-fieldlikelihood" : 0.2231625679788091 , "uni-names-/nn" : 0.0 , "uni-names-/nnp" : 0.0 , "uni-names-fieldlikelihood" : 0.0 , "uni-outgoingentitynames-/nn" : 0.02402451899037419 , "uni-outgoingentitynames-/nnp" : 0.2780198099542902 , "uni-outgoingentitynames-fieldlikelihood" : 0.0 , "uni-similarentitynames-/nn" : 0.07830154799607741 , "uni-similarentitynames-/nnp" : 0.056523911852850627 , "uni-similarentitynames-fieldlikelihood" : 0.0 }
