{ "name" : "default-best" , "score" : "0.1855048346753603" , "uni-attributes-/nn" : 0.24439947349494578 , "uni-attributes-/nnp" : 0.0 , "uni-attributes-fieldlikelihood" : 0.14047342955697392 , "uni-categories-/nn" : 0.0 , "uni-categories-/nnp" : 0.0 , "uni-categories-fieldlikelihood" : 0.06916992989118718 , "uni-names-/nn" : 0.0 , "uni-names-/nnp" : 0.0 , "uni-names-fieldlikelihood" : 0.0 , "uni-outgoingentitynames-/nn" : 0.19298037737493037 , "uni-outgoingentitynames-/nnp" : 0.0902719963541893 , "uni-outgoingentitynames-fieldlikelihood" : 0.09649390798052411 , "uni-similarentitynames-/nn" : 0.1362104951087435 , "uni-similarentitynames-/nnp" : 0.0 , "uni-similarentitynames-fieldlikelihood" : 0.03000039023850583 }
