{ "name" : "default-best" , "score" : "0.18188906913652705" , "uni-attributes-/nn" : 0.04637580951589506 , "uni-attributes-/nnp" : 0.0 , "uni-attributes-fieldlikelihood" : 0.07459906766542398 , "uni-categories-/nn" : 0.08578892781523761 , "uni-categories-/nnp" : 0.0 , "uni-categories-fieldlikelihood" : 0.16593038194255322 , "uni-names-/nn" : 0.03729953383271198 , "uni-names-/nnp" : 0.0 , "uni-names-fieldlikelihood" : 0.0 , "uni-outgoingentitynames-/nn" : 0.1714725962397424 , "uni-outgoingentitynames-/nnp" : 0.17232462937828863 , "uni-outgoingentitynames-fieldlikelihood" : 0.07919227198853618 , "uni-similarentitynames-/nn" : 0.048209647478780246 , "uni-similarentitynames-/nnp" : 0.07538181627604221 , "uni-similarentitynames-fieldlikelihood" : 0.04342531786678855 }
