{ "name" : "default-best" , "score" : "0.2102149179313275" , "uni-attributes-/nn" : 0.0 , "uni-attributes-/nnp" : 0.04105675461923937 , "uni-attributes-fieldlikelihood" : 0.13504454508333616 , "uni-categories-/nn" : 0.22637906305699315 , "uni-categories-/nnp" : 0.0 , "uni-categories-fieldlikelihood" : 0.19389281075760317 , "uni-names-/nn" : 0.0 , "uni-names-/nnp" : 0.0 , "uni-names-fieldlikelihood" : 0.0 , "uni-outgoingentitynames-/nn" : 0.005125209472839464 , "uni-outgoingentitynames-/nnp" : 0.20952474750100708 , "uni-outgoingentitynames-fieldlikelihood" : 0.06970125083228632 , "uni-similarentitynames-/nn" : 0.0 , "uni-similarentitynames-/nnp" : 0.08508158765833622 , "uni-similarentitynames-fieldlikelihood" : 0.034194031018359085 }
