{ "name" : "default-best" , "score" : "0.1984911220796972" , "uni-attributes-/nn" : 0.0 , "uni-attributes-/nnp" : 0.06102536535575341 , "uni-attributes-fieldlikelihood" : 0.10186236369226301 , "uni-categories-/nn" : 0.25503750363597394 , "uni-categories-/nnp" : 0.0 , "uni-categories-fieldlikelihood" : 0.12157697276581193 , "uni-names-/nn" : 0.0 , "uni-names-/nnp" : 0.0 , "uni-names-fieldlikelihood" : 0.0 , "uni-outgoingentitynames-/nn" : 0.21251804842684627 , "uni-outgoingentitynames-/nnp" : 0.13088237145006848 , "uni-outgoingentitynames-fieldlikelihood" : 0.07422528268725377 , "uni-similarentitynames-/nn" : 0.0 , "uni-similarentitynames-/nnp" : 0.04287209198602925 , "uni-similarentitynames-fieldlikelihood" : 0.0 }
