{ "name" : "default-best" , "score" : "0.33685205740204516" , "uni-attributes-/nn" : 0.16303359585987381 , "uni-attributes-/nnp" : 0.0 , "uni-attributes-fieldlikelihood" : 0.170376112146484 , "uni-categories-/nn" : 0.0 , "uni-categories-/nnp" : 0.03819935114893174 , "uni-categories-fieldlikelihood" : 0.047064685286354706 , "uni-names-/nn" : 0.09831427357421244 , "uni-names-/nnp" : 0.05804795179442722 , "uni-names-fieldlikelihood" : 0.05387650847434785 , "uni-outgoingentitynames-/nn" : 0.0 , "uni-outgoingentitynames-/nnp" : 0.0 , "uni-outgoingentitynames-fieldlikelihood" : 0.013871688179226646 , "uni-similarentitynames-/nn" : 0.04515824084785834 , "uni-similarentitynames-/nnp" : 0.21575333379038666 , "uni-similarentitynames-fieldlikelihood" : 0.09630425889789669 }
