{ "name" : "default-best" , "score" : "0.3571202663757482" , "uni-attributes-/nn" : 0.11883785496096173 , "uni-attributes-/nnp" : 0.0 , "uni-attributes-fieldlikelihood" : 0.19344346968420237 , "uni-categories-/nn" : 0.0 , "uni-categories-/nnp" : 0.05346593092229857 , "uni-categories-fieldlikelihood" : 0.05903795523507212 , "uni-names-/nn" : 0.07991003167335521 , "uni-names-/nnp" : 0.13776456038868795 , "uni-names-fieldlikelihood" : 0.07943562917370413 , "uni-outgoingentitynames-/nn" : 0.0 , "uni-outgoingentitynames-/nnp" : 0.0 , "uni-outgoingentitynames-fieldlikelihood" : 0.0 , "uni-similarentitynames-/nn" : 0.0384864672390405 , "uni-similarentitynames-/nnp" : 0.09828110772280035 , "uni-similarentitynames-fieldlikelihood" : 0.14133699299987715 }
