{ "name" : "default-best" , "score" : "0.3450026698522804" , "uni-attributes-/nn" : 0.14372135785062282 , "uni-attributes-/nnp" : 0.09835868070266579 , "uni-attributes-fieldlikelihood" : 0.14398479071834477 , "uni-categories-/nn" : 0.0 , "uni-categories-/nnp" : 0.1991137581095136 , "uni-categories-fieldlikelihood" : 0.0078929150580133 , "uni-names-/nn" : 0.10488116536397435 , "uni-names-/nnp" : 0.025206678958011052 , "uni-names-fieldlikelihood" : 0.0562049604015233 , "uni-outgoingentitynames-/nn" : 0.0 , "uni-outgoingentitynames-/nnp" : 0.0 , "uni-outgoingentitynames-fieldlikelihood" : 0.002673608220348792 , "uni-similarentitynames-/nn" : 0.0103085173251888 , "uni-similarentitynames-/nnp" : 0.1004663667177229 , "uni-similarentitynames-fieldlikelihood" : 0.10718720057407047 }
