{ "name" : "default-best" , "score" : "0.3452288066919738" , "uni-attributes-/nn" : 0.12642196853319312 , "uni-attributes-/nnp" : 0.0742070533255715 , "uni-attributes-fieldlikelihood" : 0.17943318730010954 , "uni-categories-/nn" : 0.019381392357568788 , "uni-categories-/nnp" : 0.06996152544836072 , "uni-categories-fieldlikelihood" : 0.03976067253503696 , "uni-names-/nn" : 0.08293543159678506 , "uni-names-/nnp" : 0.032702383199349885 , "uni-names-fieldlikelihood" : 0.08332923273150447 , "uni-outgoingentitynames-/nn" : 0.01620618943996093 , "uni-outgoingentitynames-/nnp" : 0.0 , "uni-outgoingentitynames-fieldlikelihood" : 0.01315351239334985 , "uni-similarentitynames-/nn" : 0.0 , "uni-similarentitynames-/nnp" : 0.13264510781945907 , "uni-similarentitynames-fieldlikelihood" : 0.1298623433197501 }
