{ "name" : "default-best" , "score" : "0.3773511644228267" , "uni-attributes-/nn" : 0.15955124487030536 , "uni-attributes-/nnp" : 0.011569273356531273 , "uni-attributes-fieldlikelihood" : 0.15885660831882545 , "uni-categories-/nn" : 0.0 , "uni-categories-/nnp" : 0.11133630650766829 , "uni-categories-fieldlikelihood" : 0.031776026044454744 , "uni-names-/nn" : 0.11015192939007679 , "uni-names-/nnp" : 0.061584804353911386 , "uni-names-fieldlikelihood" : 0.06307895988973646 , "uni-outgoingentitynames-/nn" : 0.0 , "uni-outgoingentitynames-/nnp" : 0.0 , "uni-outgoingentitynames-fieldlikelihood" : 0.011181011015611256 , "uni-similarentitynames-/nn" : 0.05370808018161878 , "uni-similarentitynames-/nnp" : 0.11470017820616625 , "uni-similarentitynames-fieldlikelihood" : 0.1125055778650938 }
