{ "bi-attributes-/nnp" : 0.24872963795460612 , "bi-attributes-baselinetopscore" : 0.0655314911354873 , "bi-attributes-fieldlikelihood" : 0.03408515789240108 , "bi-categories-/nnp" : 0.0 , "bi-categories-baselinetopscore" : 0.1308937797597984 , "bi-categories-fieldlikelihood" : 0.09974007939862023 , "bi-names-/nnp" : 0.16378820985134024 , "bi-names-baselinetopscore" : 0.006455115874134899 , "bi-names-fieldlikelihood" : 0.02479560697963833 , "bi-outgoingentitynames-/nnp" : 0.0 , "bi-outgoingentitynames-baselinetopscore" : 0.08338263865464104 , "bi-outgoingentitynames-fieldlikelihood" : 0.0 , "bi-similarentitynames-/nnp" : 0.0 , "bi-similarentitynames-baselinetopscore" : 0.09652438680813742 , "bi-similarentitynames-fieldlikelihood" : 0.04607389569119462 , "name" : "default-best" , "score" : "0.07897769486472642" }
