{ "bi-attributes-/nnp" : 0.28615003421536467 , "bi-attributes-baselinetopscore" : 0.08750381993021475 , "bi-attributes-fieldlikelihood" : 0.0 , "bi-categories-/nnp" : 4.0423938922839836E-5 , "bi-categories-baselinetopscore" : 0.1431061713376501 , "bi-categories-fieldlikelihood" : 0.07999001272265102 , "bi-names-/nnp" : 0.1678088235835742 , "bi-names-baselinetopscore" : 0.02363818457986882 , "bi-names-fieldlikelihood" : 0.0 , "bi-outgoingentitynames-/nnp" : 0.0 , "bi-outgoingentitynames-baselinetopscore" : 0.009965711779196255 , "bi-outgoingentitynames-fieldlikelihood" : 0.03243634414885858 , "bi-similarentitynames-/nnp" : 0.039323668696316316 , "bi-similarentitynames-baselinetopscore" : 0.07517987652892298 , "bi-similarentitynames-fieldlikelihood" : 0.05485692853845949 , "name" : "default-best" , "score" : "0.07405184384030321" }
