{ "bi-attributes-/nnp" : 0.09160642084954627 , "bi-attributes-baselinetopscore" : 0.061051051086643444 , "bi-attributes-fieldlikelihood" : 0.017552177187409996 , "bi-categories-/nnp" : 0.0 , "bi-categories-baselinetopscore" : 0.1462232171040416 , "bi-categories-fieldlikelihood" : 0.10030878478070164 , "bi-names-/nnp" : 0.008534762906170577 , "bi-names-baselinetopscore" : 0.061051051086643444 , "bi-names-fieldlikelihood" : 0.07151041526975407 , "bi-outgoingentitynames-/nnp" : 0.0 , "bi-outgoingentitynames-baselinetopscore" : 0.061051051086643444 , "bi-outgoingentitynames-fieldlikelihood" : 0.0 , "bi-similarentitynames-/nnp" : 0.07890848352948665 , "bi-similarentitynames-baselinetopscore" : 0.14943263063462384 , "bi-similarentitynames-fieldlikelihood" : 0.15276995447833513 , "name" : "default-best" , "score" : "0.07639741732123742" }
