{ "bi-attributes-/nnp" : 0.014303127872960411 , "bi-attributes-baselinetopscore" : 0.0 , "bi-attributes-fieldlikelihood" : 0.15254978001011485 , "bi-categories-/nnp" : 0.2682858242539152 , "bi-categories-baselinetopscore" : 0.28527433503073235 , "bi-categories-fieldlikelihood" : 0.001436732235737483 , "bi-names-/nnp" : 0.0 , "bi-names-baselinetopscore" : 0.0 , "bi-names-fieldlikelihood" : 0.0 , "bi-outgoingentitynames-/nnp" : 0.07814479457745414 , "bi-outgoingentitynames-baselinetopscore" : 0.07737037698883975 , "bi-outgoingentitynames-fieldlikelihood" : 0.08709992698012728 , "bi-similarentitynames-/nnp" : 0.0 , "bi-similarentitynames-baselinetopscore" : 0.035535102050118665 , "bi-similarentitynames-fieldlikelihood" : 0.0 , "name" : "default-best" , "score" : "0.18049224586351634" }
