{ "bi-attributes-/nnp" : 0.0459287458569865 , "bi-attributes-baselinetopscore" : 0.0 , "bi-attributes-fieldlikelihood" : 0.19190151427442187 , "bi-categories-/nnp" : 0.08564415986098042 , "bi-categories-baselinetopscore" : 0.2539300151871469 , "bi-categories-fieldlikelihood" : 0.12507964727921744 , "bi-names-/nnp" : 0.0 , "bi-names-baselinetopscore" : 0.033961539459251996 , "bi-names-fieldlikelihood" : 0.0 , "bi-outgoingentitynames-/nnp" : 0.0865925362466347 , "bi-outgoingentitynames-baselinetopscore" : 0.016579344908258006 , "bi-outgoingentitynames-fieldlikelihood" : 0.12185391397057843 , "bi-similarentitynames-/nnp" : 0.0 , "bi-similarentitynames-baselinetopscore" : 0.03852858295652367 , "bi-similarentitynames-fieldlikelihood" : 0.0 , "name" : "default-best" , "score" : "0.2108276891974768" }
