{ "bi-attributes-/nnp" : 0.07882933464858757 , "bi-attributes-baselinetopscore" : 0.03887114914248856 , "bi-attributes-fieldlikelihood" : 0.0 , "bi-categories-/nnp" : 0.2538157301037899 , "bi-categories-baselinetopscore" : 0.12845983397600033 , "bi-categories-fieldlikelihood" : 0.07658694469104746 , "bi-names-/nnp" : 0.0 , "bi-names-baselinetopscore" : 0.0 , "bi-names-fieldlikelihood" : 0.002771068596459546 , "bi-outgoingentitynames-/nnp" : 0.16845918894164452 , "bi-outgoingentitynames-baselinetopscore" : 0.1306768246980884 , "bi-outgoingentitynames-fieldlikelihood" : 0.0 , "bi-similarentitynames-/nnp" : 0.0 , "bi-similarentitynames-baselinetopscore" : 0.12152992520189365 , "bi-similarentitynames-fieldlikelihood" : 0.0 , "name" : "default-best" , "score" : "0.1827977602023243" }
