{ "bi-attributes-/nnp" : 0.0 , "bi-attributes-baselinetopscore" : 0.0 , "bi-attributes-fieldlikelihood" : 0.01820473421408112 , "bi-categories-/nnp" : 0.08405959825045867 , "bi-categories-baselinetopscore" : 0.15340211051070027 , "bi-categories-fieldlikelihood" : 0.04579748419162843 , "bi-names-/nnp" : 0.0 , "bi-names-baselinetopscore" : 0.0 , "bi-names-fieldlikelihood" : 0.0 , "bi-outgoingentitynames-/nnp" : 0.3700596342592503 , "bi-outgoingentitynames-baselinetopscore" : 0.04783867431037196 , "bi-outgoingentitynames-fieldlikelihood" : 0.11934446870951215 , "bi-similarentitynames-/nnp" : 0.0 , "bi-similarentitynames-baselinetopscore" : 0.048980121202286966 , "bi-similarentitynames-fieldlikelihood" : 0.11231317435171036 , "name" : "default-best" , "score" : "0.19151179091198253" }
