{ "bi-attributes-/nnp" : 0.0603127355853992 , "bi-attributes-baselinetopscore" : 0.0 , "bi-attributes-fieldlikelihood" : 0.007347518080161672 , "bi-categories-/nnp" : 0.0 , "bi-categories-baselinetopscore" : 0.2907300276555698 , "bi-categories-fieldlikelihood" : 0.12155450809948834 , "bi-names-/nnp" : 0.0 , "bi-names-baselinetopscore" : 0.0 , "bi-names-fieldlikelihood" : 0.0 , "bi-outgoingentitynames-/nnp" : 0.18512049779324666 , "bi-outgoingentitynames-baselinetopscore" : 0.1098058652909351 , "bi-outgoingentitynames-fieldlikelihood" : 0.09050762687176649 , "bi-similarentitynames-/nnp" : 0.016017185806062036 , "bi-similarentitynames-baselinetopscore" : 0.009622604299896496 , "bi-similarentitynames-fieldlikelihood" : 0.10898143051747415 , "name" : "default-best" , "score" : "0.18101585446120588" }
