{ "bi-attributes-/nnp" : 0.1359634171536985 , "bi-attributes-baselinetopscore" : 0.0 , "bi-attributes-fieldlikelihood" : 0.004099910152412119 , "bi-categories-/nnp" : 0.061041792290803316 , "bi-categories-baselinetopscore" : 0.0692778991713046 , "bi-categories-fieldlikelihood" : 0.21197805180620247 , "bi-names-/nnp" : 0.0 , "bi-names-baselinetopscore" : 0.0 , "bi-names-fieldlikelihood" : 0.0 , "bi-outgoingentitynames-/nnp" : 0.21750813054424004 , "bi-outgoingentitynames-baselinetopscore" : 0.08203539366615756 , "bi-outgoingentitynames-fieldlikelihood" : 0.07348357075385488 , "bi-similarentitynames-/nnp" : 0.0 , "bi-similarentitynames-baselinetopscore" : 0.03638282651789973 , "bi-similarentitynames-fieldlikelihood" : 0.10822900794342699 , "name" : "default-best" , "score" : "0.16923321326140256" }
