{ "bi-attributes-/nnp" : 0.12567519373716526 , "bi-attributes-baselinetopscore" : 0.0 , "bi-attributes-fieldlikelihood" : 0.10716017079357984 , "bi-categories-/nnp" : 0.03929038507044914 , "bi-categories-baselinetopscore" : 0.05557042972815156 , "bi-categories-fieldlikelihood" : 0.034739394394454635 , "bi-names-/nnp" : 0.07587536427962946 , "bi-names-baselinetopscore" : 0.1669904828919843 , "bi-names-fieldlikelihood" : 0.0 , "bi-outgoingentitynames-/nnp" : 0.0 , "bi-outgoingentitynames-baselinetopscore" : 0.0 , "bi-outgoingentitynames-fieldlikelihood" : 0.0 , "bi-similarentitynames-/nnp" : 0.13813278130489562 , "bi-similarentitynames-baselinetopscore" : 0.25656579779969024 , "bi-similarentitynames-fieldlikelihood" : 0.0 , "name" : "default-best" , "score" : "0.31830527494278227" }
