{ "bi-attributes-/nnp" : 0.0 , "bi-attributes-baselinetopscore" : 0.10135894945331007 , "bi-attributes-fieldlikelihood" : 0.0 , "bi-categories-/nnp" : 0.14143316548460128 , "bi-categories-baselinetopscore" : 0.007469906141688584 , "bi-categories-fieldlikelihood" : 0.04605212297252588 , "bi-names-/nnp" : 0.12662620127264393 , "bi-names-baselinetopscore" : 0.1544042660835001 , "bi-names-fieldlikelihood" : 0.0 , "bi-outgoingentitynames-/nnp" : 0.07945232272633918 , "bi-outgoingentitynames-baselinetopscore" : 0.0 , "bi-outgoingentitynames-fieldlikelihood" : 0.0 , "bi-similarentitynames-/nnp" : 0.07082336648223418 , "bi-similarentitynames-baselinetopscore" : 0.15619556668212442 , "bi-similarentitynames-fieldlikelihood" : 0.11618413270103238 , "name" : "default-best" , "score" : "0.34145150915285194" }
