{ "bi-attributes-/nnp" : 0.14424466403320862 , "bi-attributes-baselinetopscore" : 0.07826483101649612 , "bi-attributes-fieldlikelihood" : 0.0 , "bi-categories-/nnp" : 0.10026702073718723 , "bi-categories-baselinetopscore" : 0.04846790924622076 , "bi-categories-fieldlikelihood" : 0.05527118506454229 , "bi-names-/nnp" : 0.08389424876574303 , "bi-names-baselinetopscore" : 0.0846390102257688 , "bi-names-fieldlikelihood" : 0.018431106162361405 , "bi-outgoingentitynames-/nnp" : 0.016532391632382855 , "bi-outgoingentitynames-baselinetopscore" : 0.0 , "bi-outgoingentitynames-fieldlikelihood" : 0.0 , "bi-similarentitynames-/nnp" : 0.19152347808152767 , "bi-similarentitynames-baselinetopscore" : 0.07875619181775113 , "bi-similarentitynames-fieldlikelihood" : 0.09970796321681007 , "name" : "default-best" , "score" : "0.28767072707677505" }
