{ "bi-attributes-/nnp" : 0.12243065801042184 , "bi-attributes-baselinetopscore" : 0.039910933341647914 , "bi-attributes-fieldlikelihood" : 0.06890677718351332 , "bi-categories-/nnp" : 0.1312004180207531 , "bi-categories-baselinetopscore" : 0.03973530792556096 , "bi-categories-fieldlikelihood" : 0.026455414154750338 , "bi-names-/nnp" : 0.05252791753768748 , "bi-names-baselinetopscore" : 0.10776683327924994 , "bi-names-fieldlikelihood" : 0.03374641884739106 , "bi-outgoingentitynames-/nnp" : 0.0 , "bi-outgoingentitynames-baselinetopscore" : 0.0 , "bi-outgoingentitynames-fieldlikelihood" : 0.007419900293535817 , "bi-similarentitynames-/nnp" : 0.12689771545314055 , "bi-similarentitynames-baselinetopscore" : 0.19959269010419733 , "bi-similarentitynames-fieldlikelihood" : 0.043409015848150344 , "name" : "default-best" , "score" : "0.298116924138486" }
