{ "name" : "default-best" , "score" : "0.11206680285036283" , "uni-attributes-/nns-only" : 0.1047400268525683 , "uni-attributes-fieldlikelihood" : 0.2088175601214766 , "uni-categories-/nns-only" : 0.25913908773050776 , "uni-categories-fieldlikelihood" : 0.11045666399456357 , "uni-names-/nns-only" : 2.412906196340676E-4 , "uni-names-fieldlikelihood" : 0.05658048661255083 , "uni-outgoingentitynames-/nns-only" : 0.1070477743167471 , "uni-outgoingentitynames-fieldlikelihood" : 0.0 , "uni-similarentitynames-/nns-only" : 0.14942613783385242 , "uni-similarentitynames-fieldlikelihood" : 0.003550971918099157 }
