{ "name" : "default-best" , "score" : "0.11804496703433913" , "uni-attributes-/nns-only" : 0.23166630054263643 , "uni-attributes-fieldlikelihood" : 0.22964457512095346 , "uni-categories-/nns-only" : 0.21425596232233854 , "uni-categories-fieldlikelihood" : 0.13385595265250783 , "uni-names-/nns-only" : 0.0 , "uni-names-fieldlikelihood" : 0.012250098256620752 , "uni-outgoingentitynames-/nns-only" : 0.029243608409224867 , "uni-outgoingentitynames-fieldlikelihood" : 0.0203678418394051 , "uni-similarentitynames-/nns-only" : 0.02456495643061195 , "uni-similarentitynames-fieldlikelihood" : 0.1041507044257012 }
