{ "name" : "default-best" , "score" : "0.12155860272366956" , "uni-attributes-/nns-only" : 0.25079994321594445 , "uni-attributes-fieldlikelihood" : 0.27004263192533634 , "uni-categories-/nns-only" : 0.07174512645049301 , "uni-categories-fieldlikelihood" : 0.1923219255826757 , "uni-names-/nns-only" : 0.05412629447764225 , "uni-names-fieldlikelihood" : 0.0 , "uni-outgoingentitynames-/nns-only" : 0.047738393603055256 , "uni-outgoingentitynames-fieldlikelihood" : 0.0 , "uni-similarentitynames-/nns-only" : 0.0 , "uni-similarentitynames-fieldlikelihood" : 0.11322568474485291 }
