{ "name" : "default-best" , "score" : "0.2031740820741734" , "uni-attributes-/nns-only" : 0.037850606591772924 , "uni-attributes-fieldlikelihood" : 0.30485760506676574 , "uni-categories-/nns-only" : 0.23235780178625887 , "uni-categories-fieldlikelihood" : 0.35651972285741024 , "uni-names-/nns-only" : 0.0 , "uni-names-fieldlikelihood" : 0.0 , "uni-outgoingentitynames-/nns-only" : 0.0 , "uni-outgoingentitynames-fieldlikelihood" : 0.05376463531842369 , "uni-similarentitynames-/nns-only" : 0.0 , "uni-similarentitynames-fieldlikelihood" : 0.01464962837936869 }
