{ "name" : "default-best" , "score" : "0.18476932865319956" , "uni-attributes-/nns-only" : 0.2900621293609871 , "uni-attributes-fieldlikelihood" : 0.2367922719935257 , "uni-categories-/nns-only" : 0.0703924582669856 , "uni-categories-fieldlikelihood" : 0.3361942019814359 , "uni-names-/nns-only" : 0.0 , "uni-names-fieldlikelihood" : 0.0 , "uni-outgoingentitynames-/nns-only" : 0.0 , "uni-outgoingentitynames-fieldlikelihood" : 0.04064002191370786 , "uni-similarentitynames-/nns-only" : 0.0 , "uni-similarentitynames-fieldlikelihood" : 0.025918916483357833 }
