{ "name" : "default-best" , "score" : "0.17949449510711196" , "uni-attributes-/nns-only" : 0.28254384095526097 , "uni-attributes-fieldlikelihood" : 0.19057132197536186 , "uni-categories-/nns-only" : 0.24404978626761786 , "uni-categories-fieldlikelihood" : 0.18870025969380935 , "uni-names-/nns-only" : 0.0 , "uni-names-fieldlikelihood" : 0.0 , "uni-outgoingentitynames-/nns-only" : 0.0 , "uni-outgoingentitynames-fieldlikelihood" : 0.027022924962619373 , "uni-similarentitynames-/nns-only" : 0.058825259567599826 , "uni-similarentitynames-fieldlikelihood" : 0.008286606577730782 }
