{ "name" : "default-best" , "score" : "0.34803631521583267" , "uni-attributes-/nns-only" : 0.0388858907666257 , "uni-attributes-fieldlikelihood" : 0.1652377164197794 , "uni-categories-/nns-only" : 0.12412898214931196 , "uni-categories-fieldlikelihood" : 0.04102217837115648 , "uni-names-/nns-only" : 0.08920776053571726 , "uni-names-fieldlikelihood" : 0.10027628847882059 , "uni-outgoingentitynames-/nns-only" : 0.05021042042184265 , "uni-outgoingentitynames-fieldlikelihood" : 0.016131145605632346 , "uni-similarentitynames-/nns-only" : 0.26508485855091307 , "uni-similarentitynames-fieldlikelihood" : 0.10981475870020042 }
