{ "name" : "default-best" , "score" : "0.337932867349647" , "uni-attributes-/nns-only" : 0.12905863353960864 , "uni-attributes-fieldlikelihood" : 0.2349777663754047 , "uni-categories-/nns-only" : 0.018805543458550393 , "uni-categories-fieldlikelihood" : 0.0358925396057542 , "uni-names-/nns-only" : 0.07424924060460118 , "uni-names-fieldlikelihood" : 0.1068879340100881 , "uni-outgoingentitynames-/nns-only" : 0.08462549911310578 , "uni-outgoingentitynames-fieldlikelihood" : 0.012310835450950795 , "uni-similarentitynames-/nns-only" : 0.16045385737186094 , "uni-similarentitynames-fieldlikelihood" : 0.14273815047007518 }
