{ "name" : "default-best" , "score" : "0.33278404792230004" , "uni-attributes-/nns-only" : 0.0 , "uni-attributes-fieldlikelihood" : 0.19063365212062078 , "uni-categories-/nns-only" : 0.11315180524868022 , "uni-categories-fieldlikelihood" : 0.03965940816655288 , "uni-names-/nns-only" : 0.1374466828715401 , "uni-names-fieldlikelihood" : 0.12189078007363131 , "uni-outgoingentitynames-/nns-only" : 0.04777052136650875 , "uni-outgoingentitynames-fieldlikelihood" : 0.021108341932892318 , "uni-similarentitynames-/nns-only" : 0.19146544759039524 , "uni-similarentitynames-fieldlikelihood" : 0.13687336062917838 }
