{ "bi-attributes-/nns" : 0.010589185179218997 , "bi-attributes-baselinetopscore" : 0.07598511662128095 , "bi-attributes-fieldlikelihood" : 0.10393315174681259 , "bi-categories-/nns" : 0.11217640141888154 , "bi-categories-baselinetopscore" : 0.1296190661958669 , "bi-categories-fieldlikelihood" : 0.06150778176625179 , "bi-names-/nns" : 0.030362802693762556 , "bi-names-baselinetopscore" : 0.1005671683800297 , "bi-names-fieldlikelihood" : 0.041532729375240135 , "bi-outgoingentitynames-/nns" : 0.10223467175635997 , "bi-outgoingentitynames-baselinetopscore" : 0.02860607886070085 , "bi-outgoingentitynames-fieldlikelihood" : 0.0 , "bi-similarentitynames-/nns" : 0.04912180567513333 , "bi-similarentitynames-baselinetopscore" : 0.10643937554009994 , "bi-similarentitynames-fieldlikelihood" : 0.04732466479036078 , "name" : "default-best" , "score" : "0.06579570722774078" }
