{ "bi-attributes-/nns" : 0.06481233775115439 , "bi-attributes-baselinetopscore" : 0.07630040793497112 , "bi-attributes-fieldlikelihood" : 0.0 , "bi-categories-/nns" : 0.14645832001503925 , "bi-categories-baselinetopscore" : 0.15060514443949582 , "bi-categories-fieldlikelihood" : 0.029359490941948813 , "bi-names-/nns" : 0.0 , "bi-names-baselinetopscore" : 0.005111661265775376 , "bi-names-fieldlikelihood" : 0.11695839716183043 , "bi-outgoingentitynames-/nns" : 0.09580886121053941 , "bi-outgoingentitynames-baselinetopscore" : 0.0 , "bi-outgoingentitynames-fieldlikelihood" : 0.0 , "bi-similarentitynames-/nns" : 0.1186262335737058 , "bi-similarentitynames-baselinetopscore" : 0.16199758103980544 , "bi-similarentitynames-fieldlikelihood" : 0.03396156466573433 , "name" : "default-best" , "score" : "0.07410047002011368" }
