{ "bi-attributes-/nns" : 0.057644621671544875 , "bi-attributes-baselinetopscore" : 0.05927267411528044 , "bi-attributes-fieldlikelihood" : 0.11986345770535842 , "bi-categories-/nns" : 0.16884947378911894 , "bi-categories-baselinetopscore" : 0.2679515717589264 , "bi-categories-fieldlikelihood" : 0.07972183874075522 , "bi-names-/nns" : 0.034173256611190875 , "bi-names-baselinetopscore" : 0.0 , "bi-names-fieldlikelihood" : 0.0 , "bi-outgoingentitynames-/nns" : 0.0 , "bi-outgoingentitynames-baselinetopscore" : 0.17418798926681442 , "bi-outgoingentitynames-fieldlikelihood" : 0.0 , "bi-similarentitynames-/nns" : 0.03833511634101036 , "bi-similarentitynames-baselinetopscore" : 0.0 , "bi-similarentitynames-fieldlikelihood" : 0.0 , "name" : "default-best" , "score" : "0.18346170192348624" }
