{ "bi-attributes-/nns" : 0.0 , "bi-attributes-baselinetopscore" : 0.03921696724554878 , "bi-attributes-fieldlikelihood" : 0.0 , "bi-categories-/nns" : 0.339431305645399 , "bi-categories-baselinetopscore" : 0.17213125211311897 , "bi-categories-fieldlikelihood" : 0.21498874455953687 , "bi-names-/nns" : 0.0 , "bi-names-baselinetopscore" : 0.0 , "bi-names-fieldlikelihood" : 0.0 , "bi-outgoingentitynames-/nns" : 0.1059282488455334 , "bi-outgoingentitynames-baselinetopscore" : 0.06522323228665625 , "bi-outgoingentitynames-fieldlikelihood" : 0.03021837874185269 , "bi-similarentitynames-/nns" : 0.0 , "bi-similarentitynames-baselinetopscore" : 0.01147562660724439 , "bi-similarentitynames-fieldlikelihood" : 0.021386243955109706 , "name" : "default-best" , "score" : "0.17889218419689135" }
