{ "bi-attributes-/nns" : 0.12867701624905506 , "bi-attributes-baselinetopscore" : 0.06480610541372668 , "bi-attributes-fieldlikelihood" : 0.0 , "bi-categories-/nns" : 0.12181880457631628 , "bi-categories-baselinetopscore" : 0.047388146885282596 , "bi-categories-fieldlikelihood" : 0.009697830818130304 , "bi-names-/nns" : 0.13237784731775526 , "bi-names-baselinetopscore" : 0.05436438480258665 , "bi-names-fieldlikelihood" : 0.029803683336601428 , "bi-outgoingentitynames-/nns" : 0.13290352387890608 , "bi-outgoingentitynames-baselinetopscore" : 0.0 , "bi-outgoingentitynames-fieldlikelihood" : 0.0 , "bi-similarentitynames-/nns" : 0.12185292137460757 , "bi-similarentitynames-baselinetopscore" : 0.11924055652505483 , "bi-similarentitynames-fieldlikelihood" : 0.03706917882197715 , "name" : "default-best" , "score" : "0.2980495882350204" }
