{ "name" : "default-best" , "score" : "0.12258423402389589" , "uni-attributes-/const" : 0.103828130777775 , "uni-attributes-/nnp" : 0.2575792451513786 , "uni-attributes-fieldlikelihood" : 0.18050452235476264 , "uni-categories-/const" : 0.07860993800076878 , "uni-categories-/nnp" : 0.0 , "uni-categories-fieldlikelihood" : 0.12113052758543934 , "uni-names-/const" : 0.006743389737003388 , "uni-names-/nnp" : 0.09685389685399165 , "uni-names-fieldlikelihood" : 0.0 , "uni-outgoingentitynames-/const" : 0.0 , "uni-outgoingentitynames-/nnp" : 0.04190866039343944 , "uni-outgoingentitynames-fieldlikelihood" : 0.0 , "uni-similarentitynames-/const" : 0.040408441751085745 , "uni-similarentitynames-/nnp" : 0.016512030154846747 , "uni-similarentitynames-fieldlikelihood" : 0.055921217239508825 }
