{ "name" : "default-best" , "score" : "0.11836840219974624" , "uni-attributes-/const" : 0.13705351655318293 , "uni-attributes-/nnp" : 0.32379967127560866 , "uni-attributes-fieldlikelihood" : 0.12840056041383727 , "uni-categories-/const" : 0.10497491573755484 , "uni-categories-/nnp" : 0.0 , "uni-categories-fieldlikelihood" : 8.014715589289333E-4 , "uni-names-/const" : 0.0 , "uni-names-/nnp" : 0.15301959496238152 , "uni-names-fieldlikelihood" : 0.12251205007139318 , "uni-outgoingentitynames-/const" : 0.0 , "uni-outgoingentitynames-/nnp" : 0.0 , "uni-outgoingentitynames-fieldlikelihood" : 0.0 , "uni-similarentitynames-/const" : 0.0 , "uni-similarentitynames-/nnp" : 0.0 , "uni-similarentitynames-fieldlikelihood" : 0.029438219427112524 }
