{ "name" : "default-best" , "score" : "0.12630777947869815" , "uni-attributes-/const" : 0.11719989754867582 , "uni-attributes-/nnp" : 0.3130939719830897 , "uni-attributes-fieldlikelihood" : 0.1520111132082642 , "uni-categories-/const" : 0.12791776958858717 , "uni-categories-/nnp" : 0.0 , "uni-categories-fieldlikelihood" : 0.0 , "uni-names-/const" : 0.014669108433905818 , "uni-names-/nnp" : 0.07647164701527813 , "uni-names-fieldlikelihood" : 0.0 , "uni-outgoingentitynames-/const" : 0.0 , "uni-outgoingentitynames-/nnp" : 0.044788577672064615 , "uni-outgoingentitynames-fieldlikelihood" : 0.023641642535191108 , "uni-similarentitynames-/const" : 0.0 , "uni-similarentitynames-/nnp" : 0.0 , "uni-similarentitynames-fieldlikelihood" : 0.13020627201494347 }
