{ "name" : "default-best" , "score" : "0.12861264437624528" , "uni-attributes-/const" : 0.1888218216441816 , "uni-attributes-/nnp" : 0.21168430169600136 , "uni-attributes-fieldlikelihood" : 0.19604111417152983 , "uni-categories-/const" : 0.13523287487880264 , "uni-categories-/nnp" : 0.0 , "uni-categories-fieldlikelihood" : 0.07792165332323724 , "uni-names-/const" : 0.0 , "uni-names-/nnp" : 0.05660441010824404 , "uni-names-fieldlikelihood" : 0.0 , "uni-outgoingentitynames-/const" : 0.0 , "uni-outgoingentitynames-/nnp" : 0.0 , "uni-outgoingentitynames-fieldlikelihood" : 0.0 , "uni-similarentitynames-/const" : 0.10180108356024704 , "uni-similarentitynames-/nnp" : 0.0 , "uni-similarentitynames-fieldlikelihood" : 0.0318927406177561 }
