{ "name" : "default-best" , "score" : "0.2088120131160915" , "uni-attributes-/const" : 0.12814338033326486 , "uni-attributes-/nnp" : 0.12841017708028893 , "uni-attributes-fieldlikelihood" : 0.08258640989012955 , "uni-categories-/const" : 0.12706027028328193 , "uni-categories-/nnp" : 0.22228014309476624 , "uni-categories-fieldlikelihood" : 0.217789563055284 , "uni-names-/const" : 0.0 , "uni-names-/nnp" : 0.0 , "uni-names-fieldlikelihood" : 0.0 , "uni-outgoingentitynames-/const" : 0.0 , "uni-outgoingentitynames-/nnp" : 0.07498404501038768 , "uni-outgoingentitynames-fieldlikelihood" : 0.0 , "uni-similarentitynames-/const" : 0.01874601125259692 , "uni-similarentitynames-/nnp" : 0.0 , "uni-similarentitynames-fieldlikelihood" : 0.0 }
