{ "name" : "default-best" , "score" : "0.21585879572451186" , "uni-attributes-/const" : 0.10253881634812789 , "uni-attributes-/nnp" : 0.15644049722496223 , "uni-attributes-fieldlikelihood" : 0.1474883689780038 , "uni-categories-/const" : 0.15392499411997249 , "uni-categories-/nnp" : 0.11879458357153157 , "uni-categories-fieldlikelihood" : 0.23475463575344044 , "uni-names-/const" : 0.0 , "uni-names-/nnp" : 0.0 , "uni-names-fieldlikelihood" : 0.0 , "uni-outgoingentitynames-/const" : 0.0 , "uni-outgoingentitynames-/nnp" : 0.0609162932297189 , "uni-outgoingentitynames-fieldlikelihood" : 0.010935099335245873 , "uni-similarentitynames-/const" : 0.0 , "uni-similarentitynames-/nnp" : 0.0 , "uni-similarentitynames-fieldlikelihood" : 0.014206711438996825 }
