{ "name" : "default-best" , "score" : "0.2050344507978189" , "uni-attributes-/const" : 0.12169524179672768 , "uni-attributes-/nnp" : 0.11627352506537231 , "uni-attributes-fieldlikelihood" : 0.12182558253886128 , "uni-categories-/const" : 0.16044994736233653 , "uni-categories-/nnp" : 0.1642919476480852 , "uni-categories-fieldlikelihood" : 0.20962967001136687 , "uni-names-/const" : 0.0 , "uni-names-/nnp" : 0.0 , "uni-names-fieldlikelihood" : 0.03614479989180919 , "uni-outgoingentitynames-/const" : 0.0 , "uni-outgoingentitynames-/nnp" : 0.06968928568544083 , "uni-outgoingentitynames-fieldlikelihood" : 0.0 , "uni-similarentitynames-/const" : 0.0 , "uni-similarentitynames-/nnp" : 0.0 , "uni-similarentitynames-fieldlikelihood" : 0.0 }
