{ "name" : "default-best" , "score" : "0.1893231322581563" , "uni-attributes-/const" : 0.0624300839939642 , "uni-attributes-/nnp" : 0.09620669821213056 , "uni-attributes-fieldlikelihood" : 0.21132863238279084 , "uni-categories-/const" : 0.12362865614406848 , "uni-categories-/nnp" : 0.18963943987641452 , "uni-categories-fieldlikelihood" : 0.21179708312460882 , "uni-names-/const" : 0.0 , "uni-names-/nnp" : 0.0 , "uni-names-fieldlikelihood" : 0.0 , "uni-outgoingentitynames-/const" : 0.0 , "uni-outgoingentitynames-/nnp" : 0.05065223043705277 , "uni-outgoingentitynames-fieldlikelihood" : 0.0 , "uni-similarentitynames-/const" : 0.043300130252204326 , "uni-similarentitynames-/nnp" : 0.0 , "uni-similarentitynames-fieldlikelihood" : 0.011017045576765482 }
