{ "name" : "default-best" , "score" : "0.184675799915539" , "uni-attributes-/const" : 0.17554224268538196 , "uni-attributes-/nnp" : 0.005695954374335091 , "uni-attributes-fieldlikelihood" : 0.14614527509113684 , "uni-categories-/const" : 0.10156810510584709 , "uni-categories-/nnp" : 0.22707886226478785 , "uni-categories-fieldlikelihood" : 0.2507189371956538 , "uni-names-/const" : 0.0 , "uni-names-/nnp" : 0.0 , "uni-names-fieldlikelihood" : 0.0 , "uni-outgoingentitynames-/const" : 0.0 , "uni-outgoingentitynames-/nnp" : 0.054602824449165935 , "uni-outgoingentitynames-fieldlikelihood" : 0.0 , "uni-similarentitynames-/const" : 0.0 , "uni-similarentitynames-/nnp" : 0.0 , "uni-similarentitynames-fieldlikelihood" : 0.03864779883369143 }
