{ "name" : "default-best" , "score" : "0.19128802338627432" , "uni-attributes-/const" : 0.06533849496266139 , "uni-attributes-/nnp" : 0.07072574439088336 , "uni-attributes-fieldlikelihood" : 0.1849736713685822 , "uni-categories-/const" : 0.13009781089954586 , "uni-categories-/nnp" : 0.019633042984256412 , "uni-categories-fieldlikelihood" : 0.033819602873980906 , "uni-names-/const" : 0.0 , "uni-names-/nnp" : 0.0 , "uni-names-fieldlikelihood" : 0.0 , "uni-outgoingentitynames-/const" : 0.021101378666045265 , "uni-outgoingentitynames-/nnp" : 0.1811734647581248 , "uni-outgoingentitynames-fieldlikelihood" : 0.12744163657587565 , "uni-similarentitynames-/const" : 0.012504277979065136 , "uni-similarentitynames-/nnp" : 0.12730146906539175 , "uni-similarentitynames-fieldlikelihood" : 0.02588940547558742 }
