{ "name" : "default-best" , "score" : "0.1969086981668652" , "uni-attributes-/const" : 0.04624803814146677 , "uni-attributes-/nnp" : 0.0 , "uni-attributes-fieldlikelihood" : 0.08621154126032864 , "uni-categories-/const" : 0.13117228017430166 , "uni-categories-/nnp" : 0.016002952548808458 , "uni-categories-fieldlikelihood" : 0.2082967572413979 , "uni-names-/const" : 0.0 , "uni-names-/nnp" : 0.0 , "uni-names-fieldlikelihood" : 0.0 , "uni-outgoingentitynames-/const" : 0.04427968214859682 , "uni-outgoingentitynames-/nnp" : 0.31177292715482957 , "uni-outgoingentitynames-fieldlikelihood" : 0.015942770935975785 , "uni-similarentitynames-/const" : 0.0 , "uni-similarentitynames-/nnp" : 0.1400730503942945 , "uni-similarentitynames-fieldlikelihood" : 0.0 }
