{ "name" : "default-best" , "score" : "0.1857097728132408" , "uni-attributes-/const" : 0.16855655012744955 , "uni-attributes-/nnp" : 0.021149473849108844 , "uni-attributes-fieldlikelihood" : 0.145609280790827 , "uni-categories-/const" : 0.020823100573448383 , "uni-categories-/nnp" : 0.13569483776259605 , "uni-categories-fieldlikelihood" : 0.0 , "uni-names-/const" : 0.0 , "uni-names-/nnp" : 0.0 , "uni-names-fieldlikelihood" : 0.0 , "uni-outgoingentitynames-/const" : 0.1734528212059694 , "uni-outgoingentitynames-/nnp" : 0.18894006051615175 , "uni-outgoingentitynames-fieldlikelihood" : 0.05783853621356745 , "uni-similarentitynames-/const" : 0.056111419518341914 , "uni-similarentitynames-/nnp" : 0.0 , "uni-similarentitynames-fieldlikelihood" : 0.03182391944253959 }
