{ "name" : "default-best" , "score" : "0.19218315802179772" , "uni-attributes-/const" : 0.124158739048601 , "uni-attributes-/nnp" : 0.0 , "uni-attributes-fieldlikelihood" : 0.2031161921555486 , "uni-categories-/const" : 0.08700438130056978 , "uni-categories-/nnp" : 0.0 , "uni-categories-fieldlikelihood" : 0.1487131494081262 , "uni-names-/const" : 0.0 , "uni-names-/nnp" : 0.0 , "uni-names-fieldlikelihood" : 0.0 , "uni-outgoingentitynames-/const" : 0.05890752661311934 , "uni-outgoingentitynames-/nnp" : 0.14519738172895097 , "uni-outgoingentitynames-fieldlikelihood" : 0.10163873557318369 , "uni-similarentitynames-/const" : 0.04171457874784308 , "uni-similarentitynames-/nnp" : 0.04065833750743593 , "uni-similarentitynames-fieldlikelihood" : 0.04889097791662141 }
