{ "name" : "default-best" , "score" : "0.15731287040343803" , "uni-attributes-/const" : 0.1593665172661163 , "uni-attributes-/nnp" : 0.04888660382472308 , "uni-attributes-fieldlikelihood" : 0.18589030331153525 , "uni-categories-/const" : 0.11754234354862281 , "uni-categories-/nnp" : 0.0 , "uni-categories-fieldlikelihood" : 0.06735400466609827 , "uni-names-/const" : 0.0 , "uni-names-/nnp" : 0.0 , "uni-names-fieldlikelihood" : 0.0 , "uni-outgoingentitynames-/const" : 0.11403856301251329 , "uni-outgoingentitynames-/nnp" : 0.18800577023597312 , "uni-outgoingentitynames-fieldlikelihood" : 0.09999635863185147 , "uni-similarentitynames-/const" : 0.0 , "uni-similarentitynames-/nnp" : 0.0 , "uni-similarentitynames-fieldlikelihood" : 0.018919535502566413 }
