{ "name" : "default-best" , "score" : "0.3707425667361364" , "uni-attributes-/const" : 0.1274635005118023 , "uni-attributes-/nnp" : 0.0 , "uni-attributes-fieldlikelihood" : 0.17782316981824944 , "uni-categories-/const" : 0.0 , "uni-categories-/nnp" : 0.10143197357422838 , "uni-categories-fieldlikelihood" : 0.04865305278121706 , "uni-names-/const" : 0.1144901613322912 , "uni-names-/nnp" : 0.0 , "uni-names-fieldlikelihood" : 0.04307287518460259 , "uni-outgoingentitynames-/const" : 0.0 , "uni-outgoingentitynames-/nnp" : 0.0 , "uni-outgoingentitynames-fieldlikelihood" : 0.03672685811936063 , "uni-similarentitynames-/const" : 0.0 , "uni-similarentitynames-/nnp" : 0.10868947542952785 , "uni-similarentitynames-fieldlikelihood" : 0.24164893324872047 }
