{ "name" : "default-best" , "score" : "0.3543545707761989" , "uni-attributes-/const" : 0.097290926288818 , "uni-attributes-/nnp" : 0.012488538548005346 , "uni-attributes-fieldlikelihood" : 0.20171286820160003 , "uni-categories-/const" : 0.0 , "uni-categories-/nnp" : 0.08085843625355818 , "uni-categories-fieldlikelihood" : 0.06275141923539954 , "uni-names-/const" : 0.03006907587936088 , "uni-names-/nnp" : 0.087075638454599 , "uni-names-fieldlikelihood" : 0.0958882436103855 , "uni-outgoingentitynames-/const" : 0.0 , "uni-outgoingentitynames-/nnp" : 0.0 , "uni-outgoingentitynames-fieldlikelihood" : 0.011354921872140636 , "uni-similarentitynames-/const" : 0.06532784552412256 , "uni-similarentitynames-/nnp" : 0.13738434974301092 , "uni-similarentitynames-fieldlikelihood" : 0.11779773638899954 }
