{ "name" : "default-best" , "score" : "0.3400503888957561" , "uni-attributes-/const" : 0.2063048169510959 , "uni-attributes-/nnp" : 0.0 , "uni-attributes-fieldlikelihood" : 0.07419855197730116 , "uni-categories-/const" : 0.0 , "uni-categories-/nnp" : 0.10133469805228525 , "uni-categories-fieldlikelihood" : 0.06333939322113807 , "uni-names-/const" : 0.10669696556257176 , "uni-names-/nnp" : 0.1029332480678597 , "uni-names-fieldlikelihood" : 0.0 , "uni-outgoingentitynames-/const" : 0.007507994852694381 , "uni-outgoingentitynames-/nnp" : 0.0 , "uni-outgoingentitynames-fieldlikelihood" : 0.0 , "uni-similarentitynames-/const" : 0.04590586992009556 , "uni-similarentitynames-/nnp" : 0.14494725773871162 , "uni-similarentitynames-fieldlikelihood" : 0.14683120365624686 }
