{ "name" : "default-best" , "score" : "0.34113785981624023" , "uni-attributes-/const" : 0.09443727665964631 , "uni-attributes-/nnp" : 0.05905771194080847 , "uni-attributes-fieldlikelihood" : 0.152020108690925 , "uni-categories-/const" : 0.0 , "uni-categories-/nnp" : 0.11462868917572702 , "uni-categories-fieldlikelihood" : 0.030886113670307348 , "uni-names-/const" : 0.09433806005300004 , "uni-names-/nnp" : 0.019838709647650086 , "uni-names-fieldlikelihood" : 0.06274959503195088 , "uni-outgoingentitynames-/const" : 0.0 , "uni-outgoingentitynames-/nnp" : 0.00820038507902198 , "uni-outgoingentitynames-fieldlikelihood" : 0.032858974610910634 , "uni-similarentitynames-/const" : 0.06617313526993422 , "uni-similarentitynames-/nnp" : 0.21496948126545024 , "uni-similarentitynames-fieldlikelihood" : 0.04984175890466778 }
