{ "name" : "default-best" , "score" : "0.33758051281287654" , "uni-attributes-/const" : 0.1434396919125206 , "uni-attributes-/nnp" : 0.006233120183476241 , "uni-attributes-fieldlikelihood" : 0.13876519342832372 , "uni-categories-/const" : 0.0 , "uni-categories-/nnp" : 0.08272707703329753 , "uni-categories-fieldlikelihood" : 0.0452922935038227 , "uni-names-/const" : 0.06234208386576352 , "uni-names-/nnp" : 0.005970745508983918 , "uni-names-fieldlikelihood" : 0.1428682259666551 , "uni-outgoingentitynames-/const" : 0.011296484825666205 , "uni-outgoingentitynames-/nnp" : 0.0 , "uni-outgoingentitynames-fieldlikelihood" : 0.0 , "uni-similarentitynames-/const" : 0.08758746328409463 , "uni-similarentitynames-/nnp" : 0.25986600422487294 , "uni-similarentitynames-fieldlikelihood" : 0.01361161626252291 }
