{ "bi-attributes-/nnp" : 0.1577422974958984 , "bi-attributes-/nns" : 0.0 , "bi-attributes-/np-part" : 0.06424894579862113 , "bi-attributes-baselinetopscore" : 0.032124472899310565 , "bi-attributes-fieldlikelihood" : 0.032124472899310565 , "bi-categories-/nnp" : 0.0 , "bi-categories-/nns" : 0.1508791395358744 , "bi-categories-/np-part" : 0.06424894579862113 , "bi-categories-baselinetopscore" : 0.06424894579862113 , "bi-categories-fieldlikelihood" : 0.0 , "bi-names-/nnp" : 0.11198733940167639 , "bi-names-/nns" : 0.045465136764814534 , "bi-names-/np-part" : 0.04483497589981844 , "bi-names-baselinetopscore" : 0.019188951552536297 , "bi-names-fieldlikelihood" : 0.0 , "bi-outgoingentitynames-/nnp" : 0.0 , "bi-outgoingentitynames-/nns" : 0.10491559060571269 , "bi-outgoingentitynames-/np-part" : 0.0 , "bi-outgoingentitynames-baselinetopscore" : 0.0 , "bi-outgoingentitynames-fieldlikelihood" : 0.0 , "bi-similarentitynames-/nnp" : 0.0 , "bi-similarentitynames-/nns" : 0.032124472899310565 , "bi-similarentitynames-/np-part" : 0.0 , "bi-similarentitynames-baselinetopscore" : 0.06424894579862113 , "bi-similarentitynames-fieldlikelihood" : 0.011617366851252703 , "name" : "default-best" , "score" : "0.08373089255901506" }
