{ "bi-attributes-/nnp" : 0.12061441748072721 , "bi-attributes-/nns" : 0.019108602553594853 , "bi-attributes-/np-part" : 0.0 , "bi-attributes-baselinetopscore" : 0.01610128067559457 , "bi-attributes-fieldlikelihood" : 0.10280253639707002 , "bi-categories-/nnp" : 0.0 , "bi-categories-/nns" : 0.13192331487773112 , "bi-categories-/np-part" : 0.0 , "bi-categories-baselinetopscore" : 0.09489104034976241 , "bi-categories-fieldlikelihood" : 0.044180337942128826 , "bi-names-/nnp" : 0.10273123352156369 , "bi-names-/nns" : 0.0 , "bi-names-/np-part" : 0.017224201537636305 , "bi-names-baselinetopscore" : 0.010329952461383239 , "bi-names-fieldlikelihood" : 0.0 , "bi-outgoingentitynames-/nnp" : 0.0 , "bi-outgoingentitynames-/nns" : 0.07053596526812243 , "bi-outgoingentitynames-/np-part" : 0.0 , "bi-outgoingentitynames-baselinetopscore" : 0.03118323893740458 , "bi-outgoingentitynames-fieldlikelihood" : 0.0365535791905818 , "bi-similarentitynames-/nnp" : 0.02202860584774258 , "bi-similarentitynames-/nns" : 0.12274288542581979 , "bi-similarentitynames-/np-part" : 0.0 , "bi-similarentitynames-baselinetopscore" : 0.05704880753313659 , "bi-similarentitynames-fieldlikelihood" : 0.0 , "name" : "default-best" , "score" : "0.07808242541259125" }
