{ "bi-attributes-/nnp" : 0.1654840184983611 , "bi-attributes-/nns" : 0.0 , "bi-attributes-/np-part" : 0.06756717340144446 , "bi-attributes-baselinetopscore" : 0.05093352424786593 , "bi-attributes-fieldlikelihood" : 0.0 , "bi-categories-/nnp" : 0.0 , "bi-categories-/nns" : 0.1313874082789412 , "bi-categories-/np-part" : 0.04205905893228995 , "bi-categories-baselinetopscore" : 0.16343327629297205 , "bi-categories-fieldlikelihood" : 0.0 , "bi-names-/nnp" : 0.011411889091321624 , "bi-names-/nns" : 0.0 , "bi-names-/np-part" : 0.04183030686227809 , "bi-names-baselinetopscore" : 0.0 , "bi-names-fieldlikelihood" : 0.015101369832021518 , "bi-outgoingentitynames-/nnp" : 0.0 , "bi-outgoingentitynames-/nns" : 0.02735087683145763 , "bi-outgoingentitynames-/np-part" : 0.0 , "bi-outgoingentitynames-baselinetopscore" : 0.006631914238302179 , "bi-outgoingentitynames-fieldlikelihood" : 0.0 , "bi-similarentitynames-/nnp" : 0.10560533128896848 , "bi-similarentitynames-/nns" : 0.0 , "bi-similarentitynames-/np-part" : 0.0 , "bi-similarentitynames-baselinetopscore" : 0.1183233463577602 , "bi-similarentitynames-fieldlikelihood" : 0.05288050584601548 , "name" : "default-best" , "score" : "0.08211333344584085" }
