{ "bi-attributes-/nnp" : 0.03680485689961661 , "bi-attributes-/nns" : 0.08760062930750871 , "bi-attributes-/np-part" : 0.08760062930750871 , "bi-attributes-baselinetopscore" : 0.043800314653754356 , "bi-attributes-fieldlikelihood" : 0.043800314653754356 , "bi-categories-/nnp" : 0.0 , "bi-categories-/nns" : 0.13521967692655631 , "bi-categories-/np-part" : 0.03693184633063634 , "bi-categories-baselinetopscore" : 0.13585661309500618 , "bi-categories-fieldlikelihood" : 0.08760062930750871 , "bi-names-/nnp" : 0.0 , "bi-names-/nns" : 0.0 , "bi-names-/np-part" : 0.0 , "bi-names-baselinetopscore" : 0.0 , "bi-names-fieldlikelihood" : 0.0 , "bi-outgoingentitynames-/nnp" : 0.0682627903878762 , "bi-outgoingentitynames-/nns" : 0.0 , "bi-outgoingentitynames-/np-part" : 0.06132044051525608 , "bi-outgoingentitynames-baselinetopscore" : 0.043800314653754356 , "bi-outgoingentitynames-fieldlikelihood" : 0.043800314653754356 , "bi-similarentitynames-/nnp" : 0.0 , "bi-similarentitynames-/nns" : 0.08760062930750871 , "bi-similarentitynames-/np-part" : 0.0 , "bi-similarentitynames-baselinetopscore" : 0.0 , "bi-similarentitynames-fieldlikelihood" : 0.0 , "name" : "default-best" , "score" : "0.19047582935295307" }
