{ "bi-attributes-/nnp" : 0.0 , "bi-attributes-/nns" : 0.0 , "bi-attributes-/np-part" : 0.09318922567010779 , "bi-attributes-baselinetopscore" : 0.027291181510903012 , "bi-attributes-fieldlikelihood" : 0.014644139963429855 , "bi-categories-/nnp" : 0.13876212449191205 , "bi-categories-/nns" : 0.0 , "bi-categories-/np-part" : 0.0 , "bi-categories-baselinetopscore" : 0.05920349191518481 , "bi-categories-fieldlikelihood" : 0.0 , "bi-names-/nnp" : 0.0 , "bi-names-/nns" : 0.08167123128782353 , "bi-names-/np-part" : 0.0 , "bi-names-baselinetopscore" : 0.056010737321212485 , "bi-names-fieldlikelihood" : 0.07765036911755176 , "bi-outgoingentitynames-/nnp" : 0.0 , "bi-outgoingentitynames-/nns" : 0.057580286878768976 , "bi-outgoingentitynames-/np-part" : 0.0 , "bi-outgoingentitynames-baselinetopscore" : 0.0 , "bi-outgoingentitynames-fieldlikelihood" : 0.0 , "bi-similarentitynames-/nnp" : 0.08490182276152212 , "bi-similarentitynames-/nns" : 0.13030822603966918 , "bi-similarentitynames-/np-part" : 0.0 , "bi-similarentitynames-baselinetopscore" : 0.053064234486544626 , "bi-similarentitynames-fieldlikelihood" : 0.12572292855537 , "name" : "default-best" , "score" : "0.34482476889235253" }
