{ "bi-attributes-/nnp" : 0.1307964233728426 , "bi-attributes-/nns" : 0.0 , "bi-attributes-/np-part" : 0.0 , "bi-attributes-baselinetopscore" : 0.041588687876897484 , "bi-attributes-fieldlikelihood" : 0.0 , "bi-categories-/nnp" : 0.08317737575379497 , "bi-categories-/nns" : 0.08317737575379497 , "bi-categories-/np-part" : 0.037429819089207755 , "bi-categories-baselinetopscore" : 0.0 , "bi-categories-fieldlikelihood" : 0.0 , "bi-names-/nnp" : 0.041588687876897484 , "bi-names-/nns" : 0.041588687876897484 , "bi-names-/np-part" : 0.041588687876897484 , "bi-names-baselinetopscore" : 0.08317737575379497 , "bi-names-fieldlikelihood" : 0.041588687876897484 , "bi-outgoingentitynames-/nnp" : 0.0 , "bi-outgoingentitynames-/nns" : 0.041588687876897484 , "bi-outgoingentitynames-/np-part" : 0.0 , "bi-outgoingentitynames-baselinetopscore" : 0.0 , "bi-outgoingentitynames-fieldlikelihood" : 0.0 , "bi-similarentitynames-/nnp" : 0.08317737575379497 , "bi-similarentitynames-/nns" : 0.041588687876897484 , "bi-similarentitynames-/np-part" : 0.08317737575379497 , "bi-similarentitynames-baselinetopscore" : 0.08317737575379497 , "bi-similarentitynames-fieldlikelihood" : 0.041588687876897484 , "name" : "default-best" , "score" : "0.306791593694148" }
