{
  "odw": 0.1742328238408769,
  "uniw": 0.6037671141440113,
  "uww": 0.22200006201511174
}
