{
  "odw": 0.0833976885479798,
  "uniw": 0.8520315678530043,
  "uww": 0.06457074359901598
}
