{ "name" : "default-best-best" , "od-/const" : 0.08162080014058944 , "od-/dep-leaf" : 0.18079634171314596 , "score" : "0.13184263343557326" , "uni-/const" : 0.3567155575090657 , "uni-/dep-leaf" : 0.08081595220876044 , "uww-/const" : 0.0 , "uww-/dep-leaf" : 0.30005134842843834 }
