{ "name" : "default-best-best" , "od-/const" : 0.0953655615121489 , "od-/dep-leaf" : 0.1349665068011482 , "score" : "0.1383448426001514" , "uni-/const" : 0.3054346563496256 , "uni-/dep-leaf" : 0.1459243410975578 , "uww-/const" : 0.07084556124964744 , "uww-/dep-leaf" : 0.24746337298987206 }
