{ "name" : "default-best-best" , "od-/const" : 0.0770366266894356 , "od-/dep-leaf" : 0.06213167035985065 , "score" : "0.12295411451374065" , "uni-/const" : 0.4786580517633692 , "uni-/dep-leaf" : 0.05803929822561027 , "uww-/const" : 0.05216321417214649 , "uww-/dep-leaf" : 0.2719711387895878 }
