{ "name" : "default-best-best" , "od-/const" : 0.11899980770494893 , "od-/dep-leaf" : 0.0066523315583746495 , "score" : "0.12869110827139676" , "uni-/const" : 0.5551626165456449 , "uni-/dep-leaf" : 0.10158317211857476 , "uww-/const" : 0.09721130935549038 , "uww-/dep-leaf" : 0.12039076271696647 }
