{ "name" : "default-best-best" , "od-/const" : 0.08072916948483655 , "od-/dep-leaf" : 0.008422871041889319 , "score" : "0.21846326123125415" , "uni-/const" : 0.4310870857801112 , "uni-/dep-leaf" : 0.0 , "uww-/const" : 0.174616528350407 , "uww-/dep-leaf" : 0.30514434534275586 }
