{ "name" : "default-best-best" , "od-/const" : 0.06011082144796559 , "od-/dep-leaf" : 0.15644780388199392 , "score" : "0.23702664099264767" , "uni-/const" : 0.30328367998058925 , "uni-/dep-leaf" : 0.0 , "uww-/const" : 0.08690666810728373 , "uww-/dep-leaf" : 0.3932510265821676 }
