{ "name" : "default-best-best" , "od-/const" : 0.12484931845305026 , "od-/dep-leaf" : 0.14836032377221162 , "score" : "0.20735697092745725" , "uni-/const" : 0.4323858203177208 , "uni-/dep-leaf" : 0.0 , "uww-/const" : 0.17069995946044889 , "uww-/dep-leaf" : 0.12370457799656841 }
