{ "name" : "default-best-best" , "od-/const" : 0.200281160988311 , "od-/dep-leaf" : 0.15406243152946994 , "score" : "0.21474769578041533" , "uni-/const" : 0.24603856903157326 , "uni-/dep-leaf" : 0.0 , "uww-/const" : 0.24555540692117603 , "uww-/dep-leaf" : 0.15406243152946994 }
