{ "name" : "default-best-best" , "od-/const" : 0.13853815691587573 , "od-/dep-leaf" : 0.10654455441374956 , "score" : "0.22636066137048155" , "uni-/const" : 0.23289415804686672 , "uni-/dep-leaf" : 0.06224806631445749 , "uww-/const" : 0.12279466708947412 , "uww-/dep-leaf" : 0.3369803972195763 }
