{ "name" : "default-best-best" , "od-/const" : 0.12089991087233623 , "od-/dep-leaf" : 0.3387714043069259 , "score" : "0.25556703160113037" , "uni-/const" : 0.20458806885740421 , "uni-/dep-leaf" : 0.0 , "uww-/const" : 0.0940729277035807 , "uww-/dep-leaf" : 0.24166768825975285 }
