{ "name" : "default-best-best" , "od-/const" : 0.11718728810827705 , "od-/dep-leaf" : 0.19482476430140727 , "score" : "0.3828678770274458" , "uni-/const" : 0.28967972767020334 , "uni-/dep-leaf" : 0.044025316900524906 , "uww-/const" : 0.1455426084428231 , "uww-/dep-leaf" : 0.20874029457676435 }
