{ "name" : "default-best-best" , "od-/const" : 0.15245380013204357 , "od-/dep-leaf" : 0.15269279121280074 , "score" : "0.3834860866475344" , "uni-/const" : 0.29410248624523877 , "uni-/dep-leaf" : 0.004092365855660706 , "uww-/const" : 0.2439657653414555 , "uww-/dep-leaf" : 0.15269279121280074 }
