{ "name" : "default-best-best" , "od-/const" : 0.09504482307505327 , "od-/dep-leaf" : 0.14542170591695305 , "score" : "0.4250152882352331" , "uni-/const" : 0.3326235332429236 , "uni-/dep-leaf" : 0.035312444602735 , "uww-/const" : 0.2461757872453819 , "uww-/dep-leaf" : 0.14542170591695305 }
