{ "name" : "default-best-best" , "od-/const" : 0.10245236915982743 , "od-/dep-leaf" : 0.2728310568958915 , "score" : "0.4028571515561911" , "uni-/const" : 0.2760014516937461 , "uni-/dep-leaf" : 0.04092423483771903 , "uww-/const" : 0.21151683877181793 , "uww-/dep-leaf" : 0.09627404864099816 }
