{ "name" : "default-best-best" , "od-/const" : 0.05677459738643612 , "od-/dep-leaf" : 0.15955852319898448 , "score" : "0.414179984561876" , "uni-/const" : 0.3522117146596786 , "uni-/dep-leaf" : 0.014567736497991741 , "uww-/const" : 0.2573289050579247 , "uww-/dep-leaf" : 0.15955852319898448 }
