{ "bi-attributes-/np-part" : 0.10029510783358514 , "bi-attributes-fieldlikelihood" : 0.1468224278502572 , "bi-categories-/np-part" : 0.08962789311892788 , "bi-categories-fieldlikelihood" : 0.2774579841806751 , "bi-names-/np-part" : 0.049570249138027045 , "bi-names-fieldlikelihood" : 0.0369326254713573 , "bi-outgoingentitynames-/np-part" : 0.0 , "bi-outgoingentitynames-fieldlikelihood" : 0.06944137520141931 , "bi-similarentitynames-/np-part" : 0.05413728980562702 , "bi-similarentitynames-fieldlikelihood" : 0.1757150474001241 , "name" : "default-best" , "score" : "0.061273623737260155" }
