{ "bi-attributes-/np-part" : 0.14947537959551374 , "bi-attributes-fieldlikelihood" : 0.10735691303621374 , "bi-categories-/np-part" : 0.050653588056972544 , "bi-categories-fieldlikelihood" : 0.25317224388176446 , "bi-names-/np-part" : 0.13567828594752768 , "bi-names-fieldlikelihood" : 0.13094019618421537 , "bi-outgoingentitynames-/np-part" : 0.0 , "bi-outgoingentitynames-fieldlikelihood" : 0.08395432148058087 , "bi-similarentitynames-/np-part" : 0.0 , "bi-similarentitynames-fieldlikelihood" : 0.08876907181721161 , "name" : "default-best" , "score" : "0.06295745064934483" }
