{ "bi-attributes-/np-part" : 0.07079115963429086 , "bi-attributes-fieldlikelihood" : 0.1830843320113909 , "bi-categories-/np-part" : 0.14537418909699626 , "bi-categories-fieldlikelihood" : 0.17693616308532428 , "bi-names-/np-part" : 0.06091166858536524 , "bi-names-fieldlikelihood" : 0.05783699728699949 , "bi-outgoingentitynames-/np-part" : 0.0 , "bi-outgoingentitynames-fieldlikelihood" : 0.05841217929915254 , "bi-similarentitynames-/np-part" : 0.1484886887625728 , "bi-similarentitynames-fieldlikelihood" : 0.0981646222379075 , "name" : "default-best" , "score" : "0.05878292881363205" }
