{ "bi-attributes-/np-part" : 0.19513675733798275 , "bi-attributes-fieldlikelihood" : 0.13009117155865516 , "bi-categories-/np-part" : 0.24299164489445574 , "bi-categories-fieldlikelihood" : 0.1855811369235378 , "bi-names-/np-part" : 0.0 , "bi-names-fieldlikelihood" : 0.0 , "bi-outgoingentitynames-/np-part" : 0.1307601052119064 , "bi-outgoingentitynames-fieldlikelihood" : 0.11543918407346206 , "bi-similarentitynames-/np-part" : 0.0 , "bi-similarentitynames-fieldlikelihood" : 0.0 , "name" : "default-best" , "score" : "0.17239453007831984" }
