{ "bi-attributes-/np-part" : 0.09144247775200448 , "bi-attributes-fieldlikelihood" : 0.11618028359179078 , "bi-categories-/np-part" : 0.20959415822533117 , "bi-categories-fieldlikelihood" : 0.33379834503062716 , "bi-names-/np-part" : 0.0 , "bi-names-fieldlikelihood" : 0.0 , "bi-outgoingentitynames-/np-part" : 0.09867277327593192 , "bi-outgoingentitynames-fieldlikelihood" : 0.11505751243431055 , "bi-similarentitynames-/np-part" : 0.0 , "bi-similarentitynames-fieldlikelihood" : 0.035254449690003846 , "name" : "default-best" , "score" : "0.1650333661049401" }
