{ "bi-attributes-/np-part" : 0.17169376814717158 , "bi-attributes-fieldlikelihood" : 0.19010171547443933 , "bi-categories-/np-part" : 0.0 , "bi-categories-fieldlikelihood" : 0.2581835402236282 , "bi-names-/np-part" : 0.0 , "bi-names-fieldlikelihood" : 0.0 , "bi-outgoingentitynames-/np-part" : 0.21532762795710514 , "bi-outgoingentitynames-fieldlikelihood" : 0.13647576260525712 , "bi-similarentitynames-/np-part" : 0.02821758559239856 , "bi-similarentitynames-fieldlikelihood" : 0.0 , "name" : "default-best" , "score" : "0.11861926234856394" }
