{ "bi-attributes-/np-part" : 0.14402429352958243 , "bi-attributes-fieldlikelihood" : 0.011662255749789083 , "bi-categories-/np-part" : 0.0 , "bi-categories-fieldlikelihood" : 0.41176240912515377 , "bi-names-/np-part" : 0.0 , "bi-names-fieldlikelihood" : 0.011124474730509324 , "bi-outgoingentitynames-/np-part" : 0.3846424773541801 , "bi-outgoingentitynames-fieldlikelihood" : 0.030315881175034674 , "bi-similarentitynames-/np-part" : 0.0 , "bi-similarentitynames-fieldlikelihood" : 0.006468208335750417 , "name" : "default-best" , "score" : "0.11357619866894919" }
