{ "bi-attributes-/np-part" : 0.12375921839491028 , "bi-attributes-fieldlikelihood" : 0.04685874994027669 , "bi-categories-/np-part" : 0.10906662814747838 , "bi-categories-fieldlikelihood" : 0.33615378904219084 , "bi-names-/np-part" : 0.0 , "bi-names-fieldlikelihood" : 0.03418616300641004 , "bi-outgoingentitynames-/np-part" : 0.21576625779080047 , "bi-outgoingentitynames-fieldlikelihood" : 0.11802102988018195 , "bi-similarentitynames-/np-part" : 0.0 , "bi-similarentitynames-fieldlikelihood" : 0.016188163797751284 , "name" : "default-best" , "score" : "0.12657382405307532" }
