{ "bi-attributes-/np-part" : 0.15363155613344678 , "bi-attributes-fieldlikelihood" : 0.08527291927183021 , "bi-categories-/np-part" : 0.0 , "bi-categories-fieldlikelihood" : 0.25108228901264606 , "bi-names-/np-part" : 0.0 , "bi-names-fieldlikelihood" : 0.011331666834131228 , "bi-outgoingentitynames-/np-part" : 0.45828447769967484 , "bi-outgoingentitynames-fieldlikelihood" : 0.0 , "bi-similarentitynames-/np-part" : 0.0 , "bi-similarentitynames-fieldlikelihood" : 0.04039709104827078 , "name" : "default-best" , "score" : "0.14284617215843418" }
