{ "bi-attributes-/np-part" : 0.1354997781943414 , "bi-attributes-fieldlikelihood" : 0.05970451500379299 , "bi-categories-/np-part" : 0.1694212547412944 , "bi-categories-fieldlikelihood" : 0.005699044038081897 , "bi-names-/np-part" : 0.04686011228356611 , "bi-names-fieldlikelihood" : 0.20606411988018955 , "bi-outgoingentitynames-/np-part" : 0.002435800597125042 , "bi-outgoingentitynames-fieldlikelihood" : 0.0 , "bi-similarentitynames-/np-part" : 0.16719683313504966 , "bi-similarentitynames-fieldlikelihood" : 0.20711854212655886 , "name" : "default-best" , "score" : "0.2942374434568858" }
