{ "bi-attributes-/np-part" : 0.05965655310636321 , "bi-attributes-fieldlikelihood" : 0.13293939410888744 , "bi-categories-/np-part" : 0.0 , "bi-categories-fieldlikelihood" : 0.13293939410888744 , "bi-names-/np-part" : 0.07010851830434824 , "bi-names-fieldlikelihood" : 0.2027325760160533 , "bi-outgoingentitynames-/np-part" : 0.0 , "bi-outgoingentitynames-fieldlikelihood" : 0.009585747068929947 , "bi-similarentitynames-/np-part" : 0.19940909116333105 , "bi-similarentitynames-fieldlikelihood" : 0.1926287261231996 , "name" : "default-best" , "score" : "0.2799555163248889" }
