{ "bi-attributes-/np-part" : 0.07906307694108274 , "bi-attributes-fieldlikelihood" : 0.09031780531920738 , "bi-categories-/np-part" : 0.14023386301980645 , "bi-categories-fieldlikelihood" : 0.0 , "bi-names-/np-part" : 0.15666792224584697 , "bi-names-fieldlikelihood" : 0.11781449391838032 , "bi-outgoingentitynames-/np-part" : 0.0 , "bi-outgoingentitynames-fieldlikelihood" : 0.020958921744631622 , "bi-similarentitynames-/np-part" : 0.20409273765012206 , "bi-similarentitynames-fieldlikelihood" : 0.19085117916092242 , "name" : "default-best" , "score" : "0.30214667609234735" }
