{ "bi-/const" : 0.046179978087980876 , "bi-collectiondf" : 0.0 , "bi-collectiontf" : 0.0 , "name" : "default-best" , "score" : "0.11509993212271771" , "uni-/const" : 0.4207738532412313 , "uni-collectiondf" : 0.08785537641392879 , "uni-collectiontf" : 0.445190792256859 }
