{ "bi-/const" : 0.041832580559053915 , "bi-collectiondf" : 0.0 , "bi-collectiontf" : 0.04737959918869624 , "name" : "default-best" , "score" : "0.12611558359521707" , "uni-/const" : 0.42693853208411464 , "uni-collectiondf" : 0.23934166598130105 , "uni-collectiontf" : 0.24450762218683425 }
