{ "bi-/const" : 0.04098825599502509 , "bi-collectiondf" : 0.06430835300553353 , "bi-collectiontf" : -0.052895726983994744 , "name" : "default-best" , "score" : "0.12188022072402702" , "uni-/const" : 0.2508620099331222 , "uni-collectiondf" : 0.28538582061351847 , "uni-collectiontf" : 0.4113512874367954 }
