{ "bi-/const" : 0.05227251530867116 , "bi-collectiondf" : -0.0434086518819091 , "bi-collectiontf" : 0.04319187992657382 , "name" : "default-best" , "score" : "0.1209209890544983" , "uni-/const" : 0.4109582653830542 , "uni-collectiondf" : 0.2466149698936111 , "uni-collectiontf" : 0.29037102136999904 }
