{ "bi-/const" : 0.05756957670964195 , "bi-collectiondf" : -0.11457637736311942 , "bi-collectiontf" : 0.14436313866065667 , "name" : "default-best" , "score" : "0.10905395363955048" , "uni-/const" : 0.5726373918234161 , "uni-collectiondf" : 0.25142254906413464 , "uni-collectiontf" : 0.08858372110527 }
