{ "bi-/const" : 0.05911461405463939 , "bi-collectiondf" : -0.05263157894736842 , "bi-collectiontf" : 0.029683075947792553 , "name" : "default-best" , "score" : "0.10959453448408037" , "uni-/const" : 0.4022083125269426 , "uni-collectiondf" : 0.3311191091261421 , "uni-collectiontf" : 0.23050646729185179 }
