{ "bi-/const" : 0.047998393996729435 , "bi-collectiondf" : 0.0 , "bi-collectiontf" : 0.0 , "name" : "default-best" , "score" : "0.117198730002712" , "uni-/const" : 0.4151779679547016 , "uni-collectiondf" : 0.2212966951151524 , "uni-collectiontf" : 0.31552694293341677 }
