{ "bi-/const" : 0.0 , "bi-collectiondf" : 0.028694198113671986 , "bi-collectiontf" : 0.15724523303676938 , "name" : "default-best" , "score" : "0.10721835312664403" , "uni-/const" : 0.3220076304634177 , "uni-collectiondf" : 0.3555948151146356 , "uni-collectiontf" : 0.13645812327150547 }
