{ "bi-/const" : 0.0897209416750638 , "bi-collectiondf" : 0.037407398640600026 , "bi-collectiontf" : 0.0 , "name" : "default-best" , "score" : "0.11432774332944591" , "uni-/const" : 0.45718229981689473 , "uni-collectiondf" : 0.18012909862581009 , "uni-collectiontf" : 0.23556026124163132 }
