{ "bi-/const" : 0.055566776608409085 , "bi-collectiondf" : -0.10341810621778656 , "bi-collectiontf" : 0.07004940713516518 , "name" : "default-best" , "score" : "0.11750890924438577" , "uni-/const" : 0.3238786814108798 , "uni-collectiondf" : 0.3893917278651299 , "uni-collectiontf" : 0.2645315131982025 }
