{ "bi-/const" : 0.04296918221355475 , "bi-collectiondf" : -0.05289572698399476 , "bi-collectiontf" : 0.13265518116762665 , "name" : "default-best" , "score" : "0.18033229737545575" , "uni-/const" : 0.34168162765147675 , "uni-collectiondf" : 0.5177209114884268 , "uni-collectiontf" : 0.01786882446290969 }
