{ "bi-/const" : 0.01961608196782785 , "bi-collectiondf" : 0.0 , "bi-collectiontf" : 0.10932266007498218 , "name" : "default-best" , "score" : "0.20671281517701612" , "uni-/const" : 0.2466155156075082 , "uni-collectiondf" : 0.2853478032329489 , "uni-collectiontf" : 0.33909793911673297 }
