{ "bi-/const" : 0.042281961899836094 , "bi-collectiondf" : 0.0 , "bi-collectiontf" : 0.08332887449360321 , "name" : "default-best" , "score" : "0.22321001816204394" , "uni-/const" : 0.3590713472510834 , "uni-collectiondf" : 0.18559407721862978 , "uni-collectiontf" : 0.32972373913684755 }
