{ "bi-/const" : 0.04894295952580207 , "bi-collectiondf" : 0.09140685916645454 , "bi-collectiontf" : -0.04592264397377466 , "name" : "default-best" , "score" : "0.19312312989304833" , "uni-/const" : 0.3916322448554126 , "uni-collectiondf" : 0.08124981165418398 , "uni-collectiontf" : 0.4326907687719215 }
