{ "bi-/const" : 0.02553370703096435 , "bi-collectiondf" : 0.019755467871606865 , "bi-collectiontf" : 0.08423897972781559 , "name" : "default-best" , "score" : "0.18032195713814167" , "uni-/const" : 0.3906281265221133 , "uni-collectiondf" : 0.1881887320530159 , "uni-collectiontf" : 0.29165498679448404 }
