{ "bi-/const" : 0.04781870983548833 , "bi-collectiondf" : 0.004125843889223057 , "bi-collectiontf" : 0.06410002211304394 , "name" : "default-best" , "score" : "0.21000963306611345" , "uni-/const" : 0.41410418781577163 , "uni-collectiondf" : 0.23524907211873158 , "uni-collectiontf" : 0.23460216422774158 }
