{ "bi-/const" : 0.026487059905642558 , "bi-collectiondf" : 0.12794420671131218 , "bi-collectiontf" : 0.02012672953945955 , "name" : "default-best" , "score" : "0.22018335696453514" , "uni-/const" : 0.26300426021152684 , "uni-collectiondf" : 0.005790492207641594 , "uni-collectiontf" : 0.5566472514244172 }
