{ "bi-/const" : 0.04383991013133452 , "bi-collectiondf" : 0.09061865631784222 , "bi-collectiontf" : 0.0 , "name" : "default-best" , "score" : "0.19976953379289455" , "uni-/const" : 0.4365742021721096 , "uni-collectiondf" : 0.344378065938531 , "uni-collectiontf" : 0.08458916544018258 }
