{ "bi-/const" : 0.14309801413351697 , "bi-collectiondf" : 0.0 , "bi-collectiontf" : 0.0 , "name" : "default-best" , "score" : "0.19661383918971254" , "uni-/const" : 0.35823164624271586 , "uni-collectiondf" : 0.27784485393625413 , "uni-collectiontf" : 0.22082548568751298 }
