{ "bi-/const" : 0.17026469062018554 , "bi-collectiondf" : -0.10886893159879847 , "bi-collectiontf" : -0.056098148133332096 , "name" : "default-best" , "score" : "0.18985781253644482" , "uni-/const" : 0.4869450430337309 , "uni-collectiondf" : 0.2782795558184475 , "uni-collectiontf" : 0.22947779025976653 }
