{ "bi-/const" : 0.06678695296288663 , "bi-collectiondf" : 0.008714939820641504 , "bi-collectiontf" : 0.01416511981668733 , "name" : "default-best" , "score" : "0.15476729562366145" , "uni-/const" : 0.33610307543152845 , "uni-collectiondf" : 0.2357568023098177 , "uni-collectiontf" : 0.33847310965843846 }
