{ "bi-/const" : 0.0 , "bi-collectiondf" : 0.0437228871158373 , "bi-collectiontf" : 0.2685043387069065 , "name" : "default-best" , "score" : "0.2094886511529091" , "uni-/const" : 0.19686394573590238 , "uni-collectiondf" : 0.11677768011715739 , "uni-collectiontf" : 0.37413114832419647 }
