{ "bi-/const" : 0.08573143012843856 , "bi-collectiondf" : -0.05263157894736842 , "bi-collectiontf" : 0.058793882104435875 , "name" : "default-best" , "score" : "0.1943927318093396" , "uni-/const" : 0.3229983124934113 , "uni-collectiondf" : 0.37679769454856127 , "uni-collectiontf" : 0.20831025967252131 }
