{ "bi-/const" : 0.10985588589272073 , "bi-collectiondf" : -0.06477874573825232 , "bi-collectiontf" : 0.005573447407281529 , "name" : "default-best" , "score" : "0.1925812500193076" , "uni-/const" : 0.2963316194624996 , "uni-collectiondf" : 0.37733049350788544 , "uni-collectiontf" : 0.2756872994678649 }
