{ "bi-/const" : 0.09646367084868689 , "bi-collectiondf" : 0.13098006103854895 , "bi-collectiontf" : 0.13780524406955266 , "name" : "default-best" , "score" : "0.18329233716020762" , "uni-/const" : 0.2722469937252361 , "uni-collectiondf" : 0.22469878624842282 , "uni-collectiontf" : 0.13780524406955266 }
