{ "bi-/const" : 0.0 , "bi-collectiondf" : 0.1917653620031799 , "bi-collectiontf" : 0.0 , "name" : "default-best" , "score" : "0.2079972002293413" , "uni-/const" : 0.44098817439601745 , "uni-collectiondf" : 0.036473991956881405 , "uni-collectiontf" : 0.3307724716439212 }
