{ "bi-/const" : 0.10536089849987972 , "bi-collectiondf" : 0.0022198501445048298 , "bi-collectiontf" : 0.05484448253477729 , "name" : "default-best" , "score" : "0.2157856216457272" , "uni-/const" : 0.24519018382191615 , "uni-collectiondf" : 0.29488143427224506 , "uni-collectiontf" : 0.2975031507266768 }
