{ "bi-/const" : 0.06780636771608274 , "bi-collectiondf" : 0.019116297306289273 , "bi-collectiontf" : 0.06429454983665218 , "name" : "default-best" , "score" : "0.2212276549343962" , "uni-/const" : 0.36489050139224777 , "uni-collectiondf" : 0.365673296794179 , "uni-collectiontf" : 0.11821898695454912 }
