{ "bi-/const" : 0.06708300865493001 , "bi-collectiondf" : 0.054631092446189335 , "bi-collectiontf" : -0.05263157894736843 , "name" : "default-best" , "score" : "0.16738671507590985" , "uni-/const" : 0.2326197685560548 , "uni-collectiondf" : 0.21207266534457503 , "uni-collectiontf" : 0.4862250439456194 }
