{ "bi-/const" : 0.10765129036807176 , "bi-collectiondf" : 0.006998123475369546 , "bi-collectiontf" : 0.05954703378901795 , "name" : "default-best" , "score" : "0.18800194762934502" , "uni-/const" : 0.2424417099923747 , "uni-collectiondf" : 0.2929457984524286 , "uni-collectiontf" : 0.29041604392273745 }
