{ "bi-/const" : 0.038890206082555875 , "bi-collectiondf" : 0.2280136628410686 , "bi-collectiontf" : 0.22997874098402898 , "name" : "default-best" , "score" : "0.2591700532754553" , "uni-/const" : 0.165274861568416 , "uni-collectiondf" : 0.31338383515308 , "uni-collectiontf" : 0.024458693370850573 }
