{ "bi-/const" : 0.10154109970161357 , "bi-collectiondf" : 0.2491415311174722 , "bi-collectiontf" : 0.21027226656652148 , "name" : "default-best" , "score" : "0.2705691155580307" , "uni-/const" : 0.1099095650603364 , "uni-collectiondf" : 0.15626837313817674 , "uni-collectiontf" : 0.1728671644158796 }
