{ "bi-/const" : 0.028748816610944743 , "bi-collectiondf" : 0.008044106898706936 , "bi-collectiontf" : 0.3120907872787093 , "name" : "default-best" , "score" : "0.24789384152232496" , "uni-/const" : 0.23475417436302776 , "uni-collectiondf" : 0.21851323129816352 , "uni-collectiontf" : 0.1978488835504478 }
