{ "bi-/const" : 0.19844162110527414 , "bi-collectiondf" : 0.0 , "bi-collectiontf" : 0.09265770790873455 , "name" : "default-best" , "score" : "0.27259993900613116" , "uni-/const" : 0.1960528368275112 , "uni-collectiondf" : 0.2058739845243757 , "uni-collectiontf" : 0.30697384963410446 }
