{ "bi-/const" : 0.21539257248330274 , "bi-collectiondf" : 0.04597244832833153 , "bi-collectiontf" : 0.09245726173845767 , "name" : "default-best" , "score" : "0.2385541449661927" , "uni-/const" : 0.21539257248330274 , "uni-collectiondf" : 0.21539257248330274 , "uni-collectiontf" : 0.21539257248330274 }
