{ "bi-/const" : 0.13918753045329116 , "bi-collectiondf" : 0.29573398485632507 , "bi-collectiontf" : 0.22452246200361495 , "name" : "default-best" , "score" : "0.289778051507357" , "uni-/const" : 0.21827213543228832 , "uni-collectiondf" : 0.12228388725448056 , "uni-collectiontf" : 0.0 }
