{ "bi-/const" : 0.09970051558245567 , "bi-collectiondf" : 0.2633191279192567 , "bi-collectiontf" : 0.0 , "name" : "default-best" , "score" : "0.2482494068518609" , "uni-/const" : 0.35639037938000534 , "uni-collectiondf" : 0.2674956732150569 , "uni-collectiontf" : 0.013094303903225383 }
