{ "bi-/const" : 0.20035743851885118 , "bi-collectiondf" : 0.10430948493319471 , "bi-collectiontf" : 0.0 , "name" : "default-best" , "score" : "0.2866469665134543" , "uni-/const" : 0.2211863824967165 , "uni-collectiondf" : 0.0423218243036514 , "uni-collectiontf" : 0.4318248697475863 }
