{ "bi-/const" : 0.03591789379735638 , "bi-collectiondf" : 0.05302041398579478 , "bi-collectiontf" : 0.17776616610722407 , "name" : "default-best" , "score" : "0.257563191659906" , "uni-/const" : 0.47737448005269967 , "uni-collectiondf" : 0.19299187585229957 , "uni-collectiontf" : 0.0629291702046255 }
