{ "bi-/const" : 0.32081891215289554 , "bi-collectiondf" : -0.1779553261623015 , "bi-collectiontf" : 0.05981537272458955 , "name" : "default-best" , "score" : "0.24885920942101009" , "uni-/const" : 0.3353067837597823 , "uni-collectiondf" : 0.0 , "uni-collectiontf" : 0.4620142575250339 }
