{ "name" : "default-best" , "score" : "0.11984293180680258" , "uni-attributes-/nnp" : 0.3377752629195076 , "uni-attributes-fieldlikelihood" : 0.25335262546481374 , "uni-categories-/nnp" : 0.05156682457079195 , "uni-categories-fieldlikelihood" : 0.17703835532002615 , "uni-names-/nnp" : 0.05842480408316348 , "uni-names-fieldlikelihood" : 0.0 , "uni-outgoingentitynames-/nnp" : 0.028528053185091103 , "uni-outgoingentitynames-fieldlikelihood" : 0.0 , "uni-similarentitynames-/nnp" : 0.0 , "uni-similarentitynames-fieldlikelihood" : 0.09331407445660592 }
