{ "name" : "default-best" , "score" : "0.11389740964001849" , "uni-attributes-/nnp" : 0.35647546015209786 , "uni-attributes-fieldlikelihood" : 0.2601411910722551 , "uni-categories-/nnp" : 0.0 , "uni-categories-fieldlikelihood" : 0.08788561289213467 , "uni-names-/nnp" : 0.18208632608872397 , "uni-names-fieldlikelihood" : 0.06485713165320307 , "uni-outgoingentitynames-/nnp" : 0.0 , "uni-outgoingentitynames-fieldlikelihood" : 0.0 , "uni-similarentitynames-/nnp" : 0.027762743806938658 , "uni-similarentitynames-fieldlikelihood" : 0.020791534334646727 }
