{ "name" : "default-best" , "score" : "0.20654897193226485" , "uni-attributes-/nnp" : 0.12559432588936387 , "uni-attributes-fieldlikelihood" : 0.19903227820984468 , "uni-categories-/nnp" : 0.19268995573805783 , "uni-categories-fieldlikelihood" : 0.3987802810720584 , "uni-names-/nnp" : 0.0 , "uni-names-fieldlikelihood" : 0.0 , "uni-outgoingentitynames-/nnp" : 0.03981030029936375 , "uni-outgoingentitynames-fieldlikelihood" : 2.780682567458607E-4 , "uni-similarentitynames-/nnp" : 0.0 , "uni-similarentitynames-fieldlikelihood" : 0.04381479053456556 }
