{ "name" : "default-best" , "score" : "0.18384505341479027" , "uni-attributes-/nnp" : 0.129666317581535 , "uni-attributes-fieldlikelihood" : 0.274175391943212 , "uni-categories-/nnp" : 0.31953985610659424 , "uni-categories-fieldlikelihood" : 0.22460453613433723 , "uni-names-/nnp" : 0.0 , "uni-names-fieldlikelihood" : 0.0 , "uni-outgoingentitynames-/nnp" : 0.042516887316961544 , "uni-outgoingentitynames-fieldlikelihood" : 0.0 , "uni-similarentitynames-/nnp" : 0.0 , "uni-similarentitynames-fieldlikelihood" : 0.009497010917359952 }
