{ "name" : "default-best" , "score" : "0.20655957095036157" , "uni-attributes-/nnp" : 0.23636136304329494 , "uni-attributes-fieldlikelihood" : 0.14701030649950164 , "uni-categories-/nnp" : 0.28164957157224063 , "uni-categories-fieldlikelihood" : 0.24491735248805754 , "uni-names-/nnp" : 0.0 , "uni-names-fieldlikelihood" : 0.013454379690344413 , "uni-outgoingentitynames-/nnp" : 0.06655355619283693 , "uni-outgoingentitynames-fieldlikelihood" : 0.0 , "uni-similarentitynames-/nnp" : 0.0 , "uni-similarentitynames-fieldlikelihood" : 0.01005347051372382 }
