{ "name" : "default-best" , "score" : "0.20498410599774552" , "uni-attributes-/nnp" : 0.09978274022169076 , "uni-attributes-fieldlikelihood" : 0.11096281281696592 , "uni-categories-/nnp" : 0.0 , "uni-categories-fieldlikelihood" : 0.23053750462436032 , "uni-names-/nnp" : 0.0 , "uni-names-fieldlikelihood" : 0.0 , "uni-outgoingentitynames-/nnp" : 0.32179158445614375 , "uni-outgoingentitynames-fieldlikelihood" : 0.07558941685097725 , "uni-similarentitynames-/nnp" : 0.11066555830005281 , "uni-similarentitynames-fieldlikelihood" : 0.05067038272980912 }
