{ "name" : "default-best" , "score" : "0.2042231356364427" , "uni-attributes-/nnp" : 0.0 , "uni-attributes-fieldlikelihood" : 0.12053653465392113 , "uni-categories-/nnp" : 0.0 , "uni-categories-fieldlikelihood" : 0.27385186175129955 , "uni-names-/nnp" : 0.0 , "uni-names-fieldlikelihood" : 0.0 , "uni-outgoingentitynames-/nnp" : 0.38242224513437467 , "uni-outgoingentitynames-fieldlikelihood" : 0.06634166878271323 , "uni-similarentitynames-/nnp" : 0.10689453689592632 , "uni-similarentitynames-fieldlikelihood" : 0.04995315278176503 }
