{ "name" : "default-best" , "score" : "0.20196692597257818" , "uni-attributes-/nnp" : 0.09691276571115022 , "uni-attributes-fieldlikelihood" : 0.12108490699597248 , "uni-categories-/nnp" : 0.0 , "uni-categories-fieldlikelihood" : 0.28420579567981313 , "uni-names-/nnp" : 0.0 , "uni-names-fieldlikelihood" : 0.0 , "uni-outgoingentitynames-/nnp" : 0.26913142789195127 , "uni-outgoingentitynames-fieldlikelihood" : 0.091059774917562 , "uni-similarentitynames-/nnp" : 0.09023300249413178 , "uni-similarentitynames-fieldlikelihood" : 0.0473723263094192 }
