{ "name" : "default-best" , "score" : "0.18089873212469487" , "uni-attributes-/nnp" : 0.20417960756310552 , "uni-attributes-fieldlikelihood" : 0.12305965000460015 , "uni-categories-/nnp" : 0.024610176136753474 , "uni-categories-fieldlikelihood" : 0.13508055362692134 , "uni-names-/nnp" : 0.0 , "uni-names-fieldlikelihood" : 0.0 , "uni-outgoingentitynames-/nnp" : 0.3605428600112374 , "uni-outgoingentitynames-fieldlikelihood" : 0.07779897533965228 , "uni-similarentitynames-/nnp" : 0.02924946064903474 , "uni-similarentitynames-fieldlikelihood" : 0.04547871666869494 }
