{ "name" : "default-best" , "score" : "0.1546842069263017" , "uni-attributes-/nnp" : 0.16305342996908403 , "uni-attributes-fieldlikelihood" : 0.16458403888469106 , "uni-categories-/nnp" : 0.11537064751128709 , "uni-categories-fieldlikelihood" : 0.10787419945297926 , "uni-names-/nnp" : 0.0 , "uni-names-fieldlikelihood" : 0.0 , "uni-outgoingentitynames-/nnp" : 0.1624847860045399 , "uni-outgoingentitynames-fieldlikelihood" : 0.1150735083695401 , "uni-similarentitynames-/nnp" : 0.11965032342837403 , "uni-similarentitynames-fieldlikelihood" : 0.05190906637950448 }
