{ "name" : "default-best" , "score" : "0.3556959400102148" , "uni-attributes-/nnp" : 0.08140610325691483 , "uni-attributes-fieldlikelihood" : 0.21595591419115723 , "uni-categories-/nnp" : 0.1299438786567503 , "uni-categories-fieldlikelihood" : 0.0262532052008995 , "uni-names-/nnp" : 0.09005618796598253 , "uni-names-fieldlikelihood" : 0.0915593573496157 , "uni-outgoingentitynames-/nnp" : 0.0 , "uni-outgoingentitynames-fieldlikelihood" : 0.019794298376545554 , "uni-similarentitynames-/nnp" : 0.20654626146797764 , "uni-similarentitynames-fieldlikelihood" : 0.13848479353415682 }
