{ "name" : "default-best" , "score" : "0.34002770697465956" , "uni-attributes-/nnp" : 0.12054557818266297 , "uni-attributes-fieldlikelihood" : 0.2001820281087596 , "uni-categories-/nnp" : 0.18465703441592055 , "uni-categories-fieldlikelihood" : 0.03929774994741936 , "uni-names-/nnp" : 0.040257241885066096 , "uni-names-fieldlikelihood" : 0.117499272275081 , "uni-outgoingentitynames-/nnp" : 0.0 , "uni-outgoingentitynames-fieldlikelihood" : 0.02340092023122544 , "uni-similarentitynames-/nnp" : 0.14551614842546884 , "uni-similarentitynames-fieldlikelihood" : 0.12864402652839624 }
