{ "name" : "default-best" , "score" : "0.33906426403562484" , "uni-attributes-/nnp" : 0.025828215681591372 , "uni-attributes-fieldlikelihood" : 0.32138836954777167 , "uni-categories-/nnp" : 0.17555291577713328 , "uni-categories-fieldlikelihood" : 0.04315015047589072 , "uni-names-/nnp" : 0.0 , "uni-names-fieldlikelihood" : 0.15147838588740484 , "uni-outgoingentitynames-/nnp" : 0.0 , "uni-outgoingentitynames-fieldlikelihood" : 0.037421018175694744 , "uni-similarentitynames-/nnp" : 0.03636801509964984 , "uni-similarentitynames-fieldlikelihood" : 0.20881292935486348 }
