{ "name" : "default-best" , "score" : "0.33556832589635566" , "uni-attributes-/nnp" : 0.0515948271848093 , "uni-attributes-fieldlikelihood" : 0.26261694302360705 , "uni-categories-/nnp" : 0.09908666321346137 , "uni-categories-fieldlikelihood" : 0.05380207407755215 , "uni-names-/nnp" : 0.012195728930350341 , "uni-names-fieldlikelihood" : 0.16624211566661742 , "uni-outgoingentitynames-/nnp" : 0.0 , "uni-outgoingentitynames-fieldlikelihood" : 0.0 , "uni-similarentitynames-/nnp" : 0.252049939256685 , "uni-similarentitynames-fieldlikelihood" : 0.10241170864691737 }
