{ "1-const" : 0.9987365918003561 , "1-lndf" : -0.17556033272162438 , "1-lntf" : 0.11429762992966594 , "2-const" : 0.06252611099160207 , "2-lndf" : 0.0 , "2-lntf" : 0.0 , "name" : "default-best" , "score" : "0.11825431256587218" }
