{ "1-const" : 0.8587098272021174 , "1-lndf" : 5.030125747320296E-4 , "1-lntf" : 0.04760707112917304 , "2-const" : 0.0931800890939775 , "2-lndf" : 0.0 , "2-lntf" : 0.0 , "name" : "default-best" , "score" : "0.13713380284168394" }
