{ "1-const" : 0.8969597825871862 , "1-lndf" : 0.0 , "1-lntf" : 0.0 , "2-const" : 0.1030402174128139 , "2-lndf" : 0.0 , "2-lntf" : 0.0 , "name" : "default-best" , "score" : "0.11680691393266647" }
