{ "1-const" : 0.9142758180884968 , "1-lndf" : 0.0 , "1-lntf" : 0.0 , "2-const" : 0.08572418191150329 , "2-lndf" : 0.0 , "2-lntf" : 0.0 , "name" : "default-best" , "score" : "0.13430187072614536" }
