{ "1-const" : 0.89622021021821 , "1-lndf" : 5.281565617338315E-4 , "1-lntf" : 0.0 , "2-const" : 0.10325163322005619 , "2-lndf" : 0.0 , "2-lntf" : 0.0 , "name" : "default-best" , "score" : "0.13945563936797414" }
