{ "1-const" : 0.9184609079586069 , "1-lndf" : 0.0 , "1-lntf" : 0.0 , "2-const" : 0.08153909204139319 , "2-lndf" : 0.0 , "2-lntf" : 0.0 , "name" : "default-best" , "score" : "0.130759827043088" }
