{ "1-const" : 0.9159710023088918 , "1-lndf" : 0.0 , "1-lntf" : 0.0 , "2-const" : 0.08402899769110825 , "2-lndf" : 0.0 , "2-lntf" : 0.0 , "name" : "default-best" , "score" : "0.1256900243130536" }
