{ "1-const" : 0.9639745592589491 , "1-lndf" : -0.10302104026720274 , "1-lntf" : 0.0529023397764668 , "2-const" : 0.08614414123178654 , "2-lndf" : 0.0 , "2-lntf" : 0.0 , "name" : "default-best" , "score" : "0.10999122889266655" }
