{ "1-const" : 0.8443477113837226 , "1-lndf" : 0.0 , "1-lntf" : 0.0 , "2-const" : 0.15565228861627756 , "2-lndf" : 0.0 , "2-lntf" : 0.0 , "name" : "default-best" , "score" : "0.21048936279154679" }
