{ "1-const" : 0.8918348502836038 , "1-lndf" : 0.0 , "1-lntf" : 0.0 , "2-const" : 0.10816514971639628 , "2-lndf" : 0.0 , "2-lntf" : 0.0 , "name" : "default-best" , "score" : "0.21980864363592567" }
