{ "1-const" : 0.8805145465580279 , "1-lndf" : 0.0 , "1-lntf" : 0.005525519426849333 , "2-const" : 0.11395993401512294 , "2-lndf" : 0.0 , "2-lntf" : 0.0 , "name" : "default-best" , "score" : "0.1816693471375506" }
