{ "1-const" : 0.25880258705526293 , "1-lndf" : 0.0824837490107661 , "1-lntf" : 0.3471665287502368 , "2-const" : 0.22718534718257677 , "2-lndf" : 0.01901589047162912 , "2-lntf" : 0.06534589752952837 , "name" : "default-best" , "score" : "0.22952884375937052" }
