{ "1-const" : 0.9812965985329956 , "1-lndf" : -0.16215657192172955 , "1-lntf" : 0.10657679170184244 , "2-const" : 0.07428318168689137 , "2-lndf" : 0.0 , "2-lntf" : 0.0 , "name" : "default-best" , "score" : "0.22276811117883305" }
