{ "1-const" : 0.8021596429667143 , "1-lndf" : 0.04113512373959409 , "1-lntf" : 0.0 , "2-const" : 0.15670523329369176 , "2-lndf" : 0.0 , "2-lntf" : 0.0 , "name" : "default-best" , "score" : "0.1935051638164356" }
