{ "1-const" : 0.21891436346635224 , "1-lndf" : 0.09522800153536952 , "1-lntf" : 0.4622137005123597 , "2-const" : 0.15109628188812463 , "2-lndf" : 0.0 , "2-lntf" : 0.07254765259779386 , "name" : "default-best" , "score" : "0.2047932093378861" }
