{ "1-const" : 0.7402218717279222 , "1-lndf" : 0.0 , "1-lntf" : 0.1007302946361118 , "2-const" : 0.15904783363596603 , "2-lndf" : 0.0 , "2-lntf" : 0.0 , "name" : "default-best" , "score" : "0.20060544257880883" }
