{ "1-const" : 0.7991218648124069 , "1-lndf" : 0.05012531328320802 , "1-lntf" : 0.0 , "2-const" : 0.15075282190438508 , "2-lndf" : 0.0 , "2-lntf" : 0.0 , "name" : "default-best" , "score" : "0.17774139392128122" }
