{ "1-const" : 0.7732426303854875 , "1-lndf" : 0.0 , "1-lntf" : 0.04535147392290249 , "2-const" : 0.18140589569160995 , "2-lndf" : 0.0 , "2-lntf" : 0.0 , "name" : "default-best" , "score" : "0.20550464178601427" }
