{ "1-const" : 0.7774203488226116 , "1-lndf" : 0.0 , "1-lntf" : 0.055540513333194486 , "2-const" : 0.167039137844194 , "2-lndf" : 0.0 , "2-lntf" : 0.0 , "name" : "default-best" , "score" : "0.2019702529918102" }
