{ "1-const" : 0.7806149723338819 , "1-lndf" : 0.05276348766653477 , "1-lntf" : 0.0 , "2-const" : 0.16662153999958346 , "2-lndf" : 0.0 , "2-lntf" : 0.0 , "name" : "default-best" , "score" : "0.21954708966521985" }
