{ "1-const" : 0.7469161511921473 , "1-lndf" : 0.0453514739229025 , "1-lntf" : 0.0 , "2-const" : 0.20773237488495022 , "2-lndf" : 0.0 , "2-lntf" : 0.0 , "name" : "default-best" , "score" : "0.2537182621789993" }
