{ "1-const" : 0.7364215527480834 , "1-lndf" : 0.0 , "1-lntf" : 0.0 , "2-const" : 0.26357844725191665 , "2-lndf" : 0.0 , "2-lntf" : 0.0 , "name" : "default-best" , "score" : "0.2826086130728474" }
