{ "1-const" : 0.7364215527480834 , "1-lndf" : 0.0 , "1-lntf" : 0.0431918799265738 , "2-const" : 0.2203865673253428 , "2-lndf" : 0.0 , "2-lntf" : 0.0 , "name" : "default-best" , "score" : "0.24742820597851903" }
