{ "1-const" : 0.8114333452679318 , "1-lndf" : -0.047738393603055256 , "1-lntf" : 0.0 , "2-const" : 0.23630504833512347 , "2-lndf" : 0.0 , "2-lntf" : 0.0 , "name" : "default-best" , "score" : "0.27327431169092326" }
