{ "1-const" : 0.40736338929055316 , "1-lndf" : 0.2662351740197314 , "1-lntf" : 0.11930755483860894 , "2-const" : 0.0691895543569934 , "2-lndf" : 0.07089356230636942 , "2-lntf" : 0.06701076518774392 , "name" : "default-best" , "score" : "0.24785417608207744" }
