{ "1-const" : 0.4296677127637791 , "1-lndf" : 0.2632307230089004 , "1-lntf" : 0.09917387223870777 , "2-const" : 0.08904564420837006 , "2-lndf" : 0.0 , "2-lntf" : 0.11888204778024283 , "name" : "default-best" , "score" : "0.2537658490724266" }
