{ "1-const" : 0.8250473830004373 , "1-lndf" : 0.0 , "1-lntf" : 0.0 , "2-const" : 0.17495261699956266 , "2-lndf" : 0.0 , "2-lntf" : 0.0 , "name" : "default-best" , "score" : "0.11900600218797328" }
