{ "1-const" : 0.8541403634399282 , "1-lndf" : 0.0 , "1-lntf" : -0.05276348766653476 , "2-const" : 0.14837218359181162 , "2-lndf" : 0.05025094063479501 , "2-lntf" : 0.0 , "name" : "default-best" , "score" : "0.10463701799128802" }
