{ "1-const" : 0.7057810274525532 , "1-lndf" : 0.0411351237395941 , "1-lntf" : 0.043191879926573806 , "2-const" : 0.20989196888127892 , "2-lndf" : 0.0 , "2-lntf" : 0.0 , "name" : "default-best" , "score" : "0.11839101315536507" }
