{ "1-const" : 0.7619047619047619 , "1-lndf" : 0.047619047619047616 , "1-lntf" : 0.0 , "2-const" : 0.19047619047619047 , "2-lndf" : 0.0 , "2-lntf" : 0.0 , "name" : "default-best" , "score" : "0.11711794872266194" }
