{ "1-const" : 0.714408981789747 , "1-lndf" : 0.0 , "1-lntf" : -0.05302829772831553 , "2-const" : 0.3432845743730709 , "2-lndf" : 0.04809822923203222 , "2-lntf" : -0.05276348766653474 , "name" : "default-best" , "score" : "0.10403590214455724" }
