{ "1-const" : 0.7562766565536648 , "1-lndf" : 0.0 , "1-lntf" : -0.050250940634795 , "2-const" : 0.29397428408113013 , "2-lndf" : 0.0 , "2-lntf" : 0.0 , "name" : "default-best" , "score" : "0.09762653533823268" }
