{ "1-const" : 1.0390942772434975 , "1-lndf" : 0.0 , "1-lntf" : -0.07555587817187326 , "2-const" : 0.03249444391659437 , "2-lndf" : -0.0717780842632796 , "2-lntf" : 0.07574524127506092 , "name" : "default-best" , "score" : "0.1217208933549739" }
