{ "1-const" : 0.8390713626170689 , "1-lndf" : 0.0 , "1-lntf" : 0.0 , "2-const" : 0.160928637382931 , "2-lndf" : 0.0 , "2-lntf" : 0.0 , "name" : "default-best" , "score" : "0.11706929537739297" }
