{ "1-const" : 0.12541803640505797 , "1-lndf" : -0.05567971261473131 , "1-lntf" : 0.079940118430908 , "2-const" : 0.41285789913018134 , "2-lndf" : -0.050250940634795 , "2-lntf" : 0.4877145992833789 , "name" : "default-best" , "score" : "0.10135370114042468" }
