{ "1-const" : 0.771120116077475 , "1-lndf" : 0.0 , "1-lntf" : -0.0584636982454679 , "2-const" : 0.2901206078346526 , "2-lndf" : -0.05831753899985421 , "2-lntf" : 0.05554051333319448 , "name" : "default-best" , "score" : "0.1156245143452915" }
