{ "1-const" : 0.8706332978185598 , "1-lndf" : 0.0 , "1-lntf" : -0.06461777174499081 , "2-const" : 0.19398447392643098 , "2-lndf" : 0.0 , "2-lntf" : 0.0 , "name" : "default-best" , "score" : "0.11508759543176533" }
