{ "1-const" : 0.8567848191908342 , "1-lndf" : -0.04773839360305525 , "1-lntf" : 0.0 , "2-const" : 0.190953574412221 , "2-lndf" : 0.0 , "2-lntf" : 0.0 , "name" : "default-best" , "score" : "0.13580859359367448" }
