{ "bi-/web1t-word-count" : 0.06267511300543499 , "bi-/wiki-titles-word-count" : 0.1897471206836728 , "bi-/wiki-titles-word-presence" : 0.039573562749820504 , "bi-collectiontf" : 0.04196530772698372 , "bigramcfratioimp" : 0.014937678085818138 , "name" : "default-best" , "score" : "0.11556004245530753" , "uni-/web1t-word-count" : 0.0 , "uni-/wiki-titles-word-count" : 0.30119064456024164 , "uni-/wiki-titles-word-presence" : 0.2802564051099003 , "uni-collectiontf" : 0.06965416807812803 }
