{ "bi-/web1t-word-count" : 0.050303794797288574 , "bi-/wiki-titles-word-count" : 0.2818990056992243 , "bi-/wiki-titles-word-presence" : 0.023981255609834252 , "bi-collectiontf" : 0.013942616708575937 , "bigramcfratioimp" : 0.05458710466144301 , "name" : "default-best" , "score" : "0.11321179286810124" , "uni-/web1t-word-count" : 0.018520851805141174 , "uni-/wiki-titles-word-count" : 0.06895638090052311 , "uni-/wiki-titles-word-presence" : 0.2454445009949069 , "uni-collectiontf" : 0.24236448882306297 }
