{ "bi-/web1t-word-count" : 0.04557908447600455 , "bi-/wiki-titles-word-count" : 0.23150699911561223 , "bi-/wiki-titles-word-presence" : 0.027341281906629933 , "bi-collectiontf" : 0.06945092947993543 , "bigramcfratioimp" : 0.10196915087240009 , "name" : "default-best" , "score" : "0.11944365472765414" , "uni-/web1t-word-count" : 0.02554704131908265 , "uni-/wiki-titles-word-count" : 0.09936018420584017 , "uni-/wiki-titles-word-presence" : 0.2686614256466483 , "uni-collectiontf" : 0.13058390297784667 }
