{ "bi-/web1t-word-count" : 0.07136851436425437 , "bi-/wiki-titles-word-count" : 0.19385906759603816 , "bi-/wiki-titles-word-presence" : 0.04081892758612725 , "bi-collectiontf" : 0.04652960996110471 , "bigramcfratioimp" : 0.045010645776926816 , "name" : "default-best" , "score" : "0.10842532516540826" , "uni-/web1t-word-count" : 0.07046225662183414 , "uni-/wiki-titles-word-count" : 0.15230768429143465 , "uni-/wiki-titles-word-presence" : 0.24128605547029458 , "uni-collectiontf" : 0.1383572383319852 }
