{ "bi-/web1t-word-count" : 0.02233650247507941 , "bi-/wiki-titles-word-count" : 0.24594823184362774 , "bi-/wiki-titles-word-presence" : 0.021662056784170363 , "bi-collectiontf" : 0.05059914206352355 , "bigramcfratioimp" : 0.17526305046147553 , "name" : "default-best" , "score" : "0.12721193533134426" , "uni-/web1t-word-count" : 0.0 , "uni-/wiki-titles-word-count" : 0.17857886075176277 , "uni-/wiki-titles-word-presence" : 0.20023731084157093 , "uni-collectiontf" : 0.10537484477878968 }
