{ "bi-/web1t-word-count" : 0.11432341445176304 , "bi-/wiki-titles-word-count" : 0.0 , "bi-/wiki-titles-word-presence" : 0.0 , "bi-collectiontf" : 0.0577465072168693 , "bigramcfratioimp" : 0.11432341445176304 , "name" : "default-best" , "score" : "0.19280100078247828" , "uni-/web1t-word-count" : 0.0037711381944759655 , "uni-/wiki-titles-word-count" : 0.2190198882083958 , "uni-/wiki-titles-word-presence" : 0.27181115401927797 , "uni-collectiontf" : 0.21900448345745496 }
