{ "bi-/web1t-word-count" : 0.13552934899592375 , "bi-/wiki-titles-word-count" : 0.0 , "bi-/wiki-titles-word-presence" : 0.0 , "bi-collectiontf" : 0.0390315287691206 , "bigramcfratioimp" : 0.15679225295641208 , "name" : "default-best" , "score" : "0.19716214488693543" , "uni-/web1t-word-count" : 0.07281441970030897 , "uni-/wiki-titles-word-count" : 0.3033212037338934 , "uni-/wiki-titles-word-presence" : 0.11966717940165299 , "uni-collectiontf" : 0.17284406644268832 }
