{ "bi-/web1t-word-count" : 0.10390985491393476 , "bi-/wiki-titles-word-count" : 0.0 , "bi-/wiki-titles-word-presence" : 0.0 , "bi-collectiontf" : 0.08237332377456962 , "bigramcfratioimp" : 0.09665233386998434 , "name" : "default-best" , "score" : "0.18018629927825922" , "uni-/web1t-word-count" : 0.15230609607787424 , "uni-/wiki-titles-word-count" : 0.37552749661588797 , "uni-/wiki-titles-word-presence" : 0.1416118471287015 , "uni-collectiontf" : 0.04761904761904762 }
