{ "bi-/web1t-word-count" : 0.10586305851707299 , "bi-/wiki-titles-word-count" : 0.0 , "bi-/wiki-titles-word-presence" : 0.0 , "bi-collectiontf" : 0.08920652383829934 , "bigramcfratioimp" : 0.012042815352797224 , "name" : "default-best" , "score" : "0.21060124426552207" , "uni-/web1t-word-count" : 0.16689996179154573 , "uni-/wiki-titles-word-count" : 0.13581488431277558 , "uni-/wiki-titles-word-presence" : 0.2555249289436875 , "uni-collectiontf" : 0.23464782724382158 }
