{ "bi-/web1t-word-count" : 0.09616370642610843 , "bi-/wiki-titles-word-count" : 0.0 , "bi-/wiki-titles-word-presence" : 0.0 , "bi-collectiontf" : 0.14688785902476398 , "bigramcfratioimp" : 0.05157768590570305 , "name" : "default-best" , "score" : "0.22261949664497066" , "uni-/web1t-word-count" : 0.051080528356605086 , "uni-/wiki-titles-word-count" : 0.30034704894881986 , "uni-/wiki-titles-word-presence" : 0.21852873327247796 , "uni-collectiontf" : 0.13541443806552173 }
