{ "bi-/web1t-word-count" : 0.08043874309441308 , "bi-/wiki-titles-word-count" : 0.10476911364049923 , "bi-/wiki-titles-word-presence" : 0.0 , "bi-collectiontf" : 0.08660032258801817 , "bigramcfratioimp" : 0.14083545107358195 , "name" : "default-best" , "score" : "0.15835982071345267" , "uni-/web1t-word-count" : 0.0 , "uni-/wiki-titles-word-count" : 0.215782212148134 , "uni-/wiki-titles-word-presence" : 0.17476386842666558 , "uni-collectiontf" : 0.19681028902868788 }
