{ "bi-/web1t-word-count" : 0.130441008623754 , "bi-/wiki-titles-word-count" : 0.1712139124392264 , "bi-/wiki-titles-word-presence" : 0.0 , "bi-collectiontf" : 0.0 , "bigramcfratioimp" : 0.11671142564262 , "name" : "default-best" , "score" : "0.17992829217327116" , "uni-/web1t-word-count" : 0.0 , "uni-/wiki-titles-word-count" : 0.3009259656265705 , "uni-/wiki-titles-word-presence" : 0.18066841184981663 , "uni-collectiontf" : 0.10003927581801247 }
