{ "bi-/web1t-word-count" : 0.13553836856280907 , "bi-/wiki-titles-word-count" : 0.21122294677307693 , "bi-/wiki-titles-word-presence" : 0.012452144233403356 , "bi-collectiontf" : 0.010975417915270553 , "bigramcfratioimp" : 0.10150277311807372 , "name" : "default-best" , "score" : "0.21027540933754524" , "uni-/web1t-word-count" : 0.0796794083695423 , "uni-/wiki-titles-word-count" : 0.24563742959533957 , "uni-/wiki-titles-word-presence" : 0.1317966449756905 , "uni-collectiontf" : 0.071194866456794 }
