{ "bi-/web1t-word-count" : 0.07949187690689623 , "bi-/wiki-titles-word-count" : 0.09559643230286004 , "bi-/wiki-titles-word-presence" : 0.11056422962242433 , "bi-collectiontf" : 0.031794239446731896 , "bigramcfratioimp" : 0.07949187690689623 , "name" : "default-best" , "score" : "0.21235776289328873" , "uni-/web1t-word-count" : 0.11017244032030794 , "uni-/wiki-titles-word-count" : 0.3029451109989914 , "uni-/wiki-titles-word-presence" : 0.1188311895687541 , "uni-collectiontf" : 0.07111260392613787 }
