{ "bi-/web1t-word-count" : 0.03683380902320638 , "bi-/wiki-titles-word-count" : 0.11878893086786144 , "bi-/wiki-titles-word-presence" : 0.0 , "bi-collectiontf" : 0.2939230832853721 , "bigramcfratioimp" : 0.16053913877438755 , "name" : "default-best" , "score" : "0.1897230449033339" , "uni-/web1t-word-count" : 0.0 , "uni-/wiki-titles-word-count" : 0.29749293823632333 , "uni-/wiki-titles-word-presence" : 0.0924220998128493 , "uni-collectiontf" : 0.0 }
