{ "bi-/web1t-word-count" : 0.11733557886941125 , "bi-/wiki-titles-word-count" : 0.16990781194064353 , "bi-/wiki-titles-word-presence" : 0.07338432775278464 , "bi-collectiontf" : 0.24796138689791267 , "bigramcfratioimp" : 0.12725900920906003 , "name" : "default-best" , "score" : "0.2702699195486243" , "uni-/web1t-word-count" : 0.09601555042110964 , "uni-/wiki-titles-word-count" : 0.0 , "uni-/wiki-titles-word-presence" : 0.13851803225606082 , "uni-collectiontf" : 0.02961830265301739 }
