{ "bi-/web1t-word-count" : 0.1330079923136843 , "bi-/wiki-titles-word-count" : 0.1393615372153854 , "bi-/wiki-titles-word-presence" : 0.0 , "bi-collectiontf" : 0.13506479034333518 , "bigramcfratioimp" : 0.09187203172066659 , "name" : "default-best" , "score" : "0.24412938397387574" , "uni-/web1t-word-count" : 0.13326247879289405 , "uni-/wiki-titles-word-count" : 0.13189764506999124 , "uni-/wiki-titles-word-presence" : 0.2355335245440434 , "uni-collectiontf" : 0.0 }
