{ "bi-/web1t-word-count" : 0.13363540010962813 , "bi-/wiki-titles-word-count" : 0.1900667218230871 , "bi-/wiki-titles-word-presence" : 0.04535147392290249 , "bi-collectiontf" : 0.1369274852227445 , "bigramcfratioimp" : 0.13363540010962813 , "name" : "default-best" , "score" : "0.2799778168875623" , "uni-/web1t-word-count" : 0.13363540010962813 , "uni-/wiki-titles-word-count" : 0.02518512353767131 , "uni-/wiki-titles-word-presence" : 0.12179424361276413 , "uni-collectiontf" : 0.0797687515519461 }
