{ "bi-/web1t-word-count" : 0.1649729668738479 , "bi-/wiki-titles-word-count" : 0.0 , "bi-/wiki-titles-word-presence" : 0.0 , "bi-collectiontf" : 0.21483638754946424 , "bigramcfratioimp" : 0.18990583999839458 , "name" : "default-best" , "score" : "0.2617378564185595" , "uni-/web1t-word-count" : 0.17290711667806313 , "uni-/wiki-titles-word-count" : 0.0 , "uni-/wiki-titles-word-presence" : 0.1782929041788278 , "uni-collectiontf" : 0.07908478472140251 }
