{ "bi-/web1t-word-count" : 0.11618391140332313 , "bi-/wiki-titles-word-count" : 0.2858077961456988 , "bi-/wiki-titles-word-presence" : 0.025211757343128777 , "bi-collectiontf" : 0.16216097982520777 , "bigramcfratioimp" : 0.19584092202875839 , "name" : "default-best" , "score" : "0.29756380441566666" , "uni-/web1t-word-count" : 0.06135116154623759 , "uni-/wiki-titles-word-count" : 0.010803409231869995 , "uni-/wiki-titles-word-presence" : 0.14264006247577554 , "uni-collectiontf" : 0.0 }
