{ "name" : "default-best-best" , "od-/const" : 0.06208918463439533 , "score" : "0.12455029459752649" , "uni-/const" : 0.5241036742746473 , "uni-/nn" : 0.2702745219467273 , "uww-/const" : 0.14353261914423007 }
