{ "name" : "default-best-best" , "od-/const" : 0.16767885104432076 , "score" : "0.13042236749882624" , "uni-/const" : 0.6333770689424805 , "uni-/nn" : 0.1477647955200973 , "uww-/const" : 0.05117928449310138 }
