{ "name" : "default-best-best" , "od-/const" : 0.09601485398164736 , "score" : "0.13329681587236936" , "uni-/const" : 0.5904289957359367 , "uni-/nn" : 0.07173385147133873 , "uww-/const" : 0.24182229881107728 }
