{ "name" : "default-best-best" , "od-/const" : 0.12539297308924383 , "score" : "0.1276862356687616" , "uni-/const" : 0.5838093069771635 , "uni-/nn" : 0.11910621871699931 , "uww-/const" : 0.17169150121659352 }
