{ "name" : "default-best-best" , "od-/const" : 0.13207867449550684 , "score" : "0.12498457304715622" , "uni-/const" : 0.5940180282470149 , "uni-/nn" : 0.16631646958568666 , "uww-/const" : 0.10758682767179174 }
