{ "name" : "default-best-best" , "od-/const" : 0.13411332241820073 , "score" : "0.2054555936213595" , "uni-/const" : 0.7615812432863496 , "uni-/nn" : 0.05476139407457182 , "uww-/const" : 0.049544040220877876 }
