{ "name" : "default-best-best" , "od-/const" : 0.20940470550297943 , "score" : "0.2084862033522798" , "uni-/const" : 0.637223634568358 , "uni-/nn" : -0.10302104026720275 , "uww-/const" : 0.2563927001958654 }
