{ "name" : "default-best-best" , "od-/const" : 0.2845362843148392 , "score" : "0.2154814170277266" , "uni-/const" : 0.3566885544143561 , "uni-/nn" : 0.030051460418059263 , "uww-/const" : 0.3287237008527455 }
