{ "name" : "default-best-best" , "od-/const" : 0.33060487221080315 , "score" : "0.23387155235748133" , "uni-/const" : 0.5241659060785293 , "uni-/nn" : -0.11108137466459278 , "uww-/const" : 0.25631059637526016 }
