{ "name" : "default-best-best" , "od-/const" : 0.09667062517871973 , "score" : "0.22003068869233722" , "uni-/const" : 0.6658680622258613 , "uni-/nn" : 0.10541881547627828 , "uww-/const" : 0.13204249711914068 }
