{ "name" : "default-best-best" , "od-/const" : 0.2631578947368421 , "score" : "0.2517386238851897" , "uni-/const" : 0.2631578947368421 , "uni-/nn" : 0.21052631578947367 , "uww-/const" : 0.2631578947368421 }
