{ "name" : "default-best-best" , "od-/const" : 0.29724789300691895 , "score" : "0.2503708194454291" , "uni-/const" : 0.48345863963211094 , "uni-/nn" : 0.0 , "uww-/const" : 0.21929346736097022 }
