{ "name" : "default-best-best" , "od-/const" : 0.25062656641604014 , "score" : "0.22562493879847195" , "uni-/const" : 0.29824561403508776 , "uni-/nn" : 0.2005012531328321 , "uww-/const" : 0.25062656641604014 }
