{ "name" : "default-best-best" , "od-/const" : 0.3543621404803822 , "score" : "0.20943006166454986" , "uni-/const" : 0.44041051077272875 , "uni-/nn" : 0.04359024669085602 , "uww-/const" : 0.16163710205603285 }
