{ "name" : "default-best-best" , "od-/const" : 0.16746294669210895 , "score" : "0.21077184621090314" , "uni-/const" : 0.3553976026404915 , "uni-/nn" : 0.40709558620728886 , "uww-/const" : 0.07004386446011072 }
