{ "name" : "default-best-best" , "od-/const" : 0.1418820532632691 , "score" : "0.3929499079285469" , "uni-/const" : 0.43918312492233536 , "uni-/nn" : 0.26804393520085096 , "uww-/const" : 0.1508908866135445 }
