{ "name" : "default-best-best" , "od-/const" : 0.028407878658474703 , "score" : "0.41365620058703984" , "uni-/const" : 0.4039109706343509 , "uni-/nn" : 0.20340002095418255 , "uww-/const" : 0.3642811297529919 }
