{ "name" : "default-best-best" , "od-/const" : 0.13727071782886024 , "score" : "0.42562451530625073" , "uni-/const" : 0.5049899879501214 , "uni-/nn" : 0.004784455871150369 , "uww-/const" : 0.35295483834986796 }
