{ "name" : "default-best-best" , "od-/const" : 0.15618114470637195 , "score" : "0.4053095489076073" , "uni-/const" : 0.4514302452409223 , "uni-/nn" : 0.23099391816524453 , "uww-/const" : 0.16139469188746128 }
