{ "name" : "default-best-best" , "od-/const" : 0.14248901539940637 , "score" : "0.38329667253198824" , "uni-/const" : 0.3783336816286528 , "uni-/nn" : 0.1389663612500453 , "uww-/const" : 0.3402109417218956 }
