{"uniw" : 0.7764337584237613 , "odw" : 0.08699476988802726 , "uww" : 0.13657147168821138,
 "uni-attributes" : 0.6196147564076744 , "uni-categories" : 0.33510633743753704 , "uni-names" : 0.04527890615478847 , "uni-outgoingentitynames" : 0.0 , "uni-similarentitynames" : 0.0,
 "od-attributes" : 0.2126448029205636 , "od-categories" : 0.26314794361419735 , "od-names" : 0.16239253657624872 , "od-outgoingentitynames" : 0.043245889256116506 , "od-similarentitynames" : 0.3185688276328738,
 "uww-attributes" : 0.3721916530044561 , "uww-categories" : 0.3698814652676961 , "uww-names" : 0.21341942412589088 , "uww-outgoingentitynames" : 0.0 , "uww-similarentitynames" : 0.044507457601956846}
