{"uniw" : 0.701433496353984 , "odw" : 0.14916833244179778 , "uww" : 0.14939817120421808,
 "uni-attributes" : 0.5553818931711264 , "uni-categories" : 0.20464059421472666 , "uni-names" : 0.11255263592685905 , "uni-outgoingentitynames" : 0.06252307765824162 , "uni-similarentitynames" : 0.06490179902904632,
 "od-attributes" : 0.2535824358766457 , "od-categories" : 0.40126664184413174 , "od-names" : 0.19263374885595683 , "od-outgoingentitynames" : 0.0179929479791566 , "od-similarentitynames" : 0.13452422544410905,
"uww-attributes" : 0.3427270750544676 , "uww-categories" : 0.26397098658883783 , "uww-names" : 0.2347140605500227 , "uww-outgoingentitynames" : 0.010189459631068433 , "uww-similarentitynames" : 0.14839841817560345}
