{"uniw" : 0.8005877939072836 , "odw" : 0.1489265817164899 , "uww" : 0.05048562437622645,
 "uni-attributes" : 0.49647221222547905 , "uni-categories" : 0.25089284984559074 , "uni-names" : 0.0 , "uni-outgoingentitynames" : 0.0375895335765353 , "uni-similarentitynames" : 0.215045404352395,
 "od-attributes" : 0.23091713401390135 , "od-categories" : 0.3446906544074414 , "od-names" : 0.13789251892483792 , "od-outgoingentitynames" : 0.032548111659235525 , "od-similarentitynames" : 0.25395158099458376,
"uww-attributes" : 0.23480243728296626 , "uww-categories" : 0.35900827123869256 , "uww-names" : 0.15771684491194185 , "uww-outgoingentitynames" : 0.0 , "uww-similarentitynames" : 0.24847244656639936}
