{"uniw" : 0.652555214563501 , "odw" : 0.2089245838493049 , "uww" : 0.1385202015871942,
 "uni-attributes" : 0.5162130775262597 , "uni-categories" : 0.2756045494476136 , "uni-names" : 0.06896374580647993 , "uni-outgoingentitynames" : 0.058449348990860114 , "uni-similarentitynames" : 0.08076927822878664,
 "od-attributes" : 0.23981651852260238 , "od-categories" : 0.3070371293002265 , "od-names" : 0.14737616582630844 , "od-outgoingentitynames" : 0.05077442926922688 , "od-similarentitynames" : 0.2549957570816359,
"uww-attributes" : 0.36691746867819147 , "uww-categories" : 0.3376640872427633 , "uww-names" : 0.0 , "uww-outgoingentitynames" : 0.0 , "uww-similarentitynames" : 0.2954184440790452}
