{"uniw" : 0.5501606774764928 , "odw" : 0.16880807687944918 , "uww" : 0.2810312456440582,
 "uni-attributes" : 0.34500298741756297 , "uni-categories" : 0.5436008187475763 , "uni-names" : 0.0 , "uni-outgoingentitynames" : 0.060871243720072736 , "uni-similarentitynames" : 0.05052495011478802,
 "od-attributes" : 0.3379209216405737 , "od-categories" : 0.3873442384838199 , "od-names" : 0.0 , "od-outgoingentitynames" : 0.2813593300739829 , "od-similarentitynames" : 0.06515359406490308,
 "uww-attributes" : 0.27686493238154036 , "uww-categories" : 0.3326915203005257 , "uww-names" : 0.05690742577619039 , "uww-outgoingentitynames" : 0.22092040970502816 , "uww-similarentitynames" : 0.11261571183671538
}
