{"uniw" : 0.6285073541806828 , "odw" : 0.20856356752899344 , "uww" : 0.1629290782903237,
 "uni-attributes" : 0.4290440586015544 , "uni-categories" : 0.5735734802639135 , "uni-names" : 0.0 , "uni-outgoingentitynames" : 0.050014040081900635 , "uni-similarentitynames" : 0.0,
 "od-attributes" : 0.23958840216666752 , "od-categories" : 0.4108574268868683 , "od-names" : 0.0 , "od-outgoingentitynames" : 0.28794243056467933 , "od-similarentitynames" : 0.11437522804831945,
 "uww-attributes" : 0.3521266239290761 , "uww-categories" : 0.476924168215318 , "uww-names" : 0.04611556498181908 , "uww-outgoingentitynames" : 0.12483364287378661 , "uww-similarentitynames" : 0.0
}
