{"uniw" : 0.7211972568578452 , "odw" : 0.08800416262369215 , "uww" : 0.19079858051846274,
 "uni-attributes" : 0.4928060486473543 , "uni-categories" : 0.5009721159674229 , "uni-names" : 0.0 , "uni-outgoingentitynames" : 0.07592190060055913 , "uni-similarentitynames" : 0.14046220228281228,
 "od-attributes" : 0.2527800900782942 , "od-categories" : 0.44627522589881724 , "od-names" : 0.0 , "od-outgoingentitynames" : 0.30751471312508344 , "od-similarentitynames" : 0.04355528418101303,
 "uww-attributes" : 0.3887771143670298 , "uww-categories" : 0.48990757256823775 , "uww-names" : 0.0 , "uww-outgoingentitynames" : 0.15244723518081915 , "uww-similarentitynames" : 0.020948383579197597
}
