{"uniw" : 0.4558679701593297 , "odw" : 0.23868586042349382 , "uww" : 0.30544616941717656,
 "uni-attributes" : 0.43785865368708293 , "uni-categories" : 0.5253670716797297 , "uni-names" : 0.0 , "uni-outgoingentitynames" : 0.08231907257092247 , "uni-similarentitynames" : 0.18691717980563682,
 "od-attributes" : 0.3077370357908886 , "od-categories" : 0.3561746188185033 , "od-names" : 0.0 , "od-outgoingentitynames" : 0.2556564175686979 , "od-similarentitynames" : 0.1282899665217149,
 "uww-attributes" : 0.38677747290643016 , "uww-categories" : 0.2811353507727911 , "uww-names" : 0.0 , "uww-outgoingentitynames" : 0.17184536637734685 , "uww-similarentitynames" : 0.2128733888908002
}
