{"uniw" : 0.7826795774110121 , "odw" : 0.08686718236128703 , "uww" : 0.13045324022770086,
 "uni-attributes" : 0.44925620130018795 , "uni-categories" : 0.5371846579813959 , "uni-names" : 0.0 , "uni-outgoingentitynames" : 0.06884213455220048 , "uni-similarentitynames" : 0.05302829772831555,
 "od-attributes" : 0.2528621333786259 , "od-categories" : 0.4550548061355551 , "od-names" : 0.0 , "od-outgoingentitynames" : 0.28784454350415417 , "od-similarentitynames" : 0.11268935669568107,
 "uww-attributes" : 0.3789733694628591 , "uww-categories" : 0.457951647159174 , "uww-names" : 0.0 , "uww-outgoingentitynames" : 0.15810603876436286 , "uww-similarentitynames" : 0.060370606663465484
}
