{"uniw" : 0.47221699142407453 , "odw" : 0.5277830085759254 , "uww" : 0.0,
 "uni-attributes" : 0.3280196905653694 , "uni-categories" : 0.10052223232448756 , "uni-names" : 0.0 , "uni-outgoingentitynames" : 0.4500731702805148 , "uni-similarentitynames" : 0.17414839449616287,
 "od-attributes" : 0.11685451576547892 , "od-categories" : 0.4330367459035409 , "od-names" : 0.0 , "od-outgoingentitynames" : 0.2315390611314737 , "od-similarentitynames" : 0.21856967719950646,
 "uww-attributes" : 0.13231988709920187 , "uww-categories" : 0.3185090557713697 , "uww-names" : 0.0 , "uww-outgoingentitynames" : 0.31517879262736687 , "uww-similarentitynames" : 0.2339922645020617
}
