{"uniw" : 0.5116820974729209 , "odw" : 0.21258886209402797 , "uww" : 0.2757290404330511,
 "uni-attributes" : 0.3237564927890043 , "uni-categories" : 0.3350701916558339 , "uni-names" : 0.0 , "uni-outgoingentitynames" : 0.2758837929045529 , "uni-similarentitynames" : 0.1237532208960767,
 "od-attributes" : 0.12995826010841596 , "od-categories" : 0.4535486834090042 , "od-names" : 0.0 , "od-outgoingentitynames" : 0.21695295686852684 , "od-similarentitynames" : 0.19954009961405295,
 "uww-attributes" : 0.19205148494946933 , "uww-categories" : 0.39046298002210544 , "uww-names" : 0.0 , "uww-outgoingentitynames" : 0.2846244762094345 , "uww-similarentitynames" : 0.1807190975187954
}
