{"uniw" : 0.5944885041447774 , "odw" : 0.2263184456311736 , "uww" : 0.1791930502240489,
 "uni-attributes" : 0.3393024303651399 , "uni-categories" : 0.26205436859166065 , "uni-names" : 0.0 , "uni-outgoingentitynames" : 0.34711234512703126 , "uni-similarentitynames" : 0.10165616919937626,
 "od-attributes" : 0.1313248131227197 , "od-categories" : 0.57392110942892 , "od-names" : 0.0 , "od-outgoingentitynames" : 0.1554878334950407 , "od-similarentitynames" : 0.1392662439533195,
 "uww-attributes" : 0.15191791080352626 , "uww-categories" : 0.3963173141490979 , "uww-names" : 0.0 , "uww-outgoingentitynames" : 0.2602513772026531 , "uww-similarentitynames" : 0.1915133978447228
}
