{"uniw" : 0.6377080381168726 , "odw" : 0.21441627614579967 , "uww" : 0.14787568573732782,
 "uni-attributes" : 0.3865610815621526 , "uni-categories" : 0.0379328991558429 , "uni-names" : 0.21364482887610703 , "uni-outgoingentitynames" : 0.059543181270778296 , "uni-similarentitynames" : 0.3023180091351192,
 "od-attributes" : 0.21974487714254462 , "od-categories" : 0.16275816679548244 , "od-names" : 0.2814962477346151 , "od-outgoingentitynames" : 0.0 , "od-similarentitynames" : 0.33600070832735784,
 "uww-attributes" : 0.2833706444318878 , "uww-categories" : 0.0829945335523336 , "uww-names" : 0.2814780972658502 , "uww-outgoingentitynames" : 0.0 , "uww-similarentitynames" : 0.35215672474992854
}
