{ "name" : "default-best-best" , "od-/const" : 0.09285714290000001 , "od-/google-ngrams-word-invcount" : 0.0 , "score" : "0.12925001053568919" , "uni-/const" : 0.34285714289999997 , "uni-/dep-leaf" : 0.09285714290000001 , "uni-/google-ngrams-word-invcount" : 0.2928571429 , "uww-/const" : 0.09285714290000001 , "uww-/google-ngrams-word-invcount" : 0.0 }
