{ "name" : "default-best-best" , "od-/const" : 0.08571428580000001 , "od-/google-ngrams-word-invcount" : 0.08571428580000001 , "score" : "0.12179045929077388" , "uni-/const" : 0.2928571429 , "uni-/dep-leaf" : 0.1428571429 , "uni-/google-ngrams-word-invcount" : 0.2928571429 , "uww-/const" : 0.09285714290000001 , "uww-/google-ngrams-word-invcount" : 0.08571428580000001 }
