{ "name" : "default-best-best" , "od-/const" : 0.1357142858 , "od-/google-ngrams-word-invcount" : 0.1428571429 , "score" : "0.208984269381783" , "uni-/const" : 0.2928571429 , "uni-/dep-leaf" : 0.042857142900000006 , "uni-/google-ngrams-word-invcount" : 0.1928571429 , "uww-/const" : 0.1428571429 , "uww-/google-ngrams-word-invcount" : 0.042857142900000006 }
