{ "1-const" : 0.8880460445585758 , "1-lndf" : -0.06154073499522936 , "1-lntf" : 0.05861022380498034 , "2-const" : 0.11488446663167327 , "2-lndf" : 0.0 , "2-lntf" : 0.0 , "name" : "default-best" , "score" : "0.14172120760591694" }
