{ "1-const" : 0.9133820626072372 , "1-lndf" : -0.05025094063479503 , "1-lntf" : 0.04797798365895215 , "2-const" : 0.08889089436860576 , "2-lndf" : 0.0 , "2-lntf" : 0.0 , "name" : "default-best" , "score" : "0.13500343601347434" }
