{ "1-const" : 0.8940623867863968 , "1-lndf" : 0.0 , "1-lntf" : 0.0 , "2-const" : 0.10593761321360316 , "2-lndf" : 0.0 , "2-lntf" : 0.0 , "name" : "default-best" , "score" : "0.13028431948283978" }
