{ "1-const" : 0.9184614050900414 , "1-lndf" : -0.0554016620498615 , "1-lntf" : 0.04569590443303927 , "2-const" : 0.09124435252678091 , "2-lndf" : 0.0 , "2-lntf" : 0.0 , "name" : "default-best" , "score" : "0.14005099152950448" }
