{ "1-const" : 0.8841226672276686 , "1-lndf" : -0.055679712614731286 , "1-lntf" : 0.05631310264698737 , "2-const" : 0.11524394274007509 , "2-lndf" : 0.0 , "2-lntf" : 0.0 , "name" : "default-best" , "score" : "0.20298010090347537" }
