{ "1-const" : 0.3208798666642855 , "1-lndf" : 0.06337536129622305 , "1-lntf" : 0.3166222871120039 , "2-const" : 0.2137225991160876 , "2-lndf" : 0.08539988581139998 , "2-lntf" : 0.0 , "name" : "default-best" , "score" : "0.22907038407263333" }
