{ "1-const" : 0.9040260559313436 , "1-lndf" : 0.050250940634795016 , "1-lntf" : -0.05276348766653476 , "2-const" : 0.09848649110039627 , "2-lndf" : 0.0 , "2-lntf" : 0.0 , "name" : "default-best" , "score" : "0.21894677481614885" }
