{ "1-const" : 0.8918348502836037 , "1-lndf" : 0.0 , "1-lntf" : 0.0 , "2-const" : 0.10816514971639626 , "2-lndf" : 0.0 , "2-lntf" : 0.0 , "name" : "default-best" , "score" : "0.19452375542592393" }
