{ "1-const" : 0.79226762511505 , "1-lndf" : 0.043191879926573806 , "1-lntf" : 0.0 , "2-const" : 0.16454049495837636 , "2-lndf" : 0.0 , "2-lntf" : 0.0 , "name" : "default-best" , "score" : "0.23794554644403326" }
