{ "1-const" : 0.6934670453311126 , "1-lndf" : 0.07886396459007991 , "1-lntf" : 0.04140358140979195 , "2-const" : 0.11106274998961008 , "2-lndf" : 0.037554268852419 , "2-lntf" : 0.037648389826986456 , "name" : "default-best" , "score" : "0.2536706483582487" }
