{ "1-const" : 0.8114333452679319 , "1-lndf" : -0.04773839360305526 , "1-lntf" : 0.0 , "2-const" : 0.23630504833512353 , "2-lndf" : 0.0 , "2-lntf" : 0.0 , "name" : "default-best" , "score" : "0.27869571860559167" }
