{ "1-const" : 0.7361022142874735 , "1-lndf" : 0.045465136764814534 , "1-lntf" : -0.05012531328320803 , "2-const" : 0.26855796223092004 , "2-lndf" : 0.0 , "2-lntf" : 0.0 , "name" : "default-best" , "score" : "0.29815660211648976" }
