{ "1-const" : 0.7256235827664399 , "1-lndf" : 0.0 , "1-lntf" : 0.04761904761904763 , "2-const" : 0.2267573696145125 , "2-lndf" : 0.0 , "2-lntf" : 0.0 , "name" : "default-best" , "score" : "0.25294495530913097" }
