{ "bi-attributes-/nns" : 0.0 , "bi-attributes-baselinetopscore" : 0.16841983399528512 , "bi-attributes-fieldlikelihood" : 0.0 , "bi-categories-/nns" : 0.11724796813594526 , "bi-categories-baselinetopscore" : 0.18250030055274385 , "bi-categories-fieldlikelihood" : 0.06381260217834081 , "bi-names-/nns" : 0.0348737286372486 , "bi-names-baselinetopscore" : 0.07649740163539807 , "bi-names-fieldlikelihood" : 0.05659359118052898 , "bi-outgoingentitynames-/nns" : 0.17647183044737016 , "bi-outgoingentitynames-baselinetopscore" : 0.0 , "bi-outgoingentitynames-fieldlikelihood" : 0.0 , "bi-similarentitynames-/nns" : 0.009956585925479565 , "bi-similarentitynames-baselinetopscore" : 0.11362615731165979 , "bi-similarentitynames-fieldlikelihood" : 0.0 , "name" : "default-best" , "score" : "0.07388057760023757" }
