{ "bi-attributes-/nns" : 0.0 , "bi-attributes-baselinetopscore" : 0.15790179736495163 , "bi-attributes-fieldlikelihood" : 0.015601142012755715 , "bi-categories-/nns" : 0.2336104901050545 , "bi-categories-baselinetopscore" : 0.11138414182031206 , "bi-categories-fieldlikelihood" : 0.13885615867341447 , "bi-names-/nns" : 0.0489559074619674 , "bi-names-baselinetopscore" : 0.0726677384550823 , "bi-names-fieldlikelihood" : 0.027447576862073837 , "bi-outgoingentitynames-/nns" : 0.0 , "bi-outgoingentitynames-baselinetopscore" : 0.0 , "bi-outgoingentitynames-fieldlikelihood" : 0.0 , "bi-similarentitynames-/nns" : 0.047272009322533684 , "bi-similarentitynames-baselinetopscore" : 0.1183813304927087 , "bi-similarentitynames-fieldlikelihood" : 0.02792170742914566 , "name" : "default-best" , "score" : "0.07908773979857701" }
