{ "bi-attributes-/nns" : 0.0 , "bi-attributes-baselinetopscore" : 0.05590392561798941 , "bi-attributes-fieldlikelihood" : 0.08123309016020883 , "bi-categories-/nns" : 0.12049015627155474 , "bi-categories-baselinetopscore" : 0.09198554712400359 , "bi-categories-fieldlikelihood" : 0.08545200678958317 , "bi-names-/nns" : 0.10533731441505086 , "bi-names-baselinetopscore" : 0.08047012869367434 , "bi-names-fieldlikelihood" : 0.0 , "bi-outgoingentitynames-/nns" : 0.14596205542112925 , "bi-outgoingentitynames-baselinetopscore" : 0.0 , "bi-outgoingentitynames-fieldlikelihood" : 0.0 , "bi-similarentitynames-/nns" : 0.0 , "bi-similarentitynames-baselinetopscore" : 0.22222535156688264 , "bi-similarentitynames-fieldlikelihood" : 0.010940423939923196 , "name" : "default-best" , "score" : "0.07109373498956198" }
