{ "bi-attributes-/nns" : 0.12846699524840977 , "bi-attributes-baselinetopscore" : 0.062140899581898355 , "bi-attributes-fieldlikelihood" : 0.0731545225121563 , "bi-categories-/nns" : 0.16247677981614164 , "bi-categories-baselinetopscore" : 0.24449490335529483 , "bi-categories-fieldlikelihood" : 0.10209354536852229 , "bi-names-/nns" : 0.022430718191358067 , "bi-names-baselinetopscore" : 0.0 , "bi-names-fieldlikelihood" : 0.0 , "bi-outgoingentitynames-/nns" : 0.019265146772062206 , "bi-outgoingentitynames-baselinetopscore" : 0.11068048048289059 , "bi-outgoingentitynames-fieldlikelihood" : 0.0 , "bi-similarentitynames-/nns" : 0.07479600867126596 , "bi-similarentitynames-baselinetopscore" : 0.0 , "bi-similarentitynames-fieldlikelihood" : 0.0 , "name" : "default-best" , "score" : "0.1848498958943813" }
