{ "bi-attributes-/nns" : 0.1447492876790873 , "bi-attributes-baselinetopscore" : 0.08026035865150813 , "bi-attributes-fieldlikelihood" : 0.0 , "bi-categories-/nns" : 0.2189323102994562 , "bi-categories-baselinetopscore" : 0.13265111680666689 , "bi-categories-fieldlikelihood" : 0.26020090471176216 , "bi-names-/nns" : 0.04063451851435389 , "bi-names-baselinetopscore" : 0.0 , "bi-names-fieldlikelihood" : 0.0 , "bi-outgoingentitynames-/nns" : 0.0 , "bi-outgoingentitynames-baselinetopscore" : 0.048413391896467185 , "bi-outgoingentitynames-fieldlikelihood" : 0.03267245066369331 , "bi-similarentitynames-/nns" : 0.04148566077700492 , "bi-similarentitynames-baselinetopscore" : 0.0 , "bi-similarentitynames-fieldlikelihood" : 0.0 , "name" : "default-best" , "score" : "0.21681853974704396" }
