{ "bi-attributes-/nns" : 0.0 , "bi-attributes-baselinetopscore" : 0.11039003415397261 , "bi-attributes-fieldlikelihood" : 0.08927533070220932 , "bi-categories-/nns" : 0.09814375320235975 , "bi-categories-baselinetopscore" : 0.3211694843097272 , "bi-categories-fieldlikelihood" : 0.06471875550838413 , "bi-names-/nns" : 0.030401860307477633 , "bi-names-baselinetopscore" : 0.0 , "bi-names-fieldlikelihood" : 0.0 , "bi-outgoingentitynames-/nns" : 0.0 , "bi-outgoingentitynames-baselinetopscore" : 0.16439735789105156 , "bi-outgoingentitynames-fieldlikelihood" : 0.04417936598459638 , "bi-similarentitynames-/nns" : 0.07732405794022136 , "bi-similarentitynames-baselinetopscore" : 0.0 , "bi-similarentitynames-fieldlikelihood" : 0.0 , "name" : "default-best" , "score" : "0.1902607696669692" }
