{ "bi-attributes-/nns" : 0.0 , "bi-attributes-baselinetopscore" : 0.08371578123802234 , "bi-attributes-fieldlikelihood" : 0.043108926168336135 , "bi-categories-/nns" : 0.24825689243357982 , "bi-categories-baselinetopscore" : 0.25054074798862586 , "bi-categories-fieldlikelihood" : 0.09122503294230001 , "bi-names-/nns" : 0.0 , "bi-names-baselinetopscore" : 0.0 , "bi-names-fieldlikelihood" : 0.0 , "bi-outgoingentitynames-/nns" : 0.02644917085833207 , "bi-outgoingentitynames-baselinetopscore" : 0.14603289216920456 , "bi-outgoingentitynames-fieldlikelihood" : 0.030501897104612482 , "bi-similarentitynames-/nns" : 0.01984371050500631 , "bi-similarentitynames-baselinetopscore" : 0.05807892301130614 , "bi-similarentitynames-fieldlikelihood" : 0.0022460255806743697 , "name" : "default-best" , "score" : "0.18313356316451526" }
