{ "bi-attributes-/nns" : 0.04699314149092205 , "bi-attributes-baselinetopscore" : 0.0 , "bi-attributes-fieldlikelihood" : 0.0043767297451731855 , "bi-categories-/nns" : 0.18587006426625108 , "bi-categories-baselinetopscore" : 0.1470678555239239 , "bi-categories-fieldlikelihood" : 0.15896588016592797 , "bi-names-/nns" : 0.0 , "bi-names-baselinetopscore" : 0.0 , "bi-names-fieldlikelihood" : 0.0 , "bi-outgoingentitynames-/nns" : 0.1035113721522892 , "bi-outgoingentitynames-baselinetopscore" : 0.021911327636101124 , "bi-outgoingentitynames-fieldlikelihood" : 0.1912560018754465 , "bi-similarentitynames-/nns" : 0.0 , "bi-similarentitynames-baselinetopscore" : 0.11961938669052331 , "bi-similarentitynames-fieldlikelihood" : 0.020428240453441722 , "name" : "default-best" , "score" : "0.1958231367044693" }
