{ "bi-attributes-/nns" : 0.008486483568504283 , "bi-attributes-baselinetopscore" : 0.04188952688279763 , "bi-attributes-fieldlikelihood" : 0.0 , "bi-categories-/nns" : 0.19971326144772175 , "bi-categories-baselinetopscore" : 0.22931559732314807 , "bi-categories-fieldlikelihood" : 0.058599226260954124 , "bi-names-/nns" : 0.0 , "bi-names-baselinetopscore" : 0.0 , "bi-names-fieldlikelihood" : 0.0 , "bi-outgoingentitynames-/nns" : 0.07534776803087395 , "bi-outgoingentitynames-baselinetopscore" : 0.1138413181521408 , "bi-outgoingentitynames-fieldlikelihood" : 0.1538467590485101 , "bi-similarentitynames-/nns" : 0.0 , "bi-similarentitynames-baselinetopscore" : 0.11896005928534936 , "bi-similarentitynames-fieldlikelihood" : 0.0 , "name" : "default-best" , "score" : "0.17438702880673396" }
