{ "bi-attributes-/nns" : 0.03436941027879127 , "bi-attributes-baselinetopscore" : 0.010444699365003808 , "bi-attributes-fieldlikelihood" : 0.0 , "bi-categories-/nns" : 0.10898308194348909 , "bi-categories-baselinetopscore" : 0.23023651530168487 , "bi-categories-fieldlikelihood" : 0.14282969167154705 , "bi-names-/nns" : 0.0 , "bi-names-baselinetopscore" : 0.0 , "bi-names-fieldlikelihood" : 0.0 , "bi-outgoingentitynames-/nns" : 0.0 , "bi-outgoingentitynames-baselinetopscore" : 0.18759673857945003 , "bi-outgoingentitynames-fieldlikelihood" : 0.041765963510113774 , "bi-similarentitynames-/nns" : 0.0887995735132481 , "bi-similarentitynames-baselinetopscore" : 0.15497432583667203 , "bi-similarentitynames-fieldlikelihood" : 0.0 , "name" : "default-best" , "score" : "0.15070296593876376" }
