{ "bi-attributes-/nns" : 0.041255916164985286 , "bi-attributes-baselinetopscore" : 0.15246674167008675 , "bi-attributes-fieldlikelihood" : 0.0 , "bi-categories-/nns" : 0.0958298101250162 , "bi-categories-baselinetopscore" : 0.04945484513147282 , "bi-categories-fieldlikelihood" : 0.05340558022771609 , "bi-names-/nns" : 0.0 , "bi-names-baselinetopscore" : 0.12701019887079212 , "bi-names-fieldlikelihood" : 0.07230191885705795 , "bi-outgoingentitynames-/nns" : 0.02731466725266388 , "bi-outgoingentitynames-baselinetopscore" : 0.0 , "bi-outgoingentitynames-fieldlikelihood" : 0.0 , "bi-similarentitynames-/nns" : 0.03702156529819075 , "bi-similarentitynames-baselinetopscore" : 0.19761191396751276 , "bi-similarentitynames-fieldlikelihood" : 0.14632684243450522 , "name" : "default-best" , "score" : "0.332892600961201" }
