{ "bi-attributes-/nns" : 0.06736872758675999 , "bi-attributes-baselinetopscore" : 0.12338109476666717 , "bi-attributes-fieldlikelihood" : 0.0 , "bi-categories-/nns" : 0.15063496362037948 , "bi-categories-baselinetopscore" : 0.005108354987208571 , "bi-categories-fieldlikelihood" : 0.03607809887762604 , "bi-names-/nns" : 0.1079744745439848 , "bi-names-baselinetopscore" : 0.06160315157919694 , "bi-names-fieldlikelihood" : 0.029680860074211873 , "bi-outgoingentitynames-/nns" : 0.05879525796653245 , "bi-outgoingentitynames-baselinetopscore" : 0.0 , "bi-outgoingentitynames-fieldlikelihood" : 0.0 , "bi-similarentitynames-/nns" : 0.15075095197658064 , "bi-similarentitynames-baselinetopscore" : 0.007101721249641898 , "bi-similarentitynames-fieldlikelihood" : 0.20152234277121026 , "name" : "default-best" , "score" : "0.2942129938903885" }
