{ "bi-attributes-/nns" : 0.09345687120343195 , "bi-attributes-baselinetopscore" : 0.07716988666794362 , "bi-attributes-fieldlikelihood" : 0.030028613005944654 , "bi-categories-/nns" : 0.1519431762520068 , "bi-categories-baselinetopscore" : 0.04024501592977976 , "bi-categories-fieldlikelihood" : 0.0 , "bi-names-/nns" : 0.04744627118225338 , "bi-names-baselinetopscore" : 0.10755581808315892 , "bi-names-fieldlikelihood" : 0.024606140683612866 , "bi-outgoingentitynames-/nns" : 0.022989959978645558 , "bi-outgoingentitynames-baselinetopscore" : 0.0 , "bi-outgoingentitynames-fieldlikelihood" : 0.0 , "bi-similarentitynames-/nns" : 0.1833464613457731 , "bi-similarentitynames-baselinetopscore" : 0.1586570999256594 , "bi-similarentitynames-fieldlikelihood" : 0.06255468574179002 , "name" : "default-best" , "score" : "0.3418878983732619" }
