{ "bi-attributes-/nns" : 0.04480341635224917 , "bi-attributes-baselinetopscore" : 0.02530942554770278 , "bi-attributes-fieldlikelihood" : 0.07791898496043338 , "bi-categories-/nns" : 0.1679505880052357 , "bi-categories-baselinetopscore" : 0.030438857590444013 , "bi-categories-fieldlikelihood" : 0.05587980703667859 , "bi-names-/nns" : 0.05140602327216725 , "bi-names-baselinetopscore" : 0.12802332725827203 , "bi-names-fieldlikelihood" : 0.030794069035207722 , "bi-outgoingentitynames-/nns" : 0.05662762060460223 , "bi-outgoingentitynames-baselinetopscore" : 0.0 , "bi-outgoingentitynames-fieldlikelihood" : 0.0 , "bi-similarentitynames-/nns" : 0.07791898496043338 , "bi-similarentitynames-baselinetopscore" : 0.12528041201199783 , "bi-similarentitynames-fieldlikelihood" : 0.12764848336457602 , "name" : "default-best" , "score" : "0.3151336959263998" }
