{ "name" : "default-best" , "score" : "0.11025433945264873" , "uni-attributes-/question-dep" : 0.20039000770843232 , "uni-attributes-fieldlikelihood" : 0.14369449253055822 , "uni-categories-/question-dep" : 0.17785072482068912 , "uni-categories-fieldlikelihood" : 0.10597463175659051 , "uni-names-/question-dep" : 0.10659834165493227 , "uni-names-fieldlikelihood" : 0.0 , "uni-outgoingentitynames-/question-dep" : 0.16422508428493618 , "uni-outgoingentitynames-fieldlikelihood" : 0.0 , "uni-similarentitynames-/question-dep" : 0.047178130353922744 , "uni-similarentitynames-fieldlikelihood" : 0.0540885868899386 }
