{ "name" : "default-best" , "score" : "0.11425372193824693" , "uni-attributes-/question-dep" : 0.11109281498599392 , "uni-attributes-fieldlikelihood" : 0.1737179767920815 , "uni-categories-/question-dep" : 0.12058699659140129 , "uni-categories-fieldlikelihood" : 0.1471453529874928 , "uni-names-/question-dep" : 0.13790744110264558 , "uni-names-fieldlikelihood" : 0.0 , "uni-outgoingentitynames-/question-dep" : 0.13127427925565033 , "uni-outgoingentitynames-fieldlikelihood" : 0.008768271411882583 , "uni-similarentitynames-/question-dep" : 0.10811436252472811 , "uni-similarentitynames-fieldlikelihood" : 0.06139250434812376 }
