{ "name" : "default-best" , "score" : "0.19156322390723313" , "uni-attributes-/question-dep" : 0.36425437620366197 , "uni-attributes-fieldlikelihood" : 0.1171538206912764 , "uni-categories-/question-dep" : 0.08659388324738765 , "uni-categories-fieldlikelihood" : 0.09631322528540266 , "uni-names-/question-dep" : 0.030312581235915605 , "uni-names-fieldlikelihood" : 0.0 , "uni-outgoingentitynames-/question-dep" : 0.00481207158436491 , "uni-outgoingentitynames-fieldlikelihood" : 0.1767466127250909 , "uni-similarentitynames-/question-dep" : 0.047619047619047616 , "uni-similarentitynames-fieldlikelihood" : 0.07619438140785226 }
