{ "name" : "default-best" , "score" : "0.15602786907873464" , "uni-attributes-/question-dep" : 0.31273644091810116 , "uni-attributes-fieldlikelihood" : 0.04334856678959395 , "uni-categories-/question-dep" : 0.24028753899599614 , "uni-categories-fieldlikelihood" : 0.07299504201178666 , "uni-names-/question-dep" : 0.05931949376330869 , "uni-names-fieldlikelihood" : 0.0 , "uni-outgoingentitynames-/question-dep" : 0.10743562547682292 , "uni-outgoingentitynames-fieldlikelihood" : 0.11762111014928152 , "uni-similarentitynames-/question-dep" : 0.0 , "uni-similarentitynames-fieldlikelihood" : 0.04625618189510891 }
