{ "name" : "default-best" , "score" : "0.34646661371695725" , "uni-attributes-/question-dep" : 0.09529694117372076 , "uni-attributes-fieldlikelihood" : 0.24260285801239193 , "uni-categories-/question-dep" : 0.09529694117372076 , "uni-categories-fieldlikelihood" : 0.045266047057517356 , "uni-names-/question-dep" : 0.09529694117372076 , "uni-names-fieldlikelihood" : 0.09282009847737309 , "uni-outgoingentitynames-/question-dep" : 0.09529694117372076 , "uni-outgoingentitynames-fieldlikelihood" : 0.0 , "uni-similarentitynames-/question-dep" : 0.09529694117372076 , "uni-similarentitynames-fieldlikelihood" : 0.14282629058411397 }
