{ "name" : "default-best" , "score" : "0.33612544561925106" , "uni-attributes-/question-dep" : 0.1306677237882735 , "uni-attributes-fieldlikelihood" : 0.22671679039279574 , "uni-categories-/question-dep" : 0.035271174708170566 , "uni-categories-fieldlikelihood" : 0.06164461847889008 , "uni-names-/question-dep" : 0.06055081083412153 , "uni-names-fieldlikelihood" : 0.09605206166095528 , "uni-outgoingentitynames-/question-dep" : 0.1439989716910603 , "uni-outgoingentitynames-fieldlikelihood" : 0.01840570003565102 , "uni-similarentitynames-/question-dep" : 0.08861429314743516 , "uni-similarentitynames-fieldlikelihood" : 0.13807785526264657 }
