{ "name" : "default-best" , "score" : "0.1256578680761992" , "uni-attributes-/nnp" : 0.2175400932885483 , "uni-attributes-fieldlikelihood" : 0.28813996499762595 , "uni-categories-/nnp" : 0.008550753784424096 , "uni-categories-fieldlikelihood" : 0.292949589687398 , "uni-names-/nnp" : 0.06637888745608486 , "uni-names-fieldlikelihood" : 0.0 , "uni-outgoingentitynames-/nnp" : 0.0 , "uni-outgoingentitynames-fieldlikelihood" : 0.0 , "uni-similarentitynames-/nnp" : 0.0 , "uni-similarentitynames-fieldlikelihood" : 0.1264407107859188 }
