{ "name" : "default-best" , "score" : "0.1242780376380157" , "uni-attributes-/nnp" : 0.3706475532212993 , "uni-attributes-fieldlikelihood" : 0.24414472594206735 , "uni-categories-/nnp" : 0.004625770235213561 , "uni-categories-fieldlikelihood" : 0.1744936317992377 , "uni-names-/nnp" : 0.07198773551658091 , "uni-names-fieldlikelihood" : 0.0 , "uni-outgoingentitynames-/nnp" : 0.0453514739229025 , "uni-outgoingentitynames-fieldlikelihood" : 0.0 , "uni-similarentitynames-/nnp" : 0.0 , "uni-similarentitynames-fieldlikelihood" : 0.08874910936269875 }
