{ "name" : "default-best" , "score" : "0.37126829634547237" , "uni-attributes-/nnp" : 0.0 , "uni-attributes-fieldlikelihood" : 0.3259989095427948 , "uni-categories-/nnp" : 0.05576372472518013 , "uni-categories-fieldlikelihood" : 0.06895726223943137 , "uni-names-/nnp" : 0.025269702725407385 , "uni-names-fieldlikelihood" : 0.15174114258017068 , "uni-outgoingentitynames-/nnp" : 0.0 , "uni-outgoingentitynames-fieldlikelihood" : 0.018527428436892035 , "uni-similarentitynames-/nnp" : 0.1561592353684592 , "uni-similarentitynames-fieldlikelihood" : 0.19758259438166434 }
