{ "name" : "default-best-best" , "od-/const" : 0.04382041907624324 , "od-/google-ngrams-word-invcount" : 0.07743378009583307 , "score" : "0.13435783994743583" , "uni-/const" : 0.256162923853442 , "uni-/dep-leaf" : 0.0737251458011866 , "uni-/google-ngrams-word-invcount" : 0.40867379225676936 , "uww-/const" : 0.11566258653524104 , "uww-/google-ngrams-word-invcount" : 0.02452135238128464 }
