{ "name" : "default-best-best" , "od-/const" : 0.0 , "od-/google-ngrams-word-invcount" : 0.08393726352888965 , "score" : "0.1255440411275799" , "uni-/const" : 0.4306016806399506 , "uni-/dep-leaf" : 0.0 , "uni-/google-ngrams-word-invcount" : 0.3634572769887094 , "uww-/const" : 0.09485018315269682 , "uww-/google-ngrams-word-invcount" : 0.02715359568975351 }
