{ "name" : "default-best-best" , "od-/const" : 0.062302002915069245 , "od-/google-ngrams-word-invcount" : 0.12743150336336703 , "score" : "0.13033022476972897" , "uni-/const" : 0.332461731774346 , "uni-/dep-leaf" : 0.1406688013798922 , "uni-/google-ngrams-word-invcount" : 0.2186335622748004 , "uww-/const" : 0.07315092436962244 , "uww-/google-ngrams-word-invcount" : 0.04535147392290249 }
