{ "name" : "default-best-best" , "od-/const" : 0.1106635929985548 , "od-/google-ngrams-word-invcount" : 0.1027067433309834 , "score" : "0.2170451829051177" , "uni-/const" : 0.3593928906864242 , "uni-/dep-leaf" : 0.0 , "uni-/google-ngrams-word-invcount" : 0.3035140037794592 , "uww-/const" : 0.11305324888475553 , "uww-/google-ngrams-word-invcount" : 0.010669520319822868 }
