{ "name" : "default-best-best" , "od-/const" : 0.13742351209152065 , "od-/google-ngrams-word-invcount" : 0.0869203713978868 , "score" : "0.2052656912899584" , "uni-/const" : 0.23074099017058047 , "uni-/dep-leaf" : 0.08944552843256849 , "uni-/google-ngrams-word-invcount" : 0.18038238319217478 , "uww-/const" : 0.1855217413235529 , "uww-/google-ngrams-word-invcount" : 0.08956547339171587 }
