{ "name" : "default-best-best" , "od-/const" : 0.09463113277585808 , "od-/google-ngrams-word-invcount" : 0.14774796542582955 , "score" : "0.20149845442504483" , "uni-/const" : 0.28103435445865105 , "uni-/dep-leaf" : 0.0 , "uni-/google-ngrams-word-invcount" : 0.08069489726936044 , "uww-/const" : 0.27559815381459096 , "uww-/google-ngrams-word-invcount" : 0.12029349625570987 }
