{ "name" : "default-best-best" , "od-/const" : 0.20230320695745632 , "od-/google-ngrams-word-invcount" : 0.0920191546248305 , "score" : "0.22833205289429143" , "uni-/const" : 0.3161300513809028 , "uni-/dep-leaf" : 0.061574580233342294 , "uni-/google-ngrams-word-invcount" : 0.1664963184060916 , "uww-/const" : 0.11871387209536997 , "uww-/google-ngrams-word-invcount" : 0.04276281630200651 }
