{ "name" : "default-best-best" , "od-/const" : 0.08977358972316847 , "od-/google-ngrams-word-invcount" : 0.13811321495872075 , "score" : "0.39226056614015303" , "uni-/const" : 0.28227624953640973 , "uni-/dep-leaf" : 0.0901352312997686 , "uni-/google-ngrams-word-invcount" : 0.17685145574196523 , "uww-/const" : 0.03988967244348052 , "uww-/google-ngrams-word-invcount" : 0.1829605862964866 }
