{ "name" : "default-best-best" , "od-/const" : 0.03216977992691425 , "od-/google-ngrams-word-invcount" : 0.14401585735999844 , "score" : "0.3863196566590409" , "uni-/const" : 0.2172044285641805 , "uni-/dep-leaf" : 0.05264138163619232 , "uni-/google-ngrams-word-invcount" : 0.28131618206445175 , "uww-/const" : 0.045904505409958496 , "uww-/google-ngrams-word-invcount" : 0.2267478650383042 }
