{ "name" : "default-best-best" , "od-/const" : 0.046642159139484704 , "od-/google-ngrams-word-invcount" : 0.042226274124889135 , "score" : "0.12945165845146894" , "uni-/const" : 0.3990011205113653 , "uni-/google-ngrams-word-invcount" : 0.37569755813410927 , "uww-/const" : 0.1364328880901515 , "uww-/google-ngrams-word-invcount" : 0.0 }
