{ "name" : "default-best-best" , "od-/const" : 0.1861807798993207 , "od-/google-ngrams-word-invcount" : 0.0 , "score" : "0.14040125267470321" , "uni-/const" : 0.3697952108002762 , "uni-/google-ngrams-word-invcount" : 0.3637216999397686 , "uww-/const" : 0.005970004016940049 , "uww-/google-ngrams-word-invcount" : 0.07433230534369432 }
