{ "name" : "default-best-best" , "od-/const" : 0.07435786232883845 , "od-/google-ngrams-word-invcount" : 0.021417000977555698 , "score" : "0.12589697431426375" , "uni-/const" : 0.3262987487703865 , "uni-/google-ngrams-word-invcount" : 0.45396325767723 , "uww-/const" : 0.09113486971143273 , "uww-/google-ngrams-word-invcount" : 0.032828260534556786 }
