{ "name" : "default-best-best" , "od-/const" : 0.04868432485238514 , "od-/google-ngrams-word-invcount" : 0.04594671047872644 , "score" : "0.13405274392029082" , "uni-/const" : 0.3726595608660474 , "uni-/google-ngrams-word-invcount" : 0.42523145419318686 , "uww-/const" : 0.10747794960965414 , "uww-/google-ngrams-word-invcount" : 0.0 }
