{ "name" : "default-best-best" , "od-/const" : 0.043118492057954955 , "od-/google-ngrams-word-invcount" : 0.13310056525734057 , "score" : "0.20295036516145595" , "uni-/const" : 0.39378169302742366 , "uni-/google-ngrams-word-invcount" : 0.23824194389285708 , "uww-/const" : 0.08817306190700934 , "uww-/google-ngrams-word-invcount" : 0.10358424385741452 }
