{ "name" : "default-best-best" , "od-/const" : 0.032078471864049336 , "od-/google-ngrams-word-invcount" : 0.05833484598380155 , "score" : "0.2213507995183321" , "uni-/const" : 0.21305100970185514 , "uni-/google-ngrams-word-invcount" : 0.4192493835073854 , "uww-/const" : 0.218207185207024 , "uww-/google-ngrams-word-invcount" : 0.05907910373588443 }
