{ "name" : "default-best-best" , "od-/const" : 0.05241258421135754 , "od-/google-ngrams-word-invcount" : 0.14881464408291703 , "score" : "0.21561822746483952" , "uni-/const" : 0.26972343570556706 , "uni-/google-ngrams-word-invcount" : 0.284955849406706 , "uww-/const" : 0.0 , "uww-/google-ngrams-word-invcount" : 0.24409348659345242 }
