{ "name" : "default-best-best" , "od-/const" : 0.10481387954300493 , "od-/google-ngrams-word-invcount" : 0.2838348648467763 , "score" : "0.20932795919927996" , "uni-/const" : 0.37608531540445667 , "uni-/google-ngrams-word-invcount" : 0.04937798643032608 , "uww-/const" : 0.07107321995494588 , "uww-/google-ngrams-word-invcount" : 0.11481473382049025 }
