{ "name" : "default-best-best" , "od-/const" : 0.2103583426850932 , "od-/google-ngrams-word-invcount" : 0.1989062580161307 , "score" : "0.2537814924109515" , "uni-/const" : 0.3254733992222911 , "uni-/google-ngrams-word-invcount" : 0.10200600474889406 , "uww-/const" : 0.08967718823553675 , "uww-/google-ngrams-word-invcount" : 0.07357880709205424 }
