{ "name" : "default-best-best" , "od-/const" : 0.20400435424940527 , "od-/google-ngrams-word-invcount" : 0.05034079594009407 , "score" : "0.2290230771021404" , "uni-/const" : 0.27772028850294306 , "uni-/google-ngrams-word-invcount" : 0.28546948822744594 , "uww-/const" : 0.09053048453342408 , "uww-/google-ngrams-word-invcount" : 0.09193458854668758 }
