{ "name" : "default-best-best" , "od-/const" : 0.24901273727357978 , "od-/google-ngrams-word-invcount" : 0.1863325020735642 , "score" : "0.20741285546287952" , "uni-/const" : 0.2924239738517686 , "uni-/google-ngrams-word-invcount" : 0.09092466144918235 , "uww-/const" : 0.1813061253519051 , "uww-/google-ngrams-word-invcount" : 0.0 }
