{ "name" : "default-best-best" , "od-/const" : 0.15633671436376703 , "od-/google-ngrams-word-invcount" : 0.1463386487069627 , "score" : "0.2519317152623298" , "uni-/const" : 0.4109358355827329 , "uni-/google-ngrams-word-invcount" : 0.018121280499406346 , "uww-/const" : 0.10021614513269075 , "uww-/google-ngrams-word-invcount" : 0.16805137571444034 }
