{ "name" : "default-best-best" , "od-/const" : 0.01023570219944173 , "od-/google-ngrams-word-invcount" : 0.1635132991212842 , "score" : "0.41012817757952874" , "uni-/const" : 0.27032217766366257 , "uni-/google-ngrams-word-invcount" : 0.2198184033055195 , "uww-/const" : 0.16415131568487235 , "uww-/google-ngrams-word-invcount" : 0.17195910202521963 }
