{ "name" : "default-best-best" , "od-/const" : 0.09870462464568344 , "od-/google-ngrams-word-invcount" : 0.061126719662302875 , "score" : "0.4183214388824249" , "uni-/const" : 0.26117246581816533 , "uni-/google-ngrams-word-invcount" : 0.33690018526198057 , "uww-/const" : 0.0012350231225531259 , "uww-/google-ngrams-word-invcount" : 0.24086098148931473 }
