{ "name" : "default-best-best" , "od-/const" : 0.03126982602497121 , "od-/google-ngrams-word-invcount" : 0.031136459969821232 , "score" : "0.38732927462097444" , "uni-/const" : 0.2608805255658103 , "uni-/google-ngrams-word-invcount" : 0.21123012219311166 , "uww-/const" : 0.19505122517896833 , "uww-/google-ngrams-word-invcount" : 0.2704318410673173 }
