{ "bi-/const" : 0.06475004869816102 , "bi-collectiondf" : 0.0 , "bi-collectiontf" : 0.0 , "name" : "default-best" , "score" : "0.12074712598861652" , "uni-/const" : 0.6420580394297057 , "uni-collectiondf" : 0.11988959329047519 , "uni-collectiontf" : 0.17330231858165798 }
