{ "bi-/const" : 0.04521992990493492 , "bi-collectiondf" : -0.09798933423785028 , "bi-collectiontf" : 0.07121441343732225 , "name" : "default-best" , "score" : "0.12722763864824754" , "uni-/const" : 0.4180271156479174 , "uni-collectiondf" : 0.18850926038725188 , "uni-collectiontf" : 0.3750186148604238 }
