{ "bi-/const" : 0.1064354032947816 , "bi-collectiondf" : 0.0 , "bi-collectiontf" : -0.05864979889141059 , "name" : "default-best" , "score" : "0.11757694480825989" , "uni-/const" : 0.952214395596629 , "uni-collectiondf" : 0.0 , "uni-collectiontf" : 0.0 }
