{ "bi-/const" : 0.07565125554462351 , "bi-collectiondf" : 0.04546513676481453 , "bi-collectiontf" : 0.0 , "name" : "default-best" , "score" : "0.10990828201723893" , "uni-/const" : 0.7877365622055977 , "uni-collectiondf" : 0.04773839360305526 , "uni-collectiontf" : 0.04340865188190909 }
