{ "bi-/const" : 0.04742621693317687 , "bi-collectiondf" : 0.0 , "bi-collectiontf" : 0.0 , "name" : "default-best" , "score" : "0.11495763622891333" , "uni-/const" : 0.41327554297674585 , "uni-collectiondf" : 0.31261588543931884 , "uni-collectiontf" : 0.22668235465075856 }
