{ "bi-/const" : 0.05395919270156538 , "bi-collectiondf" : 0.023053266254298915 , "bi-collectiontf" : 0.1831903518977381 , "name" : "default-best" , "score" : "0.20994049394293815" , "uni-/const" : 0.5150134955341616 , "uni-collectiondf" : 0.030522831141310464 , "uni-collectiontf" : 0.19426086247092558 }
