{ "bi-/const" : 0.05685000158120123 , "bi-collectiondf" : -0.13865423603972585 , "bi-collectiontf" : 0.2005487041166625 , "name" : "default-best" , "score" : "0.19945113505243406" , "uni-/const" : 0.3217241595509088 , "uni-collectiondf" : 0.45910954308376717 , "uni-collectiontf" : 0.10042182770718608 }
