{ "bi-/const" : 0.04999290996023749 , "bi-collectiondf" : 0.03641297814470175 , "bi-collectiontf" : 0.02196318661485038 , "name" : "default-best" , "score" : "0.19249304208398263" , "uni-/const" : 0.32656653597687735 , "uni-collectiondf" : 0.3387900548494076 , "uni-collectiontf" : 0.22627433445392547 }
