{ "bi-/const" : 0.11203524031424299 , "bi-collectiondf" : -0.05831753899985421 , "bi-collectiontf" : -0.055679712614731314 , "name" : "default-best" , "score" : "0.18123460401670793" , "uni-/const" : 0.8906022372005001 , "uni-collectiondf" : 0.0555405133331945 , "uni-collectiontf" : 0.055819260766647935 }
