{ "bi-/const" : 0.040131563491786815 , "bi-collectiondf" : 0.0 , "bi-collectiontf" : 0.08715117889185706 , "name" : "default-best" , "score" : "0.22358398652146544" , "uni-/const" : 0.34321003919344734 , "uni-collectiondf" : 0.1477928135619996 , "uni-collectiontf" : 0.38171440486090913 }
