{ "bi-/const" : 0.0923898776238627 , "bi-collectiondf" : 0.0 , "bi-collectiontf" : 0.0963141742499981 , "name" : "default-best" , "score" : "0.2193119222399132" , "uni-/const" : 0.20938094910895683 , "uni-collectiondf" : 0.3764181427251058 , "uni-collectiontf" : 0.22549685629207664 }
