{ "bi-/const" : 0.11046413539276934 , "bi-collectiondf" : 0.031297655569622496 , "bi-collectiontf" : 0.1123947071610589 , "name" : "default-best" , "score" : "0.18979677539729753" , "uni-/const" : 0.32009565394675277 , "uni-collectiondf" : 0.1472487479117802 , "uni-collectiontf" : 0.2784991000180163 }
