{ "bi-/const" : 0.02436310158324912 , "bi-collectiondf" : 0.08404023272503001 , "bi-collectiontf" : 0.08813194155582994 , "name" : "default-best" , "score" : "0.2094816993624595" , "uni-/const" : 0.6297269539808739 , "uni-collectiondf" : 0.17560451907365357 , "uni-collectiontf" : -0.001866748918636479 }
