{ "bi-/const" : 0.06885790169640336 , "bi-collectiondf" : 0.11665613016256687 , "bi-collectiontf" : -0.10594457404985594 , "name" : "default-best" , "score" : "0.16687264304760782" , "uni-/const" : 0.2550929057217546 , "uni-collectiondf" : 0.3555052807500002 , "uni-collectiontf" : 0.30983235571913087 }
