{ "bi-/const" : 0.0841665426391852 , "bi-collectiondf" : 0.029833910596543407 , "bi-collectiontf" : 0.07113974322978811 , "name" : "default-best" , "score" : "0.19468458421098503" , "uni-/const" : 0.3512613336498181 , "uni-collectiondf" : 0.03231200978551005 , "uni-collectiontf" : 0.4312864600991551 }
