{ "bi-/const" : 0.2685579622309201 , "bi-collectiondf" : 0.0 , "bi-collectiontf" : 0.0 , "name" : "default-best" , "score" : "0.2923318681835668" , "uni-/const" : 0.642676770752061 , "uni-collectiondf" : 0.045465136764814534 , "uni-collectiontf" : 0.04330013025220431 }
