{ "bi-/const" : 0.17553725398201733 , "bi-collectiondf" : 0.058463698245467884 , "bi-collectiontf" : -0.05540166204986152 , "name" : "default-best" , "score" : "0.24840596958306507" , "uni-/const" : 0.9354191719274861 , "uni-collectiondf" : -0.061386883157741275 , "uni-collectiontf" : -0.05263157894736842 }
