{ "bi-/const" : 0.251027092620873 , "bi-collectiondf" : 0.0 , "bi-collectiontf" : 0.0 , "name" : "default-best" , "score" : "0.2650782480754564" , "uni-/const" : 0.7013538597600794 , "uni-collectiondf" : 0.0 , "uni-collectiontf" : 0.047619047619047616 }
