{ "bi-/const" : 0.10212996318957109 , "bi-collectiondf" : 0.04885244896564639 , "bi-collectiontf" : 0.2027253260678294 , "name" : "default-best" , "score" : "0.2464710027405989" , "uni-/const" : 0.2391984633136175 , "uni-collectiondf" : 0.148251335658745 , "uni-collectiontf" : 0.2588424628045908 }
