{ "bi-/const" : 0.25157149498527054 , "bi-collectiondf" : -0.04149872648085435 , "bi-collectiontf" : 0.04346472864788483 , "name" : "default-best" , "score" : "0.2773814799831252" , "uni-/const" : 0.7070387126908875 , "uni-collectiondf" : 0.0 , "uni-collectiontf" : 0.03942379015681164 }
