{ "bi-attributes-bigramcfratio" : 0.14686963963722294 , "bi-attributes-fieldlikelihood" : 0.16969282983975542 , "bi-categories-bigramcfratio" : 0.0680134455276588 , "bi-categories-fieldlikelihood" : 0.23511384165863844 , "bi-names-bigramcfratio" : 0.1361765367891843 , "bi-names-fieldlikelihood" : 0.0433326829533562 , "bi-outgoingentitynames-bigramcfratio" : 0.0 , "bi-outgoingentitynames-fieldlikelihood" : 0.0 , "bi-similarentitynames-bigramcfratio" : 0.20080102359418395 , "bi-similarentitynames-fieldlikelihood" : 0.0 , "name" : "default-best" , "score" : "0.05835779982335104" }
