{ "bi-attributes-bigramcfratio" : 0.22217510777655347 , "bi-attributes-fieldlikelihood" : 0.05049718304742925 , "bi-categories-bigramcfratio" : 0.22163660699390356 , "bi-categories-fieldlikelihood" : 0.13702077686447509 , "bi-names-bigramcfratio" : 0.043071992732510785 , "bi-names-fieldlikelihood" : 0.0 , "bi-outgoingentitynames-bigramcfratio" : 0.05080229070768126 , "bi-outgoingentitynames-fieldlikelihood" : 0.0721479141203759 , "bi-similarentitynames-bigramcfratio" : 0.16910434306604147 , "bi-similarentitynames-fieldlikelihood" : 0.033543784691029296 , "name" : "default-best" , "score" : "0.05700956877772502" }
