{ "bi-attributes-bigramcfratio" : 0.2890519106483919 , "bi-attributes-fieldlikelihood" : 0.011830938213189535 , "bi-categories-bigramcfratio" : 0.0 , "bi-categories-fieldlikelihood" : 0.22504682976239776 , "bi-names-bigramcfratio" : 0.11115719962452682 , "bi-names-fieldlikelihood" : 0.0 , "bi-outgoingentitynames-bigramcfratio" : 0.12522757089068626 , "bi-outgoingentitynames-fieldlikelihood" : 0.0 , "bi-similarentitynames-bigramcfratio" : 0.11992830193122918 , "bi-similarentitynames-fieldlikelihood" : 0.11775724892957855 , "name" : "default-best" , "score" : "0.05249806011329298" }
