{ "bi-attributes-bigramcfratio" : 0.2692682173523181 , "bi-attributes-fieldlikelihood" : 0.03549900376694784 , "bi-categories-bigramcfratio" : 0.22237896051403694 , "bi-categories-fieldlikelihood" : 0.16083275520536808 , "bi-names-bigramcfratio" : 0.0 , "bi-names-fieldlikelihood" : 0.0 , "bi-outgoingentitynames-bigramcfratio" : 0.045352515152789236 , "bi-outgoingentitynames-fieldlikelihood" : 0.07324794686329639 , "bi-similarentitynames-bigramcfratio" : 0.03746586097902923 , "bi-similarentitynames-fieldlikelihood" : 0.15595474016621408 , "name" : "default-best" , "score" : "0.05243759089760143" }
