{ "bi-attributes-bigramcfratio" : 0.14055806591652742 , "bi-attributes-fieldlikelihood" : 0.14471949406296858 , "bi-categories-bigramcfratio" : 0.07223333736321615 , "bi-categories-fieldlikelihood" : 0.21486286947286892 , "bi-names-bigramcfratio" : 0.1220830539435955 , "bi-names-fieldlikelihood" : 0.1356996003472212 , "bi-outgoingentitynames-bigramcfratio" : 0.0 , "bi-outgoingentitynames-fieldlikelihood" : 0.0 , "bi-similarentitynames-bigramcfratio" : 0.047619047619047616 , "bi-similarentitynames-fieldlikelihood" : 0.12222453127455454 , "name" : "default-best" , "score" : "0.05568369802427271" }
