{ "bi-attributes-bigramcfratio" : 0.2006826157875284 , "bi-attributes-fieldlikelihood" : 0.15222884862692507 , "bi-categories-bigramcfratio" : 0.2785121215881481 , "bi-categories-fieldlikelihood" : 0.14219166823185025 , "bi-names-bigramcfratio" : 9.121171805868282E-4 , "bi-names-fieldlikelihood" : 0.0 , "bi-outgoingentitynames-bigramcfratio" : 0.09952263033182489 , "bi-outgoingentitynames-fieldlikelihood" : 0.047872959109429396 , "bi-similarentitynames-bigramcfratio" : 0.0 , "bi-similarentitynames-fieldlikelihood" : 0.07807703914370706 , "name" : "default-best" , "score" : "0.16661987091938443" }
