{ "bi-attributes-bigramcfratio" : 0.18153304894646882 , "bi-attributes-fieldlikelihood" : 0.07706975021847125 , "bi-categories-bigramcfratio" : 0.23257962333963048 , "bi-categories-fieldlikelihood" : 0.2680830951885062 , "bi-names-bigramcfratio" : 0.0 , "bi-names-fieldlikelihood" : 0.0 , "bi-outgoingentitynames-bigramcfratio" : 0.10423242226993353 , "bi-outgoingentitynames-fieldlikelihood" : 0.09553428250406616 , "bi-similarentitynames-bigramcfratio" : 0.0 , "bi-similarentitynames-fieldlikelihood" : 0.04096777753292359 , "name" : "default-best" , "score" : "0.16079111633499776" }
