{ "bi-attributes-bigramcfratio" : 0.15883583733201645 , "bi-attributes-fieldlikelihood" : 0.14759005157425498 , "bi-categories-bigramcfratio" : 0.15935232263839666 , "bi-categories-fieldlikelihood" : 0.2579125555591809 , "bi-names-bigramcfratio" : 0.0 , "bi-names-fieldlikelihood" : 0.0 , "bi-outgoingentitynames-bigramcfratio" : 0.14486840549296304 , "bi-outgoingentitynames-fieldlikelihood" : 0.13144082740318797 , "bi-similarentitynames-bigramcfratio" : 0.0 , "bi-similarentitynames-fieldlikelihood" : 0.0 , "name" : "default-best" , "score" : "0.16943179828819102" }
