{ "bi-attributes-bigramcfratio" : 0.12008859629121993 , "bi-attributes-fieldlikelihood" : 0.06374197930077716 , "bi-categories-bigramcfratio" : 0.0 , "bi-categories-fieldlikelihood" : 0.09133127868511018 , "bi-names-bigramcfratio" : 0.11577586541620984 , "bi-names-fieldlikelihood" : 0.1630538886611905 , "bi-outgoingentitynames-bigramcfratio" : 0.0 , "bi-outgoingentitynames-fieldlikelihood" : 0.008080439301383498 , "bi-similarentitynames-bigramcfratio" : 0.29035891817389775 , "bi-similarentitynames-fieldlikelihood" : 0.14756903417021117 , "name" : "default-best" , "score" : "0.28610244235393767" }
