{ "name" : "default-best-best" , "od-/const" : 0.025013674921177148 , "od-/dep-leaf" : 0.18844151251464067 , "od-/wiki-infobox-word-count-16" : 0.13121560888241565 , "score" : "0.13114911281019886" , "uni-/const" : 0.2836196547821281 , "uni-/dep-leaf" : 0.02784702774659447 , "uni-/wiki-infobox-word-count-16" : 0.11097459479414443 , "uww-/const" : 0.036655890230807175 , "uww-/dep-leaf" : 0.25876963264164005 , "uww-/wiki-infobox-word-count-16" : -0.06253759651354765 }
