{ "name" : "default-best-best" , "od-/const" : 0.05826000179858423 , "od-/dep-leaf" : 0.20571872190841559 , "od-/wiki-infobox-word-count-16" : 0.017564721487543008 , "score" : "0.14491314256660653" , "uni-/const" : 0.27872608733580023 , "uni-/dep-leaf" : 0.0546883879478365 , "uni-/wiki-infobox-word-count-16" : 0.162131449033915 , "uww-/const" : 0.058901469887170856 , "uww-/dep-leaf" : 0.1331050848499334 , "uww-/wiki-infobox-word-count-16" : 0.030904075750801327 }
