{ "name" : "default-best-best" , "od-/const" : 0.020003064318105536 , "od-/dep-leaf" : 0.18541784971319564 , "od-/wiki-infobox-word-count-16" : 0.13121796679330197 , "score" : "0.12509986310374677" , "uni-/const" : 0.25937217457434003 , "uni-/dep-leaf" : 0.01801410621510738 , "uni-/wiki-infobox-word-count-16" : 0.1983388412607014 , "uww-/const" : 0.05345147516979443 , "uww-/dep-leaf" : 0.18681610090282186 , "uww-/wiki-infobox-word-count-16" : -0.052631578947368404 }
