{ "name" : "default-best-best" , "od-/const" : 0.09604848225158566 , "od-/dep-leaf" : 0.17301282384958008 , "od-/wiki-infobox-word-count-16" : -0.10887477378649872 , "score" : "0.1339971880464447" , "uni-/const" : 0.3025159816712831 , "uni-/dep-leaf" : 0.06724860062488405 , "uni-/wiki-infobox-word-count-16" : 0.3051213789281344 , "uww-/const" : 0.05586919591942941 , "uww-/dep-leaf" : 0.16168988948897045 , "uww-/wiki-infobox-word-count-16" : -0.05263157894736842 }
