{ "name" : "default-best-best" , "od-/const" : 0.0520336314734552 , "od-/dep-leaf" : 0.1272455096211858 , "od-/wiki-infobox-word-count-16" : 0.09018819286545998 , "score" : "0.13791077842023813" , "uni-/const" : 0.2872822239138392 , "uni-/dep-leaf" : 0.02125358077181436 , "uni-/wiki-infobox-word-count-16" : 0.33852127582971675 , "uww-/const" : 0.03520761992322807 , "uww-/dep-leaf" : 0.048267965601300554 , "uww-/wiki-infobox-word-count-16" : 0.0 }
