{ "name" : "default-best-best" , "od-/const" : 0.08440616226484174 , "od-/dep-leaf" : 0.18972193753924255 , "od-/wiki-infobox-word-count-16" : 0.17987389704685192 , "score" : "0.2434637634165539" , "uni-/const" : 0.1466230061465797 , "uni-/dep-leaf" : -0.18236149399271337 , "uni-/wiki-infobox-word-count-16" : 0.47729157902787317 , "uww-/const" : 0.04404137987306128 , "uww-/dep-leaf" : 0.1741227331439788 , "uww-/wiki-infobox-word-count-16" : -0.11371920104971574 }
