{ "name" : "default-best-best" , "od-/const" : 0.05343527435146851 , "od-/dep-leaf" : 0.26130152853413857 , "od-/wiki-infobox-word-count-16" : 0.0 , "score" : "0.2176682259218252" , "uni-/const" : 0.03541840918466568 , "uni-/dep-leaf" : -0.05263157894736843 , "uni-/wiki-infobox-word-count-16" : 0.41810937622211997 , "uww-/const" : 0.04146538824202888 , "uww-/dep-leaf" : 0.06511321725733206 , "uww-/wiki-infobox-word-count-16" : 0.17778838515561485 }
