{ "name" : "default-best-best" , "od-/const" : 0.04639515697769931 , "od-/dep-leaf" : 0.09025549616076854 , "od-/wiki-infobox-word-count-16" : 0.04790665098126513 , "score" : "0.20818037579848808" , "uni-/const" : 0.2715805775931113 , "uni-/dep-leaf" : 0.0 , "uni-/wiki-infobox-word-count-16" : 0.2869898606514316 , "uww-/const" : 0.0536369269170563 , "uww-/dep-leaf" : 0.20323533071866778 , "uww-/wiki-infobox-word-count-16" : 0.0 }
