{ "name" : "default-best-best" , "od-/const" : 0.053500895581211454 , "od-/dep-leaf" : 0.18505191054851142 , "od-/wiki-infobox-word-count-16" : 0.048300114681065896 , "score" : "0.20698419712034108" , "uni-/const" : 0.31138363433654087 , "uni-/dep-leaf" : 0.0 , "uni-/wiki-infobox-word-count-16" : 0.13176853409054776 , "uww-/const" : 0.06097554667695903 , "uww-/dep-leaf" : 0.13424818252066686 , "uww-/wiki-infobox-word-count-16" : 0.07477118156449669 }
