{ "name" : "default-best-best" , "od-/const" : 0.09653967171460168 , "od-/dep-leaf" : 0.16145889563880247 , "od-/wiki-infobox-word-count-16" : -0.1113737114715151 , "score" : "0.22500104390789175" , "uni-/const" : 0.3422378130277805 , "uni-/dep-leaf" : -0.10831129156209977 , "uni-/wiki-infobox-word-count-16" : 0.3411098140968539 , "uww-/const" : 0.1785748853430691 , "uww-/dep-leaf" : 0.16145889563880247 , "uww-/wiki-infobox-word-count-16" : -0.0616949724262951 }
