{ "name" : "default-best-best" , "od-/const" : 0.10202411219651751 , "od-/dep-leaf" : 0.21346538083048264 , "od-/wiki-infobox-word-count-16" : 0.1129655918989844 , "score" : "0.22041152645979184" , "uni-/const" : 0.012276487301935759 , "uni-/dep-leaf" : 0.02312115870033988 , "uni-/wiki-infobox-word-count-16" : 0.3455039342872395 , "uww-/const" : 0.07134408508368985 , "uww-/dep-leaf" : 0.11929924970081043 , "uww-/wiki-infobox-word-count-16" : 0.0 }
