{ "name" : "default-best-best" , "od-/const" : 0.1540895907137325 , "od-/dep-leaf" : 0.10635119711067725 , "od-/wiki-infobox-word-count-16" : 0.10635119711067725 , "score" : "0.24132881637216683" , "uni-/const" : 0.15647651039388524 , "uni-/dep-leaf" : 0.10635119711067725 , "uni-/wiki-infobox-word-count-16" : 0.154209235810482 , "uww-/const" : 0.10635119711067725 , "uww-/dep-leaf" : 0.10635119711067725 , "uww-/wiki-infobox-word-count-16" : 0.0034686775285138346 }
