{ "name" : "default-best-best" , "od-/const" : 0.10522260329044002 , "od-/dep-leaf" : 0.11047944995903497 , "od-/wiki-infobox-word-count-16" : 0.2050944685070194 , "score" : "0.25056821182152533" , "uni-/const" : 0.20649445118430915 , "uni-/dep-leaf" : -0.05025094063479501 , "uni-/wiki-infobox-word-count-16" : 0.24899517799640183 , "uww-/const" : 0.0634853397385546 , "uww-/dep-leaf" : 0.11047944995903497 , "uww-/wiki-infobox-word-count-16" : 0.0 }
