{ "name" : "default-best-best" , "od-/const" : 0.1189744128255339 , "od-/dep-leaf" : 0.1189744128255339 , "od-/wiki-infobox-word-count-16" : 0.16717210002578198 , "score" : "0.22531319868943192" , "uni-/const" : 0.16958198438579433 , "uni-/dep-leaf" : 0.0 , "uni-/wiki-infobox-word-count-16" : 0.17251289859702412 , "uww-/const" : 0.06824000524632545 , "uww-/dep-leaf" : 0.1189744128255339 , "uww-/wiki-infobox-word-count-16" : 0.06556977326847237 }
