{ "name" : "default-best-best" , "od-/const" : 0.17136636088996404 , "od-/dep-leaf" : 0.12698180133096634 , "od-/wiki-infobox-word-count-16" : 0.057510469863255455 , "score" : "0.20686028474715235" , "uni-/const" : 0.1608810824860346 , "uni-/dep-leaf" : 0.006470919224229258 , "uni-/wiki-infobox-word-count-16" : 0.19042756852605644 , "uww-/const" : 0.08321517807043564 , "uww-/dep-leaf" : 0.1347898049189668 , "uww-/wiki-infobox-word-count-16" : 0.06835681469009136 }
