{ "name" : "default-best-best" , "od-/const" : 0.033631735778343705 , "od-/dep-leaf" : 0.028610396425918824 , "od-/wiki-infobox-word-count-16" : 0.13133537442065316 , "score" : "0.4154665611393814" , "uni-/const" : 0.2611582011367078 , "uni-/dep-leaf" : 0.0 , "uni-/wiki-infobox-word-count-16" : 0.029646452673380057 , "uww-/const" : 0.02504714289219915 , "uww-/dep-leaf" : 0.07195546148606626 , "uww-/wiki-infobox-word-count-16" : 0.4186152351867311 }
