{ "name" : "default-best-best" , "od-/const" : 0.0746594615951181 , "od-/dep-leaf" : 0.1598164961899268 , "od-/wiki-infobox-word-count-16" : 0.032411441543430196 , "score" : "0.4234705802651052" , "uni-/const" : 0.21772878255786784 , "uni-/dep-leaf" : 0.08091187770162891 , "uni-/wiki-infobox-word-count-16" : 0.0 , "uww-/const" : 0.04265002349182786 , "uww-/dep-leaf" : 0.28427779710840023 , "uww-/wiki-infobox-word-count-16" : 0.1075441198118001 }
