{ "name" : "default-best-best" , "od-/const" : 0.04219809930901903 , "od-/dep-leaf" : 0.08374715814243419 , "od-/wiki-infobox-word-count-16" : 0.04230197195610258 , "score" : "0.4099281857239353" , "uni-/const" : 0.26039036236584395 , "uni-/dep-leaf" : 0.0705542026981996 , "uni-/wiki-infobox-word-count-16" : 0.21941673128954237 , "uww-/const" : 0.1271558100243433 , "uww-/dep-leaf" : 0.08374715814243419 , "uww-/wiki-infobox-word-count-16" : 0.0704885060720808 }
