{ "name" : "default-best-best" , "od-/const" : 0.0 , "od-/dep-leaf" : 0.2536857826997579 , "od-/wiki-infobox-word-count-16" : 0.24096121684730806 , "score" : "0.3874409865410968" , "uni-/const" : 0.2904738243608013 , "uni-/dep-leaf" : 0.026980787510049207 , "uni-/wiki-infobox-word-count-16" : 0.0741318816326329 , "uww-/const" : 0.07257551940684238 , "uww-/dep-leaf" : 0.03645123184522189 , "uww-/wiki-infobox-word-count-16" : 0.0047397556973864646 }
