{ "name" : "default-best-best" , "od-/const" : 0.1187763563427568 , "od-/dep-leaf" : 0.07894132125772484 , "od-/wiki-infobox-word-count-16" : 0.12873385691493325 , "score" : "0.38494450346707626" , "uni-/const" : 0.14993056238309369 , "uni-/dep-leaf" : 0.015779591273149377 , "uni-/wiki-infobox-word-count-16" : 0.1563103517636171 , "uww-/const" : 0.23938786801247966 , "uww-/dep-leaf" : 0.11214009205224534 , "uww-/wiki-infobox-word-count-16" : 0.0 }
