{ "name" : "default-best-best" , "od-/const" : 0.017150559109164187 , "od-/nns" : 0.019652242518583975 , "score" : "0.12898684952181033" , "uni-/const" : 0.6560085573685583 , "uni-/nns" : 0.0 , "uww-/const" : 0.2056348609541614 , "uww-/nns" : 0.10155378004953201 }
