{ "name" : "default-best-best" , "od-/const" : 0.0455180384837448 , "od-/nns" : 0.0970384254916399 , "score" : "0.123702752893916" , "uni-/const" : 0.5726114250180545 , "uni-/nns" : 0.05025094063479501 , "uww-/const" : 0.1644618798503376 , "uww-/nns" : 0.0701192905214282 }
