{ "name" : "default-best-best" , "od-/const" : 0.04824164483578772 , "od-/nns" : 0.16017874947236363 , "score" : "0.11752100382328919" , "uni-/const" : 0.630260464826305 , "uni-/nns" : 0.046042541004587684 , "uww-/const" : 0.0490633220536385 , "uww-/nns" : 0.06621327780731742 }
