{ "name" : "default-best-best" , "od-/const" : 0.13161372798291635 , "od-/nns" : 0.018147116080008036 , "score" : "0.1337313254883759" , "uni-/const" : 0.618437887984915 , "uni-/nns" : 0.06681836958039006 , "uww-/const" : 0.12109100334030075 , "uww-/nns" : 0.043891895031469924 }
