{ "name" : "default-best-best" , "od-/const" : 0.045176755896877946 , "od-/nns" : 0.16131349482522694 , "score" : "0.12500036982290044" , "uni-/const" : 0.5386801350040197 , "uni-/nns" : 0.08214432684346125 , "uww-/const" : 0.1726852874304142 , "uww-/nns" : 0.0 }
