{ "name" : "default-best-best" , "od-/const" : 0.17809335613098204 , "od-/nns" : 0.07695986679175237 , "score" : "0.22267094845200824" , "uni-/const" : 0.27429011596239766 , "uni-/nns" : 0.32180725549593076 , "uww-/const" : 0.12242559062393887 , "uww-/nns" : 0.026423814994998327 }
