{ "name" : "default-best-best" , "od-/const" : 0.14653835903134246 , "od-/nns" : 0.0 , "score" : "0.21094693104721837" , "uni-/const" : 0.29735530042589936 , "uni-/nns" : 0.3443149326141156 , "uww-/const" : 0.21179140792864265 , "uww-/nns" : 0.0 }
