{ "name" : "default-best-best" , "od-/const" : 0.07269751329865644 , "od-/nns" : 0.17788560365796158 , "score" : "0.24119458788628576" , "uni-/const" : 0.5337049988575904 , "uni-/nns" : 0.19851571287991127 , "uww-/const" : 0.017196171305880362 , "uww-/nns" : 0.0 }
