{ "name" : "default-best-best" , "od-/const" : 0.04905233124195433 , "od-/nns" : 0.0 , "score" : "0.22136615739650803" , "uni-/const" : 0.40549523837061296 , "uni-/nns" : 0.20308475703182283 , "uww-/const" : 0.2521791288612419 , "uww-/nns" : 0.0901885444943681 }
