{ "name" : "default-best-best" , "od-/const" : 0.13326225755698992 , "od-/nns" : 0.04511460114549297 , "score" : "0.20287716726184812" , "uni-/const" : 0.0944906576044086 , "uni-/nns" : 0.4092162616705623 , "uww-/const" : 0.31791622202254627 , "uww-/nns" : 0.0 }
