{ "name" : "default-best-best" , "od-/const" : 0.39811117449472627 , "od-/nns" : 0.03277501871193924 , "score" : "0.2087505610666334" , "uni-/const" : 0.29312386479976305 , "uni-/nns" : 0.2576077481405398 , "uww-/const" : 0.01838219385303167 , "uww-/nns" : 0.0 }
