{ "name" : "default-best-best" , "od-/const" : 0.1250695062096775 , "od-/nns" : 0.0 , "score" : "0.26318579701024797" , "uni-/const" : 0.3759469728985835 , "uni-/nns" : 0.29888351712276096 , "uww-/const" : 0.06589081377710744 , "uww-/nns" : 0.13420918999187068 }
