{ "name" : "default-best-best" , "od-/const" : 0.2608546853560806 , "od-/nns" : 0.0 , "score" : "0.21371840009629284" , "uni-/const" : 0.32027131180258694 , "uni-/nns" : 0.2573096232684919 , "uww-/const" : 0.1615643795728405 , "uww-/nns" : 0.0 }
