{ "name" : "default-best-best" , "od-/const" : 0.1974281132279736 , "od-/nns" : 0.020220209782346156 , "score" : "0.23029802534830826" , "uni-/const" : 0.36510631942554317 , "uni-/nns" : 0.31295987623182125 , "uww-/const" : 0.034984247252573146 , "uww-/nns" : 0.06930123407974262 }
