{ "name" : "default-best-best" , "od-/const" : 0.33500134160134554 , "od-/nns" : 0.007829014050090021 , "score" : "0.2538558690041635" , "uni-/const" : 0.2950726160431874 , "uni-/nns" : 0.2006755351359537 , "uww-/const" : 0.16142149316942328 , "uww-/nns" : 0.0 }
