{ "name" : "default-best-best" , "od-/const" : 0.1261872094864029 , "od-/nns" : 0.17355543889416802 , "score" : "0.3855411655369494" , "uni-/const" : 0.3258835910087474 , "uni-/nns" : 0.15841519623514494 , "uww-/const" : 0.16116696122531549 , "uww-/nns" : 0.054791603150221246 }
