{ "name" : "default-best-best" , "od-/const" : 0.1166226871775402 , "od-/nns" : 0.1876969468160768 , "score" : "0.40812864461846793" , "uni-/const" : 0.3138525195709049 , "uni-/nns" : 0.10728848936623443 , "uww-/const" : 0.23234236398873273 , "uww-/nns" : 0.042196993080510795 }
