{ "name" : "default-best-best" , "od-/const" : 0.05106177596573694 , "od-/nns" : 0.24928520854065037 , "score" : "0.4189641329612281" , "uni-/const" : 0.33830903122603817 , "uni-/nns" : 0.0 , "uww-/const" : 0.306984205933596 , "uww-/nns" : 0.054359778333978606 }
