{ "name" : "default-best-best" , "od-/const" : 0.14364739839702567 , "od-/nns" : 0.1991133988736458 , "score" : "0.4244884986255426" , "uni-/const" : 0.31078955910337536 , "uni-/nns" : 0.0 , "uww-/const" : 0.19676495226417884 , "uww-/nns" : 0.1496846913617744 }
