{ "name" : "default-best-best" , "od-/const" : 0.05204581507208479 , "od-/nns" : 0.2232918357658548 , "score" : "0.38686832826642487" , "uni-/const" : 0.29606512369693977 , "uni-/nns" : 0.16819308910468572 , "uww-/const" : 0.23091889418399528 , "uww-/nns" : 0.029485242176439618 }
