{ "name" : "default-best" , "score" : "0.11395606187945836" , "uni-attributes-/question-dep" : 0.11233766837842356 , "uni-attributes-fieldlikelihood" : 0.21082057672992224 , "uni-categories-/question-dep" : 0.11233766837842356 , "uni-categories-fieldlikelihood" : 0.11806727474882016 , "uni-names-/question-dep" : 0.11233766837842356 , "uni-names-fieldlikelihood" : 0.0 , "uni-outgoingentitynames-/question-dep" : 0.11233766837842356 , "uni-outgoingentitynames-fieldlikelihood" : 0.0 , "uni-similarentitynames-/question-dep" : 0.11233766837842356 , "uni-similarentitynames-fieldlikelihood" : 0.10942380662913992 }
