{ "name" : "default-best" , "score" : "0.12214062226824425" , "uni-attributes-/question-dep" : 0.1175977673086345 , "uni-attributes-fieldlikelihood" : 0.17066375980665585 , "uni-categories-/question-dep" : 0.1175977673086345 , "uni-categories-fieldlikelihood" : 0.1733170594315569 , "uni-names-/question-dep" : 0.1175977673086345 , "uni-names-fieldlikelihood" : 0.006291516381581635 , "uni-outgoingentitynames-/question-dep" : 0.1175977673086345 , "uni-outgoingentitynames-fieldlikelihood" : 0.0 , "uni-similarentitynames-/question-dep" : 0.1175977673086345 , "uni-similarentitynames-fieldlikelihood" : 0.06173882783703313 }
