{ "name" : "default-best" , "score" : "0.11007381785175255" , "uni-attributes-/question-dep" : 0.07514168195968166 , "uni-attributes-fieldlikelihood" : 0.31715789952432893 , "uni-categories-/question-dep" : 0.001219401232029732 , "uni-categories-fieldlikelihood" : 0.10369421325495215 , "uni-names-/question-dep" : 0.1489318514930484 , "uni-names-fieldlikelihood" : 0.08866066246332596 , "uni-outgoingentitynames-/question-dep" : 0.05078133871178289 , "uni-outgoingentitynames-fieldlikelihood" : 0.0 , "uni-similarentitynames-/question-dep" : 0.20122952797855334 , "uni-similarentitynames-fieldlikelihood" : 0.013183423382296888 }
