{ "name" : "default-best" , "score" : "0.1842042749688639" , "uni-attributes-/question-dep" : 0.0 , "uni-attributes-fieldlikelihood" : 0.21716476818267744 , "uni-categories-/question-dep" : 0.4067754958679785 , "uni-categories-fieldlikelihood" : 0.263603504533962 , "uni-names-/question-dep" : 0.0 , "uni-names-fieldlikelihood" : 0.0 , "uni-outgoingentitynames-/question-dep" : 0.038194183862828524 , "uni-outgoingentitynames-fieldlikelihood" : 0.02424049365860724 , "uni-similarentitynames-/question-dep" : 0.013910521826664631 , "uni-similarentitynames-fieldlikelihood" : 0.036111032067281716 }
