{ "name" : "default-best" , "score" : "0.20548349524628673" , "uni-attributes-/question-dep" : 0.2517467679949064 , "uni-attributes-fieldlikelihood" : 0.11174576685352111 , "uni-categories-/question-dep" : 0.32302805126790773 , "uni-categories-fieldlikelihood" : 0.2166925586435361 , "uni-names-/question-dep" : 0.0 , "uni-names-fieldlikelihood" : 0.0 , "uni-outgoingentitynames-/question-dep" : 0.05039793458664084 , "uni-outgoingentitynames-fieldlikelihood" : 0.019443043856169333 , "uni-similarentitynames-/question-dep" : 0.0 , "uni-similarentitynames-fieldlikelihood" : 0.026945876797318392 }
