{ "name" : "default-best" , "score" : "0.179827462474656" , "uni-attributes-/question-dep" : 0.3486794090888769 , "uni-attributes-fieldlikelihood" : 0.17755550390850558 , "uni-categories-/question-dep" : 0.19452869669505393 , "uni-categories-fieldlikelihood" : 0.19803396418962607 , "uni-names-/question-dep" : 0.0 , "uni-names-fieldlikelihood" : 0.0 , "uni-outgoingentitynames-/question-dep" : 0.045164582248837064 , "uni-outgoingentitynames-fieldlikelihood" : 0.02779592104281486 , "uni-similarentitynames-/question-dep" : 0.008241922826285502 , "uni-similarentitynames-fieldlikelihood" : 0.0 }
