{ "name" : "default-best" , "score" : "0.20194564681973648" , "uni-attributes-/question-dep" : 0.23894862202464115 , "uni-attributes-fieldlikelihood" : 0.1698259978538045 , "uni-categories-/question-dep" : 0.16706995767358238 , "uni-categories-fieldlikelihood" : 0.29107554043806944 , "uni-names-/question-dep" : 0.0 , "uni-names-fieldlikelihood" : 0.0 , "uni-outgoingentitynames-/question-dep" : 0.10510234205452286 , "uni-outgoingentitynames-fieldlikelihood" : 0.02424150592643452 , "uni-similarentitynames-/question-dep" : 0.0 , "uni-similarentitynames-fieldlikelihood" : 0.0037360340289452664 }
