{ "name" : "default-best" , "score" : "0.1994368456683754" , "uni-attributes-/question-dep" : 0.018423728246099183 , "uni-attributes-fieldlikelihood" : 0.0460015685405162 , "uni-categories-/question-dep" : 0.6017858745998603 , "uni-categories-fieldlikelihood" : 0.09429244769597439 , "uni-names-/question-dep" : 0.0 , "uni-names-fieldlikelihood" : 0.0 , "uni-outgoingentitynames-/question-dep" : 0.009947124270820645 , "uni-outgoingentitynames-fieldlikelihood" : 0.1379090834394155 , "uni-similarentitynames-/question-dep" : 0.014144149600964369 , "uni-similarentitynames-fieldlikelihood" : 0.07749602360634947 }
