{ "name" : "default-best" , "score" : "0.3278663945305121" , "uni-attributes-/question-dep" : 0.04995979500801966 , "uni-attributes-fieldlikelihood" : 0.22038213709999321 , "uni-categories-/question-dep" : 0.10469875962268485 , "uni-categories-fieldlikelihood" : 0.04782151329778507 , "uni-names-/question-dep" : 0.13063598982358698 , "uni-names-fieldlikelihood" : 0.13473328767456696 , "uni-outgoingentitynames-/question-dep" : 0.15561828612766285 , "uni-outgoingentitynames-fieldlikelihood" : 0.0 , "uni-similarentitynames-/question-dep" : 0.0772871763406389 , "uni-similarentitynames-fieldlikelihood" : 0.07886305500506141 }
