{ "name" : "default-best" , "score" : "0.36290352402250964" , "uni-attributes-/question-dep" : 0.008503793850932015 , "uni-attributes-fieldlikelihood" : 0.27550607455402837 , "uni-categories-/question-dep" : 0.03165991921918694 , "uni-categories-fieldlikelihood" : 0.06014371452704539 , "uni-names-/question-dep" : 0.06507496644919447 , "uni-names-fieldlikelihood" : 0.14551624204083308 , "uni-outgoingentitynames-/question-dep" : 0.1329519375184922 , "uni-outgoingentitynames-fieldlikelihood" : 0.03923246322583722 , "uni-similarentitynames-/question-dep" : 0.0409384573386141 , "uni-similarentitynames-fieldlikelihood" : 0.2004724312758362 }
