{ "name" : "default-best" , "score" : "0.3358467711646199" , "uni-attributes-/question-dep" : 0.0076645001993216905 , "uni-attributes-fieldlikelihood" : 0.29964472112309487 , "uni-categories-/question-dep" : 0.14433992294501127 , "uni-categories-fieldlikelihood" : 0.0453514739229025 , "uni-names-/question-dep" : 0.04533403842645157 , "uni-names-fieldlikelihood" : 0.1437020725750626 , "uni-outgoingentitynames-/question-dep" : 0.07406470962456337 , "uni-outgoingentitynames-fieldlikelihood" : 0.03302264727167213 , "uni-similarentitynames-/question-dep" : 0.018694664465344964 , "uni-similarentitynames-fieldlikelihood" : 0.18818124944657508 }
