{ "name" : "default-best" , "score" : "0.12717767068957228" , "uni-attributes-/nnp" : 0.17923667514080788 , "uni-attributes-/nns" : 0.17207174048675733 , "uni-attributes-fieldlikelihood" : 0.17882647729840548 , "uni-categories-/nnp" : -0.052137595053585076 , "uni-categories-/nns" : 0.18328524735092172 , "uni-categories-fieldlikelihood" : 0.0639155282451094 , "uni-incomingentitynames-/nnp" : 0.12354690189174065 , "uni-incomingentitynames-/nns" : 0.011128787844687781 , "uni-incomingentitynames-fieldlikelihood" : 0.038181930614282246 , "uni-names-/nnp" : 0.028219671123513253 , "uni-names-/nns" : 0.0 , "uni-names-fieldlikelihood" : 0.013388867057787041 , "uni-outgoingentitynames-/nnp" : 0.0 , "uni-outgoingentitynames-/nns" : 0.0 , "uni-outgoingentitynames-fieldlikelihood" : 0.0 , "uni-similarentitynames-/nnp" : 0.0 , "uni-similarentitynames-/nns" : 0.026491216267198154 , "uni-similarentitynames-fieldlikelihood" : 0.033844551732374245 }
