{ "name" : "default-best" , "score" : "0.1383802681733008" , "uni-attributes-/nnp" : 0.21352585532691823 , "uni-attributes-/nns" : 0.16964068083131026 , "uni-attributes-fieldlikelihood" : 0.16893804329660678 , "uni-categories-/nnp" : -0.04743503984877892 , "uni-categories-/nns" : 0.1181985227177008 , "uni-categories-fieldlikelihood" : 0.07797283051836207 , "uni-incomingentitynames-/nnp" : 0.06688722488103145 , "uni-incomingentitynames-/nns" : 0.04845144833645042 , "uni-incomingentitynames-fieldlikelihood" : 0.07141940761331467 , "uni-names-/nnp" : 0.02358569753543202 , "uni-names-/nns" : 0.0 , "uni-names-fieldlikelihood" : 0.028567763045325743 , "uni-outgoingentitynames-/nnp" : 0.0 , "uni-outgoingentitynames-/nns" : 0.013842985094307515 , "uni-outgoingentitynames-fieldlikelihood" : 0.0 , "uni-similarentitynames-/nnp" : 0.0 , "uni-similarentitynames-/nns" : 0.026817987558799616 , "uni-similarentitynames-fieldlikelihood" : 0.01958659309321922 }
