{ "name" : "default-best" , "score" : "0.1431897734740072" , "uni-attributes-/nnp" : 0.24891079191818927 , "uni-attributes-/nns" : 0.15033974010470072 , "uni-attributes-fieldlikelihood" : 0.11547387583881841 , "uni-categories-/nnp" : -0.10587818135300366 , "uni-categories-/nns" : 0.17082715915689756 , "uni-categories-fieldlikelihood" : 0.15449172901211702 , "uni-incomingentitynames-/nnp" : 0.0921982333475846 , "uni-incomingentitynames-/nns" : 0.0 , "uni-incomingentitynames-fieldlikelihood" : 0.008080109773526484 , "uni-names-/nnp" : 0.06682904527519604 , "uni-names-/nns" : 0.04008554712120404 , "uni-names-fieldlikelihood" : 0.0 , "uni-outgoingentitynames-/nnp" : 0.0 , "uni-outgoingentitynames-/nns" : 0.0 , "uni-outgoingentitynames-fieldlikelihood" : 0.0 , "uni-similarentitynames-/nnp" : -0.0044382543752520725 , "uni-similarentitynames-/nns" : 0.02105076789384665 , "uni-similarentitynames-fieldlikelihood" : 0.04202943628617494 }
