{ "name" : "default-best" , "score" : "0.1254022741578163" , "uni-attributes-/nnp" : 0.2617583044173446 , "uni-attributes-/nns" : 0.13283456265285754 , "uni-attributes-fieldlikelihood" : 0.13111897298939482 , "uni-categories-/nnp" : -0.06642501369046229 , "uni-categories-/nns" : 0.09664796467812511 , "uni-categories-fieldlikelihood" : 0.14818281781053108 , "uni-incomingentitynames-/nnp" : 0.08418328377099561 , "uni-incomingentitynames-/nns" : 0.06161957524799128 , "uni-incomingentitynames-fieldlikelihood" : 0.0 , "uni-names-/nnp" : 0.061639100672589466 , "uni-names-/nns" : 0.05565071632757069 , "uni-names-fieldlikelihood" : 0.0 , "uni-outgoingentitynames-/nnp" : 0.05074010120901525 , "uni-outgoingentitynames-/nns" : 0.0 , "uni-outgoingentitynames-fieldlikelihood" : 0.0 , "uni-similarentitynames-/nnp" : 0.0 , "uni-similarentitynames-/nns" : -0.06115167490888795 , "uni-similarentitynames-fieldlikelihood" : 0.0432012888229347 }
