{ "name" : "default-best" , "score" : "0.2442908542841768" , "uni-attributes-/nnp" : 0.05747483633629885 , "uni-attributes-/nns" : 0.014314090889880922 , "uni-attributes-fieldlikelihood" : 0.14713251360718632 , "uni-categories-/nnp" : 0.23569405131193838 , "uni-categories-/nns" : 0.22523271333572936 , "uni-categories-fieldlikelihood" : 0.15324277011465415 , "uni-incomingentitynames-/nnp" : 0.1514928488436985 , "uni-incomingentitynames-/nns" : -0.04546513676481455 , "uni-incomingentitynames-fieldlikelihood" : 0.14548788083026815 , "uni-names-/nnp" : -0.09291994598528866 , "uni-names-/nns" : -0.043825561520505506 , "uni-names-fieldlikelihood" : 0.0 , "uni-outgoingentitynames-/nnp" : 0.052138939000954114 , "uni-outgoingentitynames-/nns" : 0.0 , "uni-outgoingentitynames-fieldlikelihood" : 0.0 , "uni-similarentitynames-/nnp" : 0.0 , "uni-similarentitynames-/nns" : 0.0 , "uni-similarentitynames-fieldlikelihood" : 0.0 }
