{ "name" : "default-best" , "score" : "0.22173096506567883" , "uni-attributes-/nnp" : 0.0 , "uni-attributes-/nns" : 0.17855833855939593 , "uni-attributes-fieldlikelihood" : 0.1312851000712492 , "uni-categories-/nnp" : 0.22386335218500164 , "uni-categories-/nns" : 0.1317958088304672 , "uni-categories-fieldlikelihood" : 0.12520601838894393 , "uni-incomingentitynames-/nnp" : 0.06504815969711887 , "uni-incomingentitynames-/nns" : 0.020220290371980892 , "uni-incomingentitynames-fieldlikelihood" : 0.1317958088304672 , "uni-names-/nnp" : 0.0 , "uni-names-/nns" : 0.0 , "uni-names-fieldlikelihood" : 0.0 , "uni-outgoingentitynames-/nnp" : 0.02617949901571339 , "uni-outgoingentitynames-/nns" : 0.0010724883943579238 , "uni-outgoingentitynames-fieldlikelihood" : 0.013818012136878595 , "uni-similarentitynames-/nnp" : -0.05589935479588099 , "uni-similarentitynames-/nns" : 0.0 , "uni-similarentitynames-fieldlikelihood" : 0.007056478314306263 }
