{ "name" : "default-best" , "score" : "0.22879042981734776" , "uni-attributes-/nnp" : 0.0 , "uni-attributes-/nns" : 0.1724644620468748 , "uni-attributes-fieldlikelihood" : 0.1859990720648977 , "uni-categories-/nnp" : 0.13295798488116273 , "uni-categories-/nns" : 0.12582130668706512 , "uni-categories-fieldlikelihood" : 0.18530578661106353 , "uni-incomingentitynames-/nnp" : 0.12176476423427923 , "uni-incomingentitynames-/nns" : 0.02536635471688655 , "uni-incomingentitynames-fieldlikelihood" : 0.08963770555182386 , "uni-names-/nnp" : -0.06284584890603141 , "uni-names-/nns" : 0.0 , "uni-names-fieldlikelihood" : 0.0 , "uni-outgoingentitynames-/nnp" : 0.02352841211197791 , "uni-outgoingentitynames-/nns" : 0.0 , "uni-outgoingentitynames-fieldlikelihood" : 0.0 , "uni-similarentitynames-/nnp" : 0.0 , "uni-similarentitynames-/nns" : 0.0 , "uni-similarentitynames-fieldlikelihood" : 0.0 }
