{ "name" : "default-best" , "score" : "0.2576925370289049" , "uni-attributes-/nnp" : 0.08348680754597024 , "uni-attributes-/nns" : 0.16428808326003708 , "uni-attributes-fieldlikelihood" : 0.061767649923905064 , "uni-categories-/nnp" : 0.3002566522996035 , "uni-categories-/nns" : 0.09416620257940109 , "uni-categories-fieldlikelihood" : 0.07703495856030933 , "uni-incomingentitynames-/nnp" : 0.136619380615118 , "uni-incomingentitynames-/nns" : 0.0 , "uni-incomingentitynames-fieldlikelihood" : 0.08733462005710718 , "uni-names-/nnp" : -0.04634006253809564 , "uni-names-/nns" : 0.0 , "uni-names-fieldlikelihood" : 0.0 , "uni-outgoingentitynames-/nnp" : 0.041385707696644194 , "uni-outgoingentitynames-/nns" : 0.0 , "uni-outgoingentitynames-fieldlikelihood" : 0.0 , "uni-similarentitynames-/nnp" : 0.0 , "uni-similarentitynames-/nns" : 0.0 , "uni-similarentitynames-fieldlikelihood" : 0.0 }
