{ "name" : "default-best" , "score" : "0.25566613128909077" , "uni-attributes-/nnp" : 0.1613689285901571 , "uni-attributes-/nns" : 0.20123538281528405 , "uni-attributes-fieldlikelihood" : 0.06771073865557255 , "uni-categories-/nnp" : 0.03677756721182396 , "uni-categories-/nns" : 0.1886255021225464 , "uni-categories-fieldlikelihood" : 0.08052855760147687 , "uni-incomingentitynames-/nnp" : 0.18866030156960722 , "uni-incomingentitynames-/nns" : 0.08462431259321268 , "uni-incomingentitynames-fieldlikelihood" : 0.09047667725738741 , "uni-names-/nnp" : -0.09113611367341201 , "uni-names-/nns" : -0.053717054569250876 , "uni-names-fieldlikelihood" : 0.0 , "uni-outgoingentitynames-/nnp" : 0.044845199825594644 , "uni-outgoingentitynames-/nns" : 0.0 , "uni-outgoingentitynames-fieldlikelihood" : 0.0 , "uni-similarentitynames-/nnp" : 0.0 , "uni-similarentitynames-/nns" : 0.0 , "uni-similarentitynames-fieldlikelihood" : 0.0 }
