{ "name" : "default-best" , "score" : "0.21732054440703233" , "uni-attributes-/nnp" : 0.12138580967171285 , "uni-attributes-/nns" : 0.055919014969226785 , "uni-attributes-fieldlikelihood" : 0.11352759180529268 , "uni-categories-/nnp" : -0.05352348764904437 , "uni-categories-/nns" : 0.20446452938720597 , "uni-categories-fieldlikelihood" : 0.1460823944119213 , "uni-incomingentitynames-/nnp" : 0.19664055542290704 , "uni-incomingentitynames-/nns" : 0.13300421839453486 , "uni-incomingentitynames-fieldlikelihood" : 0.0 , "uni-names-/nnp" : 0.0 , "uni-names-/nns" : -0.11212151331467222 , "uni-names-fieldlikelihood" : 0.0 , "uni-outgoingentitynames-/nnp" : 0.2129894875687064 , "uni-outgoingentitynames-/nns" : 0.004494584804230309 , "uni-outgoingentitynames-fieldlikelihood" : 0.01836200504053971 , "uni-similarentitynames-/nnp" : -0.05634051331478353 , "uni-similarentitynames-/nns" : 0.0 , "uni-similarentitynames-fieldlikelihood" : 0.015115322802222202 }
