{ "name" : "default-best" , "score" : "0.21946600200701363" , "uni-attributes-/nnp" : 0.10851258071528322 , "uni-attributes-/nns" : 0.053775187212771476 , "uni-attributes-fieldlikelihood" : 0.053609884666726636 , "uni-categories-/nnp" : -0.06444574969637079 , "uni-categories-/nns" : 0.3152259488870228 , "uni-categories-fieldlikelihood" : 0.14829474930063666 , "uni-incomingentitynames-/nnp" : 0.24376641814859903 , "uni-incomingentitynames-/nns" : 0.0 , "uni-incomingentitynames-fieldlikelihood" : 0.05025094063479501 , "uni-names-/nnp" : -0.06122346221155226 , "uni-names-/nns" : -0.13177181064982896 , "uni-names-fieldlikelihood" : 0.0 , "uni-outgoingentitynames-/nnp" : 0.038930129353599886 , "uni-outgoingentitynames-/nns" : 0.0 , "uni-outgoingentitynames-fieldlikelihood" : 0.20784821109215068 , "uni-similarentitynames-/nnp" : -0.05447129760122787 , "uni-similarentitynames-/nns" : 0.0 , "uni-similarentitynames-fieldlikelihood" : 0.09169827014739455 }
