{ "name" : "default-best" , "score" : "0.23254801509301945" , "uni-attributes-/nnp" : 0.05497825723456028 , "uni-attributes-/nns" : 0.10038062667338286 , "uni-attributes-fieldlikelihood" : 0.10445868874566457 , "uni-categories-/nnp" : 0.10693271032121975 , "uni-categories-/nns" : 0.20533723330341155 , "uni-categories-fieldlikelihood" : 0.006177457858613655 , "uni-incomingentitynames-/nnp" : 0.15335028188205632 , "uni-incomingentitynames-/nns" : 0.01581386840438236 , "uni-incomingentitynames-fieldlikelihood" : 0.0 , "uni-names-/nnp" : -0.0504031930227574 , "uni-names-/nns" : -0.050508897143564845 , "uni-names-fieldlikelihood" : 0.0 , "uni-outgoingentitynames-/nnp" : 0.14855771865318318 , "uni-outgoingentitynames-/nns" : -8.628004108055343E-4 , "uni-outgoingentitynames-fieldlikelihood" : 0.15753347394960732 , "uni-similarentitynames-/nnp" : 0.0 , "uni-similarentitynames-/nns" : 0.0 , "uni-similarentitynames-fieldlikelihood" : 0.048254573551046044 }
