{ "name" : "default-best" , "score" : "0.23131194740137806" , "uni-attributes-/nnp" : 0.10575936912260966 , "uni-attributes-/nns" : 0.0 , "uni-attributes-fieldlikelihood" : 0.1452033331812002 , "uni-categories-/nnp" : -0.04802927900303876 , "uni-categories-/nns" : 0.2823729928154509 , "uni-categories-fieldlikelihood" : 0.16577278253294966 , "uni-incomingentitynames-/nnp" : 0.061255662983352395 , "uni-incomingentitynames-/nns" : -0.05055713579267237 , "uni-incomingentitynames-fieldlikelihood" : 0.07915875675102764 , "uni-names-/nnp" : 0.0 , "uni-names-/nns" : 0.0 , "uni-names-fieldlikelihood" : -0.047913902319150894 , "uni-outgoingentitynames-/nnp" : 0.1484061976223187 , "uni-outgoingentitynames-/nns" : 2.404473303472985E-4 , "uni-outgoingentitynames-fieldlikelihood" : 0.07541584359484867 , "uni-similarentitynames-/nnp" : 0.033893724231719394 , "uni-similarentitynames-/nns" : 0.0 , "uni-similarentitynames-fieldlikelihood" : 0.049021206949037416 }
