{ "name" : "default-best" , "score" : "0.2271921604290777" , "uni-attributes-/nnp" : 0.10063763459163631 , "uni-attributes-/nns" : 0.0 , "uni-attributes-fieldlikelihood" : 0.066817229586583 , "uni-categories-/nnp" : 0.04557908447600454 , "uni-categories-/nns" : 0.13872386947653445 , "uni-categories-fieldlikelihood" : 0.14565504348607455 , "uni-incomingentitynames-/nnp" : 0.27895027692728525 , "uni-incomingentitynames-/nns" : 0.0 , "uni-incomingentitynames-fieldlikelihood" : 0.043788339683380986 , "uni-names-/nnp" : -0.05012531328320803 , "uni-names-/nns" : 0.0 , "uni-names-fieldlikelihood" : 0.0 , "uni-outgoingentitynames-/nnp" : 0.18864020896717992 , "uni-outgoingentitynames-/nns" : 0.0 , "uni-outgoingentitynames-fieldlikelihood" : 0.020195009050906036 , "uni-similarentitynames-/nnp" : 0.0 , "uni-similarentitynames-/nns" : -0.052479040404650526 , "uni-similarentitynames-fieldlikelihood" : 0.07361765744227361 }
