{ "name" : "default-best" , "score" : "0.3735621343156416" , "uni-attributes-/nnp" : -0.0868507686930132 , "uni-attributes-/nns" : 0.05728948974738055 , "uni-attributes-fieldlikelihood" : 0.1745554402698835 , "uni-categories-/nnp" : 0.0 , "uni-categories-/nns" : 0.04534456385296603 , "uni-categories-fieldlikelihood" : 0.04701956085084038 , "uni-incomingentitynames-/nnp" : 0.16710086824504924 , "uni-incomingentitynames-/nns" : 0.0 , "uni-incomingentitynames-fieldlikelihood" : 0.045969486832139694 , "uni-names-/nnp" : 0.041254115129181264 , "uni-names-/nns" : 0.09800849552147416 , "uni-names-fieldlikelihood" : 0.1491356229526832 , "uni-outgoingentitynames-/nnp" : 0.0 , "uni-outgoingentitynames-/nns" : 0.03786046472602046 , "uni-outgoingentitynames-fieldlikelihood" : 0.0 , "uni-similarentitynames-/nnp" : 0.09042237949586257 , "uni-similarentitynames-/nns" : 0.06416083756453453 , "uni-similarentitynames-fieldlikelihood" : 0.06872944350499756 }
