{ "name" : "default-best" , "score" : "0.358956307896299" , "uni-attributes-/nnp" : 0.00937303036324043 , "uni-attributes-/nns" : 0.0 , "uni-attributes-fieldlikelihood" : 0.17474383803008134 , "uni-categories-/nnp" : 0.035439756581333554 , "uni-categories-/nns" : 0.007078248075016636 , "uni-categories-fieldlikelihood" : 0.0074707762464811455 , "uni-incomingentitynames-/nnp" : 0.11163992190438815 , "uni-incomingentitynames-/nns" : 0.005858401761281138 , "uni-incomingentitynames-fieldlikelihood" : 0.07088832810879829 , "uni-names-/nnp" : 0.04111415447484522 , "uni-names-/nns" : 0.00431315665517805 , "uni-names-fieldlikelihood" : 0.11826059850647747 , "uni-outgoingentitynames-/nnp" : -0.033427018633818625 , "uni-outgoingentitynames-/nns" : 0.07470776246481176 , "uni-outgoingentitynames-fieldlikelihood" : 0.009151860164297643 , "uni-similarentitynames-/nnp" : 0.1417618645326791 , "uni-similarentitynames-/nns" : 0.14906027031229085 , "uni-similarentitynames-fieldlikelihood" : 0.07256505045261788 }
