{ "name" : "default-best" , "score" : "0.3476159677072127" , "uni-attributes-/nnp" : 0.0 , "uni-attributes-/nns" : 0.16374367329552114 , "uni-attributes-fieldlikelihood" : 0.21530769183349197 , "uni-categories-/nnp" : 0.05570073422829888 , "uni-categories-/nns" : 0.06673533853943783 , "uni-categories-fieldlikelihood" : 0.03300096074225385 , "uni-incomingentitynames-/nnp" : 0.23935005929114492 , "uni-incomingentitynames-/nns" : 0.13680146106789487 , "uni-incomingentitynames-fieldlikelihood" : 0.07597210105815698 , "uni-names-/nnp" : 0.029853567335242914 , "uni-names-/nns" : 0.03042706461851901 , "uni-names-fieldlikelihood" : 0.07959712983845822 , "uni-outgoingentitynames-/nnp" : 0.0 , "uni-outgoingentitynames-/nns" : -0.04669671039359263 , "uni-outgoingentitynames-fieldlikelihood" : 0.0012906444501296997 , "uni-similarentitynames-/nnp" : -0.05011214430589822 , "uni-similarentitynames-/nns" : -0.09791119833367369 , "uni-similarentitynames-fieldlikelihood" : 0.06693962673461434 }
