{ "name" : "default-best" , "score" : "0.39285582928682933" , "uni-attributes-/nnp" : -0.05307043171566013 , "uni-attributes-/nns" : 0.04872364167131469 , "uni-attributes-fieldlikelihood" : 0.17316116760347466 , "uni-categories-/nnp" : 0.06928806909788049 , "uni-categories-/nns" : 0.057126902980794904 , "uni-categories-fieldlikelihood" : 0.023246574986545462 , "uni-incomingentitynames-/nnp" : 0.17150843932550294 , "uni-incomingentitynames-/nns" : 0.0 , "uni-incomingentitynames-fieldlikelihood" : 0.07543009900523327 , "uni-names-/nnp" : 0.06574547113143754 , "uni-names-/nns" : 0.0023624310445623897 , "uni-names-fieldlikelihood" : 0.10346337708932477 , "uni-outgoingentitynames-/nnp" : -0.012247067560101951 , "uni-outgoingentitynames-/nns" : 0.025931212275317406 , "uni-outgoingentitynames-fieldlikelihood" : 0.0 , "uni-similarentitynames-/nnp" : 0.1276575852952553 , "uni-similarentitynames-/nns" : 0.08352085519309327 , "uni-similarentitynames-fieldlikelihood" : 0.03815167257602508 }
