{ "name" : "default-best" , "score" : "0.12045844900186735" , "uni-attributes-/dep-leaf" : 0.11261097300515596 , "uni-attributes-/nnp" : 0.3296799379437001 , "uni-attributes-fieldlikelihood" : 0.11162266242070626 , "uni-categories-/dep-leaf" : 0.09244685070029315 , "uni-categories-/nnp" : 0.0 , "uni-categories-fieldlikelihood" : 0.10911321742931153 , "uni-names-/dep-leaf" : 0.0 , "uni-names-/nnp" : 0.11579563817042374 , "uni-names-fieldlikelihood" : 0.0 , "uni-outgoingentitynames-/dep-leaf" : 0.0 , "uni-outgoingentitynames-/nnp" : 0.0 , "uni-outgoingentitynames-fieldlikelihood" : 0.0 , "uni-similarentitynames-/dep-leaf" : 0.08674342063032663 , "uni-similarentitynames-/nnp" : 0.041987299700082796 , "uni-similarentitynames-fieldlikelihood" : 0.0 }
