{ "name" : "default-best" , "score" : "0.1373903802842674" , "uni-attributes-/dep-leaf" : 0.2384176469620709 , "uni-attributes-/nnp" : 0.2947930579259321 , "uni-attributes-fieldlikelihood" : 0.12507324244691587 , "uni-categories-/dep-leaf" : 0.07243832218407488 , "uni-categories-/nnp" : -0.15128143928109403 , "uni-categories-fieldlikelihood" : 0.14412813018051074 , "uni-names-/dep-leaf" : -0.009719288287698273 , "uni-names-/nnp" : 0.10389634246296156 , "uni-names-fieldlikelihood" : 0.03553379292581208 , "uni-outgoingentitynames-/dep-leaf" : 0.0 , "uni-outgoingentitynames-/nnp" : 0.0 , "uni-outgoingentitynames-fieldlikelihood" : 0.0 , "uni-similarentitynames-/dep-leaf" : 0.1422371160853104 , "uni-similarentitynames-/nnp" : 0.004483076395203735 , "uni-similarentitynames-fieldlikelihood" : 0.0 }
