{ "name" : "default-best" , "score" : "0.13240256858678986" , "uni-attributes-/dep-leaf" : 0.28392620066981705 , "uni-attributes-/nnp" : 0.3122029450485388 , "uni-attributes-fieldlikelihood" : 0.04731720516218775 , "uni-categories-/dep-leaf" : 0.0857152302855429 , "uni-categories-/nnp" : -0.11580035355053565 , "uni-categories-fieldlikelihood" : 0.10681169596822743 , "uni-names-/dep-leaf" : -0.010426436405541544 , "uni-names-/nnp" : 0.16088977711014427 , "uni-names-fieldlikelihood" : 0.0 , "uni-outgoingentitynames-/dep-leaf" : 0.0 , "uni-outgoingentitynames-/nnp" : -0.005840921416751775 , "uni-outgoingentitynames-fieldlikelihood" : 0.01658537168720254 , "uni-similarentitynames-/dep-leaf" : 0.11434830368836384 , "uni-similarentitynames-/nnp" : 0.0 , "uni-similarentitynames-fieldlikelihood" : 0.004270981752804608 }
