{ "name" : "default-best" , "score" : "0.12393905438854769" , "uni-attributes-/dep-leaf" : 0.25494031195314865 , "uni-attributes-/nnp" : 0.15141335351295424 , "uni-attributes-fieldlikelihood" : 0.22661260014311274 , "uni-categories-/dep-leaf" : 0.04843491864608827 , "uni-categories-/nnp" : -0.09127297412865473 , "uni-categories-fieldlikelihood" : 0.13345444355042926 , "uni-names-/dep-leaf" : 0.04123821928781363 , "uni-names-/nnp" : 0.14183708657323385 , "uni-names-fieldlikelihood" : 0.11551727978721917 , "uni-outgoingentitynames-/dep-leaf" : 0.0 , "uni-outgoingentitynames-/nnp" : -0.050020543913899485 , "uni-outgoingentitynames-fieldlikelihood" : 0.04319187992657379 , "uni-similarentitynames-/dep-leaf" : 0.028062076543889536 , "uni-similarentitynames-/nnp" : -0.043408651881909066 , "uni-similarentitynames-fieldlikelihood" : 0.0 }
