{ "name" : "default-best" , "score" : "0.12348562346305067" , "uni-attributes-/dep-leaf" : 0.3237168064324437 , "uni-attributes-/nnp" : 0.21219274605543884 , "uni-attributes-fieldlikelihood" : 0.06478242588510029 , "uni-categories-/dep-leaf" : 0.07187435089730809 , "uni-categories-/nnp" : -0.06554241643623891 , "uni-categories-fieldlikelihood" : 0.11281053350530681 , "uni-names-/dep-leaf" : -0.05773090679863885 , "uni-names-/nnp" : 0.19660076772384047 , "uni-names-fieldlikelihood" : 0.0 , "uni-outgoingentitynames-/dep-leaf" : 0.0 , "uni-outgoingentitynames-/nnp" : -0.06899201730130412 , "uni-outgoingentitynames-fieldlikelihood" : 0.03490543825150095 , "uni-similarentitynames-/dep-leaf" : 0.14536382125177233 , "uni-similarentitynames-/nnp" : 0.030018450533470308 , "uni-similarentitynames-fieldlikelihood" : 0.0 }
