{ "name" : "default-best" , "score" : "0.21826117745869186" , "uni-attributes-/dep-leaf" : 0.07825052642943142 , "uni-attributes-/nnp" : 0.05779626727567065 , "uni-attributes-fieldlikelihood" : 0.16884563605171046 , "uni-categories-/dep-leaf" : 0.19455495158021652 , "uni-categories-/nnp" : 0.31004720392971963 , "uni-categories-fieldlikelihood" : 0.1597293638676937 , "uni-names-/dep-leaf" : 0.0 , "uni-names-/nnp" : 0.0 , "uni-names-fieldlikelihood" : 0.0 , "uni-outgoingentitynames-/dep-leaf" : 0.02071956036800676 , "uni-outgoingentitynames-/nnp" : 0.03634414302049315 , "uni-outgoingentitynames-fieldlikelihood" : 0.0 , "uni-similarentitynames-/dep-leaf" : -0.05740999221454995 , "uni-similarentitynames-/nnp" : -0.05938600980330126 , "uni-similarentitynames-fieldlikelihood" : 0.09050834949490902 }
