{ "name" : "default-best" , "score" : "0.18590476356946062" , "uni-attributes-/dep-leaf" : 0.18958872820825887 , "uni-attributes-/nnp" : 0.1349360089861768 , "uni-attributes-fieldlikelihood" : 0.08604896664805495 , "uni-categories-/dep-leaf" : 0.09330425055402224 , "uni-categories-/nnp" : 0.3538565380421769 , "uni-categories-fieldlikelihood" : 0.11707351228831928 , "uni-names-/dep-leaf" : -0.04802508651594309 , "uni-names-/nnp" : -0.05125244560075418 , "uni-names-fieldlikelihood" : 0.025887540106798328 , "uni-outgoingentitynames-/dep-leaf" : 0.021112249707855395 , "uni-outgoingentitynames-/nnp" : 0.03184590538488847 , "uni-outgoingentitynames-fieldlikelihood" : 0.0 , "uni-similarentitynames-/dep-leaf" : 0.04562383219014594 , "uni-similarentitynames-/nnp" : 0.0 , "uni-similarentitynames-fieldlikelihood" : 0.0 }
