{ "name" : "default-best" , "score" : "0.20908940191897507" , "uni-attributes-/dep-leaf" : 0.15975243599375807 , "uni-attributes-/nnp" : 0.09343298115761144 , "uni-attributes-fieldlikelihood" : 0.15568966899744613 , "uni-categories-/dep-leaf" : 0.2233429460025807 , "uni-categories-/nnp" : 0.10108198406205444 , "uni-categories-fieldlikelihood" : 0.26427933996958924 , "uni-names-/dep-leaf" : -0.058317538999854215 , "uni-names-/nnp" : 0.0 , "uni-names-fieldlikelihood" : 0.0 , "uni-outgoingentitynames-/dep-leaf" : 0.03000849185167867 , "uni-outgoingentitynames-/nnp" : 0.03126674800981223 , "uni-outgoingentitynames-fieldlikelihood" : 0.0 , "uni-similarentitynames-/dep-leaf" : 0.0 , "uni-similarentitynames-/nnp" : -0.05567971261473132 , "uni-similarentitynames-fieldlikelihood" : 0.055142655570054516 }
