{ "name" : "default-best" , "score" : "0.2080547063472901" , "uni-attributes-/dep-leaf" : 0.21581941878014133 , "uni-attributes-/nnp" : 0.09534357360495041 , "uni-attributes-fieldlikelihood" : 0.13325386432359929 , "uni-categories-/dep-leaf" : 0.17361382353594582 , "uni-categories-/nnp" : 0.10351281950357574 , "uni-categories-fieldlikelihood" : 0.2536197030305144 , "uni-names-/dep-leaf" : 0.02651776779202004 , "uni-names-/nnp" : -0.0555405133331945 , "uni-names-fieldlikelihood" : -0.04913770996410377 , "uni-outgoingentitynames-/dep-leaf" : 0.017277322849743933 , "uni-outgoingentitynames-/nnp" : 0.04151881837989237 , "uni-outgoingentitynames-fieldlikelihood" : 0.0 , "uni-similarentitynames-/dep-leaf" : 0.0 , "uni-similarentitynames-/nnp" : 0.0 , "uni-similarentitynames-fieldlikelihood" : 0.044201111496915094 }
