{ "name" : "default-best" , "score" : "0.19263627290948263" , "uni-attributes-/dep-leaf" : 0.17934040269522883 , "uni-attributes-/nnp" : 0.10118490795049875 , "uni-attributes-fieldlikelihood" : 0.13351149459793737 , "uni-categories-/dep-leaf" : 0.2648816178044923 , "uni-categories-/nnp" : 0.2129441647243378 , "uni-categories-fieldlikelihood" : 0.10324859061298262 , "uni-names-/dep-leaf" : -0.05225753843540627 , "uni-names-/nnp" : -0.05670639583094726 , "uni-names-fieldlikelihood" : 0.00634540435142093 , "uni-outgoingentitynames-/dep-leaf" : 0.0 , "uni-outgoingentitynames-/nnp" : 0.059019614319863335 , "uni-outgoingentitynames-fieldlikelihood" : 0.0 , "uni-similarentitynames-/dep-leaf" : 0.0 , "uni-similarentitynames-/nnp" : 0.0 , "uni-similarentitynames-fieldlikelihood" : 0.04848773720959169 }
