{ "name" : "default-best" , "score" : "0.19486118354881432" , "uni-attributes-/dep-leaf" : 0.08768360945202706 , "uni-attributes-/nnp" : 0.0 , "uni-attributes-fieldlikelihood" : 0.25319685448972307 , "uni-categories-/dep-leaf" : 0.09621204458814778 , "uni-categories-/nnp" : 0.0 , "uni-categories-fieldlikelihood" : 0.13344507527940816 , "uni-names-/dep-leaf" : 0.0 , "uni-names-/nnp" : -0.18267341268519577 , "uni-names-fieldlikelihood" : 0.0 , "uni-outgoingentitynames-/dep-leaf" : 0.0 , "uni-outgoingentitynames-/nnp" : 0.29320881599999565 , "uni-outgoingentitynames-fieldlikelihood" : 0.23661865376817356 , "uni-similarentitynames-/dep-leaf" : -0.05115052312536859 , "uni-similarentitynames-/nnp" : 0.0 , "uni-similarentitynames-fieldlikelihood" : 0.13345888223308905 }
