{ "name" : "default-best" , "score" : "0.17207234698150464" , "uni-attributes-/dep-leaf" : 0.04544405087497739 , "uni-attributes-/nnp" : 0.0 , "uni-attributes-fieldlikelihood" : 0.15029218275449557 , "uni-categories-/dep-leaf" : 0.1178734529760025 , "uni-categories-/nnp" : 0.0 , "uni-categories-fieldlikelihood" : 0.0546850206582169 , "uni-names-/dep-leaf" : 0.08553695325000785 , "uni-names-/nnp" : -0.04376810143751031 , "uni-names-fieldlikelihood" : 0.0 , "uni-outgoingentitynames-/dep-leaf" : 0.15216464776302513 , "uni-outgoingentitynames-/nnp" : 0.13760325003064258 , "uni-outgoingentitynames-fieldlikelihood" : 0.131536321993982 , "uni-similarentitynames-/dep-leaf" : 0.09254021490481627 , "uni-similarentitynames-/nnp" : 0.025425346377158656 , "uni-similarentitynames-fieldlikelihood" : 0.05066665985418554 }
