{ "name" : "default-best" , "score" : "0.20862459289801746" , "uni-attributes-/dep-leaf" : 0.030295694127702354 , "uni-attributes-/nnp" : 0.0 , "uni-attributes-fieldlikelihood" : 0.10545079969938044 , "uni-categories-/dep-leaf" : 0.1308430671816174 , "uni-categories-/nnp" : -0.05690389049775272 , "uni-categories-fieldlikelihood" : 0.24851963901475124 , "uni-names-/dep-leaf" : 0.0 , "uni-names-/nnp" : -0.0547053174734813 , "uni-names-fieldlikelihood" : 0.031658099062428474 , "uni-outgoingentitynames-/dep-leaf" : 0.08763632929012906 , "uni-outgoingentitynames-/nnp" : 0.309706887054511 , "uni-outgoingentitynames-fieldlikelihood" : 0.043790680811860216 , "uni-similarentitynames-/dep-leaf" : 0.0 , "uni-similarentitynames-/nnp" : 0.1237080117288538 , "uni-similarentitynames-fieldlikelihood" : 0.0 }
