{ "name" : "default-best" , "score" : "0.21048412071710657" , "uni-attributes-/dep-leaf" : 0.11405449951128456 , "uni-attributes-/nnp" : 0.036508978935803224 , "uni-attributes-fieldlikelihood" : 0.038765922241046066 , "uni-categories-/dep-leaf" : 0.2569283687600244 , "uni-categories-/nnp" : -0.0460046226761944 , "uni-categories-fieldlikelihood" : 0.1555728330282236 , "uni-names-/dep-leaf" : -0.057724356044176944 , "uni-names-/nnp" : 0.0 , "uni-names-fieldlikelihood" : 0.0 , "uni-outgoingentitynames-/dep-leaf" : 0.04625767557718377 , "uni-outgoingentitynames-/nnp" : 0.3130114710900432 , "uni-outgoingentitynames-fieldlikelihood" : 0.025785555125268807 , "uni-similarentitynames-/dep-leaf" : 0.045889611119503904 , "uni-similarentitynames-/nnp" : 0.05235769255707658 , "uni-similarentitynames-fieldlikelihood" : 0.01859637077491343 }
