{ "name" : "default-best" , "score" : "0.2020950239024105" , "uni-attributes-/dep-leaf" : 0.024356178448753468 , "uni-attributes-/nnp" : -0.0551928707081408 , "uni-attributes-fieldlikelihood" : 0.14088221513720925 , "uni-categories-/dep-leaf" : 0.12105156560029227 , "uni-categories-/nnp" : -0.05304213163395258 , "uni-categories-fieldlikelihood" : 0.2681121331743212 , "uni-names-/dep-leaf" : 0.0 , "uni-names-/nnp" : 0.0 , "uni-names-fieldlikelihood" : -0.05805593265317531 , "uni-outgoingentitynames-/dep-leaf" : 0.0 , "uni-outgoingentitynames-/nnp" : 0.37438999046284477 , "uni-outgoingentitynames-fieldlikelihood" : 0.037710364985930375 , "uni-similarentitynames-/dep-leaf" : 0.03684879188702598 , "uni-similarentitynames-/nnp" : 0.07297359490461526 , "uni-similarentitynames-fieldlikelihood" : 0.08996610039427619 }
