{ "name" : "default-best" , "score" : "0.3677368496178103" , "uni-attributes-/dep-leaf" : 0.06136714674596491 , "uni-attributes-/nnp" : 0.07726457275470566 , "uni-attributes-fieldlikelihood" : 0.18452883461217803 , "uni-categories-/dep-leaf" : 0.0 , "uni-categories-/nnp" : 0.06650889352651687 , "uni-categories-fieldlikelihood" : 0.04659610821420715 , "uni-names-/dep-leaf" : 0.11006466809247763 , "uni-names-/nnp" : 0.09715287846445221 , "uni-names-fieldlikelihood" : 0.04903744765915556 , "uni-outgoingentitynames-/dep-leaf" : 0.020358408451110765 , "uni-outgoingentitynames-/nnp" : -0.05263157894736842 , "uni-outgoingentitynames-fieldlikelihood" : 0.004360020871841787 , "uni-similarentitynames-/dep-leaf" : 0.03588917027222845 , "uni-similarentitynames-/nnp" : 0.168370698583385 , "uni-similarentitynames-fieldlikelihood" : 0.1311327306991444 }
