{ "name" : "default-best" , "score" : "0.33969897692022283" , "uni-attributes-/dep-leaf" : 0.075588578407573 , "uni-attributes-/nnp" : 0.15529876163550604 , "uni-attributes-fieldlikelihood" : 0.14876878233657687 , "uni-categories-/dep-leaf" : 0.0 , "uni-categories-/nnp" : 0.09384017333412549 , "uni-categories-fieldlikelihood" : 0.026585611029389253 , "uni-names-/dep-leaf" : 0.07339083345175929 , "uni-names-/nnp" : 0.06518999405679533 , "uni-names-fieldlikelihood" : 0.0813152353546288 , "uni-outgoingentitynames-/dep-leaf" : 0.0 , "uni-outgoingentitynames-/nnp" : 0.0 , "uni-outgoingentitynames-fieldlikelihood" : 0.024590712941644242 , "uni-similarentitynames-/dep-leaf" : 0.07170238231637957 , "uni-similarentitynames-/nnp" : 0.11040581662723689 , "uni-similarentitynames-fieldlikelihood" : 0.07332311850838523 }
