{ "name" : "default-best" , "score" : "0.3365433739363298" , "uni-attributes-/dep-leaf" : 0.16320966930750389 , "uni-attributes-/nnp" : 0.031096396160788572 , "uni-attributes-fieldlikelihood" : 0.14094159293541086 , "uni-categories-/dep-leaf" : 0.02698107438191793 , "uni-categories-/nnp" : 0.04569118425410969 , "uni-categories-fieldlikelihood" : 0.01827425044445985 , "uni-names-/dep-leaf" : 0.05530429658952176 , "uni-names-/nnp" : 0.06423149674930868 , "uni-names-fieldlikelihood" : 0.10555523722431677 , "uni-outgoingentitynames-/dep-leaf" : 0.022638299783452682 , "uni-outgoingentitynames-/nnp" : -0.0556797126147313 , "uni-outgoingentitynames-fieldlikelihood" : 0.0 , "uni-similarentitynames-/dep-leaf" : 0.10555523722431677 , "uni-similarentitynames-/nnp" : 0.23234071276160204 , "uni-similarentitynames-fieldlikelihood" : 0.04386026479802168 }
