{ "name" : "default-best" , "score" : "0.35481708435387077" , "uni-attributes-/dep-leaf" : 0.1502144899203576 , "uni-attributes-/nnp" : 0.054483509845167484 , "uni-attributes-fieldlikelihood" : 0.16099656509601293 , "uni-categories-/dep-leaf" : 0.0 , "uni-categories-/nnp" : 0.06074270074381254 , "uni-categories-fieldlikelihood" : 0.021471405787298767 , "uni-names-/dep-leaf" : 0.11584102188712359 , "uni-names-/nnp" : 0.10362779369994743 , "uni-names-fieldlikelihood" : 0.06620744982784516 , "uni-outgoingentitynames-/dep-leaf" : 0.0 , "uni-outgoingentitynames-/nnp" : -0.05254445301867906 , "uni-outgoingentitynames-fieldlikelihood" : 0.00853015417038245 , "uni-similarentitynames-/dep-leaf" : 0.04456312599621575 , "uni-similarentitynames-/nnp" : 0.15956650974284362 , "uni-similarentitynames-fieldlikelihood" : 0.10629972630167193 }
