{ "name" : "default-best" , "score" : "0.34328601333328834" , "uni-attributes-/dep-leaf" : 0.12547385572175487 , "uni-attributes-/nnp" : 0.0879563583602355 , "uni-attributes-fieldlikelihood" : 0.12004746134136249 , "uni-categories-/dep-leaf" : 0.016957243610509785 , "uni-categories-/nnp" : 0.060465107987738506 , "uni-categories-fieldlikelihood" : 0.01870616189340616 , "uni-names-/dep-leaf" : 0.09088731621976602 , "uni-names-/nnp" : 0.04501882669043077 , "uni-names-fieldlikelihood" : 0.08673930171286137 , "uni-outgoingentitynames-/dep-leaf" : 0.0 , "uni-outgoingentitynames-/nnp" : 0.0 , "uni-outgoingentitynames-fieldlikelihood" : 0.015023997968685246 , "uni-similarentitynames-/dep-leaf" : 0.09643872052414296 , "uni-similarentitynames-/nnp" : 0.18435003870066868 , "uni-similarentitynames-fieldlikelihood" : 0.051935609268437696 }
