{ "name" : "default-best-best" , "od-/const" : 0.06073410417694766 , "od-/google-ngrams-word-invcount" : 0.0 , "od-/wiki-categories-word-count" : 0.04761904761904763 , "score" : "0.13408476366873034" , "uni-/const" : 0.2603390005953503 , "uni-/google-ngrams-word-invcount" : 0.32117087701393787 , "uni-/wiki-categories-word-count" : 0.10159047038907325 , "uww-/const" : 0.056964820585455406 , "uww-/google-ngrams-word-invcount" : 1.3251148103780275E-4 , "uww-/wiki-categories-word-count" : 0.1514491681391502 }
