{ "name" : "default-best-best" , "od-/const" : 0.0 , "od-/google-ngrams-word-invcount" : 0.08440607617264786 , "od-/wiki-categories-word-count" : 0.0 , "score" : "0.12491271647614928" , "uni-/const" : 0.3621424092652301 , "uni-/google-ngrams-word-invcount" : 0.2550422096519619 , "uni-/wiki-categories-word-count" : 0.10148373357999968 , "uww-/const" : 0.056375596459148206 , "uww-/google-ngrams-word-invcount" : 0.0 , "uww-/wiki-categories-word-count" : 0.1405499748710123 }
