{ "name" : "default-best-best" , "od-/const" : 0.11373458848738244 , "od-/google-ngrams-word-invcount" : 0.006107281916141773 , "od-/wiki-categories-word-count" : 0.0 , "score" : "0.13523906878438646" , "uni-/const" : 0.3996333766386382 , "uni-/google-ngrams-word-invcount" : 0.33673494719219116 , "uni-/wiki-categories-word-count" : 0.14378980576564654 , "uww-/const" : 0.0 , "uww-/google-ngrams-word-invcount" : 0.0 , "uww-/wiki-categories-word-count" : 0.0 }
