{ "name" : "default-best-best" , "od-/const" : 0.0 , "od-/google-ngrams-word-invcount" : 0.013206135386614826 , "od-/wiki-categories-word-count" : 0.0 , "score" : "0.1311231305848974" , "uni-/const" : 0.2775615180886836 , "uni-/google-ngrams-word-invcount" : 0.3627742644836225 , "uni-/wiki-categories-word-count" : 0.24695969902813555 , "uww-/const" : 0.09949838301294346 , "uww-/google-ngrams-word-invcount" : 0.0 , "uww-/wiki-categories-word-count" : 0.0 }
