{ "name" : "default-best-best" , "od-/const" : 0.0 , "od-/google-ngrams-word-invcount" : 0.08918846229564285 , "od-/wiki-categories-word-count" : 0.09177735798015775 , "score" : "0.14029475378113193" , "uni-/const" : 0.2773861933551508 , "uni-/google-ngrams-word-invcount" : 0.31117763738727555 , "uni-/wiki-categories-word-count" : 0.12562750779572981 , "uww-/const" : 0.05332150258443519 , "uww-/google-ngrams-word-invcount" : 0.0515213386016081 , "uww-/wiki-categories-word-count" : 0.0 }
