{ "name" : "default-best-best" , "od-/const" : 0.0 , "od-/google-ngrams-word-invcount" : 0.13426822262713412 , "od-/wiki-categories-word-count" : 0.0 , "score" : "0.22749260132285934" , "uni-/const" : 0.14208465567002862 , "uni-/google-ngrams-word-invcount" : 0.28405169789091106 , "uni-/wiki-categories-word-count" : 0.2289344039323885 , "uww-/const" : 0.0608946903716868 , "uww-/google-ngrams-word-invcount" : 0.025824417570233175 , "uww-/wiki-categories-word-count" : 0.12394191193761775 }
