{ "name" : "default-best-best" , "od-/const" : 0.018183881906587377 , "od-/google-ngrams-word-invcount" : 0.08497790105242871 , "od-/wiki-categories-word-count" : 0.0 , "score" : "0.22188453598558072" , "uni-/const" : 0.22474687003772445 , "uni-/google-ngrams-word-invcount" : 0.2173222592342361 , "uni-/wiki-categories-word-count" : 0.20903536892356003 , "uww-/const" : 0.08408267233492708 , "uww-/google-ngrams-word-invcount" : 0.16165104651053622 , "uww-/wiki-categories-word-count" : 0.0 }
