{ "name" : "default-best-best" , "od-/const" : 0.03351023424921926 , "od-/google-ngrams-word-invcount" : 0.18589184401686734 , "od-/wiki-categories-word-count" : 0.0 , "score" : "0.24784203688768655" , "uni-/const" : 0.06570318023081538 , "uni-/google-ngrams-word-invcount" : 0.3214699473128809 , "uni-/wiki-categories-word-count" : 0.35557426589041474 , "uww-/const" : 0.03785052829980243 , "uww-/google-ngrams-word-invcount" : 0.0 , "uww-/wiki-categories-word-count" : 0.0 }
