{ "name" : "default-best-best" , "od-/const" : 0.14949706511064315 , "od-/google-ngrams-word-invcount" : 0.16487147871552957 , "od-/wiki-categories-word-count" : 0.0 , "score" : "0.21296139513210008" , "uni-/const" : 0.2043119045540679 , "uni-/google-ngrams-word-invcount" : 0.03679127502996249 , "uni-/wiki-categories-word-count" : 0.43768250455125224 , "uww-/const" : 0.0 , "uww-/google-ngrams-word-invcount" : 0.006845772038544548 , "uww-/wiki-categories-word-count" : 0.0 }
