{ "name" : "default-best-best" , "od-/const" : 0.11358997201312743 , "od-/google-ngrams-word-invcount" : 0.0 , "od-/wiki-categories-word-count" : 0.09271331509298414 , "score" : "0.2590055129924584" , "uni-/const" : 0.010941611435291097 , "uni-/google-ngrams-word-invcount" : 0.23732424440736988 , "uni-/wiki-categories-word-count" : 0.31161284154497587 , "uww-/const" : 0.0 , "uww-/google-ngrams-word-invcount" : 0.026085617730109638 , "uww-/wiki-categories-word-count" : 0.20773239777614189 }
