{ "name" : "default-best-best" , "od-/const" : 0.20538172682285796 , "od-/google-ngrams-word-invcount" : 0.0 , "od-/wiki-categories-word-count" : 0.019699621343690604 , "score" : "0.23571294425293882" , "uni-/const" : 0.21517382171148589 , "uni-/google-ngrams-word-invcount" : 0.1476465765644652 , "uni-/wiki-categories-word-count" : 0.2690283995836398 , "uww-/const" : 0.0 , "uww-/google-ngrams-word-invcount" : 0.14306985397386046 , "uww-/wiki-categories-word-count" : 0.0 }
