{ "name" : "default-best-best" , "od-/const" : 0.1302316821365472 , "od-/google-ngrams-word-invcount" : 0.04330490987064995 , "od-/wiki-categories-word-count" : 0.08772093423457714 , "score" : "0.3875291675983506" , "uni-/const" : 0.15695172503733784 , "uni-/google-ngrams-word-invcount" : 0.008006143358323947 , "uni-/wiki-categories-word-count" : 0.18039127162515944 , "uww-/const" : 0.021931972727741483 , "uww-/google-ngrams-word-invcount" : 0.17535181293908675 , "uww-/wiki-categories-word-count" : 0.1961095480705764 }
