{ "name" : "default-best-best" , "od-/const" : 0.06106452745705044 , "od-/google-ngrams-word-invcount" : 0.1457763634863903 , "od-/wiki-categories-word-count" : 0.0 , "score" : "0.4075522740266964" , "uni-/const" : 0.25594120627485717 , "uni-/google-ngrams-word-invcount" : 0.16829738246921655 , "uni-/wiki-categories-word-count" : 0.11777749534038104 , "uww-/const" : 0.10357831057130638 , "uww-/google-ngrams-word-invcount" : 0.14756471440079816 , "uww-/wiki-categories-word-count" : 0.0 }
