{ "name" : "default-best-best" , "od-/const" : 0.02485323896998631 , "od-/google-ngrams-word-invcount" : 0.12720443969298673 , "od-/wiki-categories-word-count" : 0.0 , "score" : "0.39301471998123627" , "uni-/const" : 0.2984214311199753 , "uni-/google-ngrams-word-invcount" : 0.2913780398487733 , "uni-/wiki-categories-word-count" : 0.0 , "uww-/const" : 0.15041663903839766 , "uww-/google-ngrams-word-invcount" : 0.1077262113298808 , "uww-/wiki-categories-word-count" : 0.0 }
