{ "name" : "default-best-best" , "od-/const" : 0.08023822286905959 , "od-/google-ngrams-word-invcount" : 0.06617745835887145 , "od-/wiki-categories-word-count" : 0.06930016564361438 , "score" : "0.42711157573357944" , "uni-/const" : 0.139593458927089 , "uni-/google-ngrams-word-invcount" : 0.12827508917757824 , "uni-/wiki-categories-word-count" : 0.1729297687233133 , "uww-/const" : 0.02070468565475942 , "uww-/google-ngrams-word-invcount" : 0.185065185960476 , "uww-/wiki-categories-word-count" : 0.13771596468523858 }
