{ "bi-attributes-fieldlikelihood" : 0.28481914743078357 , "bi-categories-fieldlikelihood" : 0.2881040992131594 , "bi-names-fieldlikelihood" : 0.08184610657575632 , "bi-outgoingentitynames-fieldlikelihood" : 0.0 , "bi-similarentitynames-fieldlikelihood" : 0.34523064678030074 , "name" : "default-best" , "score" : "0.05771417369352536" }
