{ "bi-attributes-fieldlikelihood" : 0.23108938815516564 , "bi-categories-fieldlikelihood" : 0.3200662730300688 , "bi-names-fieldlikelihood" : 0.0874127184017223 , "bi-outgoingentitynames-fieldlikelihood" : 0.08717257145672566 , "bi-similarentitynames-fieldlikelihood" : 0.2742590489563176 , "name" : "default-best" , "score" : "0.05172257787567771" }
