{ "bi-attributes-fieldlikelihood" : 0.25472832242918025 , "bi-categories-fieldlikelihood" : 0.4495216399441266 , "bi-names-fieldlikelihood" : 0.0 , "bi-outgoingentitynames-fieldlikelihood" : 0.23959863738209056 , "bi-similarentitynames-fieldlikelihood" : 0.056151400244602655 , "name" : "default-best" , "score" : "0.184197091774438" }
