{ "bi-attributes-fieldlikelihood" : 0.1988435794010748 , "bi-categories-fieldlikelihood" : 0.524520346916332 , "bi-names-fieldlikelihood" : 0.0 , "bi-outgoingentitynames-fieldlikelihood" : 0.2035934640765317 , "bi-similarentitynames-fieldlikelihood" : 0.07304260960606143 , "name" : "default-best" , "score" : "0.15349306503976942" }
