{ "bi-attributes-fieldlikelihood" : 0.04545371216141328 , "bi-categories-fieldlikelihood" : 0.6379290969234294 , "bi-names-fieldlikelihood" : 0.043283974562321324 , "bi-outgoingentitynames-fieldlikelihood" : 0.23869813702792808 , "bi-similarentitynames-fieldlikelihood" : 0.03463507932490792 , "name" : "default-best" , "score" : "0.1244688769887832" }
