{ "bi-attributes-fieldlikelihood" : 0.14018099001157522 , "bi-categories-fieldlikelihood" : 0.4299195549845471 , "bi-names-fieldlikelihood" : 0.0 , "bi-outgoingentitynames-fieldlikelihood" : 0.28487680364565166 , "bi-similarentitynames-fieldlikelihood" : 0.14502265135822623 , "name" : "default-best" , "score" : "0.10872144990172443" }
