{ "bi-attributes-fieldlikelihood" : 0.0840666932638228 , "bi-categories-fieldlikelihood" : 0.5314921732620902 , "bi-names-fieldlikelihood" : 0.01145801535018207 , "bi-outgoingentitynames-fieldlikelihood" : 0.23873799855251973 , "bi-similarentitynames-fieldlikelihood" : 0.13424511957138519 , "name" : "default-best" , "score" : "0.12260877707087788" }
