{ "bi-attributes-fieldlikelihood" : 0.054504340367615124 , "bi-categories-fieldlikelihood" : 0.5331088864137775 , "bi-names-fieldlikelihood" : 0.0016023428428677958 , "bi-outgoingentitynames-fieldlikelihood" : 0.25793062007982087 , "bi-similarentitynames-fieldlikelihood" : 0.15285381029591877 , "name" : "default-best" , "score" : "0.1026864228194619" }
