{ "bi-attributes-fieldlikelihood" : 0.23528942026036778 , "bi-categories-fieldlikelihood" : 0.08880631090461422 , "bi-names-fieldlikelihood" : 0.23760692297766797 , "bi-outgoingentitynames-fieldlikelihood" : 0.055740407577833516 , "bi-similarentitynames-fieldlikelihood" : 0.3825569382795167 , "name" : "default-best" , "score" : "0.285557410392409" }
