{ "bi-attributes-fieldlikelihood" : 0.23561751016128926 , "bi-categories-fieldlikelihood" : 0.11866813391834671 , "bi-names-fieldlikelihood" : 0.23561751016128926 , "bi-outgoingentitynames-fieldlikelihood" : 0.01787283158711626 , "bi-similarentitynames-fieldlikelihood" : 0.3922240141719585 , "name" : "default-best" , "score" : "0.2647685160246161" }
