{ "bi-attributes-/nnp" : 0.31299574985361145 , "bi-attributes-fieldlikelihood" : 0.10234597540170666 , "bi-categories-/nnp" : 0.0 , "bi-categories-fieldlikelihood" : 0.2411369780399752 , "bi-names-/nnp" : 0.015007440659051042 , "bi-names-fieldlikelihood" : 0.02632168633643281 , "bi-outgoingentitynames-/nnp" : 0.0 , "bi-outgoingentitynames-fieldlikelihood" : 0.07684554322310853 , "bi-similarentitynames-/nnp" : 0.11706518294123439 , "bi-similarentitynames-fieldlikelihood" : 0.10828144354488001 , "name" : "default-best" , "score" : "0.06310187299215712" }
