{ "bi-attributes-/nnp" : 0.21192948176568174 , "bi-attributes-fieldlikelihood" : 0.10462576106611586 , "bi-categories-/nnp" : 0.0 , "bi-categories-fieldlikelihood" : 0.11625552460849836 , "bi-names-/nnp" : 0.2806742869909685 , "bi-names-fieldlikelihood" : 0.06731056310544709 , "bi-outgoingentitynames-/nnp" : 0.0 , "bi-outgoingentitynames-fieldlikelihood" : 0.021964610358984095 , "bi-similarentitynames-/nnp" : 0.03298127594281792 , "bi-similarentitynames-fieldlikelihood" : 0.16425849616148652 , "name" : "default-best" , "score" : "0.06673875132430412" }
