{ "bi-attributes-/nnp" : 0.2846163767403752 , "bi-attributes-fieldlikelihood" : 0.09931209429054438 , "bi-categories-/nnp" : 0.0 , "bi-categories-fieldlikelihood" : 0.2062046055976656 , "bi-names-/nnp" : 0.25750438514233354 , "bi-names-fieldlikelihood" : 0.0 , "bi-outgoingentitynames-/nnp" : 0.0 , "bi-outgoingentitynames-fieldlikelihood" : 0.0 , "bi-similarentitynames-/nnp" : 0.05540904907905487 , "bi-similarentitynames-fieldlikelihood" : 0.09695348915002629 , "name" : "default-best" , "score" : "0.0695741439154291" }
