{ "bi-attributes-/nnp" : 0.051937993281068864 , "bi-attributes-fieldlikelihood" : 0.11114542145638288 , "bi-categories-/nnp" : 0.3026534045857926 , "bi-categories-fieldlikelihood" : 0.27418254587822455 , "bi-names-/nnp" : 0.0 , "bi-names-fieldlikelihood" : 0.010882680034097569 , "bi-outgoingentitynames-/nnp" : 0.15284337310612328 , "bi-outgoingentitynames-fieldlikelihood" : 0.0767260011486263 , "bi-similarentitynames-/nnp" : 0.0 , "bi-similarentitynames-fieldlikelihood" : 0.019628580509684 , "name" : "default-best" , "score" : "0.15836103167085658" }
