{ "bi-attributes-/nnp" : 0.3643915975989933 , "bi-attributes-fieldlikelihood" : 0.043722675828074896 , "bi-categories-/nnp" : 0.0 , "bi-categories-fieldlikelihood" : 0.2284517504140331 , "bi-names-/nnp" : 0.0 , "bi-names-fieldlikelihood" : 0.0 , "bi-outgoingentitynames-/nnp" : 0.2592816138201485 , "bi-outgoingentitynames-fieldlikelihood" : 0.06530042048942025 , "bi-similarentitynames-/nnp" : 0.0 , "bi-similarentitynames-fieldlikelihood" : 0.03885194184933022 , "name" : "default-best" , "score" : "0.11329329890601406" }
