{ "bi-attributes-/nnp" : 0.0 , "bi-attributes-fieldlikelihood" : 0.19704104010222318 , "bi-categories-/nnp" : 0.0 , "bi-categories-fieldlikelihood" : 0.27282066011646683 , "bi-names-/nnp" : 0.0 , "bi-names-fieldlikelihood" : 0.016136491321362367 , "bi-outgoingentitynames-/nnp" : 0.4121711435903615 , "bi-outgoingentitynames-fieldlikelihood" : 0.054183314589631715 , "bi-similarentitynames-/nnp" : 0.0 , "bi-similarentitynames-fieldlikelihood" : 0.047647350279954356 , "name" : "default-best" , "score" : "0.13261715510912928" }
