{ "bi-attributes-/nnp" : 0.004769626656557104 , "bi-attributes-fieldlikelihood" : 0.18057430162847612 , "bi-categories-/nnp" : 0.11040826650051412 , "bi-categories-fieldlikelihood" : 0.054476788974588436 , "bi-names-/nnp" : 0.04057959464667263 , "bi-names-fieldlikelihood" : 0.16786684421950884 , "bi-outgoingentitynames-/nnp" : 0.03308207743119633 , "bi-outgoingentitynames-fieldlikelihood" : 0.010645213972162223 , "bi-similarentitynames-/nnp" : 0.1061425347108495 , "bi-similarentitynames-fieldlikelihood" : 0.29145475125947473 , "name" : "default-best" , "score" : "0.3156211264849317" }
