{ "bi-attributes-/nnp" : 0.1629836524263638 , "bi-attributes-fieldlikelihood" : 0.10847479029088301 , "bi-categories-/nnp" : 0.12227994016566553 , "bi-categories-fieldlikelihood" : 0.0445223964701295 , "bi-names-/nnp" : 0.054731655840254974 , "bi-names-fieldlikelihood" : 0.117889912400197 , "bi-outgoingentitynames-/nnp" : 0.0 , "bi-outgoingentitynames-fieldlikelihood" : 0.0 , "bi-similarentitynames-/nnp" : 0.20861774004122663 , "bi-similarentitynames-fieldlikelihood" : 0.18049991236527965 , "name" : "default-best" , "score" : "0.28176743912697455" }
