{ "name" : "default-best" , "score" : "0.10160033292566147" , "uww-attributes" : 0.311590692115121 , "uww-categories" : 0.18420318136936456 , "uww-incomingentitynames" : 0.1576567355997735 , "uww-names" : 0.13015562723790763 , "uww-outgoingentitynames" : 0.05105890309596133 , "uww-similarentitynames" : 0.16533486058187208 }
