{ "name" : "default-best" , "score" : "0.09822608868386715" , "uww-attributes" : 0.275590853482339 , "uww-categories" : 0.27543185875917614 , "uww-incomingentitynames" : 0.21199296421718386 , "uww-names" : 0.08827165662975434 , "uww-outgoingentitynames" : 0.0 , "uww-similarentitynames" : 0.14871266691154655 }
