{ "name" : "default-best" , "score" : "0.10443002717396255" , "uww-attributes" : 0.36191988137156555 , "uww-categories" : 0.28563900994497443 , "uww-incomingentitynames" : 0.20115503105045116 , "uww-names" : 0.07570123929427841 , "uww-outgoingentitynames" : 0.0 , "uww-similarentitynames" : 0.07558483833873045 }
