{ "name" : "default-best" , "score" : "0.09740998279290936" , "uww-attributes" : 0.3502049272970851 , "uww-categories" : 0.25367566414692416 , "uww-incomingentitynames" : 0.15669367277597557 , "uww-names" : 0.09839121083831041 , "uww-outgoingentitynames" : 0.026228897342129617 , "uww-similarentitynames" : 0.11480562759957517 }
