{ "name" : "default-best" , "score" : "0.0874004934913589" , "uww-attributes" : 0.3455046093248393 , "uww-categories" : 0.2813303775064697 , "uww-incomingentitynames" : 0.1939946921404429 , "uww-names" : 0.06023561816217647 , "uww-outgoingentitynames" : 0.05863398268669808 , "uww-similarentitynames" : 0.060300720179373615 }
