{ "name" : "default-best" , "score" : "0.2249818752531897" , "uww-attributes" : 0.28038411409633884 , "uww-categories" : 0.33085906388620584 , "uww-incomingentitynames" : 0.2019086722387178 , "uww-names" : 0.0 , "uww-outgoingentitynames" : 0.17300969364555369 , "uww-similarentitynames" : 0.013838456133183812 }
