{ "name" : "default-best" , "score" : "0.20587824851541378" , "uww-attributes" : 0.2597568350027677 , "uww-categories" : 0.4120854263914287 , "uww-incomingentitynames" : 0.13920939279178143 , "uww-names" : 0.0 , "uww-outgoingentitynames" : 0.12403615199143997 , "uww-similarentitynames" : 0.0649121938225822 }
