{ "name" : "default-best" , "score" : "0.22193863703547795" , "uww-attributes" : 0.2876414906370356 , "uww-categories" : 0.33648214587295716 , "uww-incomingentitynames" : 0.1988520364248225 , "uww-names" : 0.0 , "uww-outgoingentitynames" : 0.17702432706518476 , "uww-similarentitynames" : 0.0 }
