{ "name" : "default-best" , "score" : "0.21424818235169116" , "uww-attributes" : 0.2861859290342606 , "uww-categories" : 0.3147998950413969 , "uww-incomingentitynames" : 0.2127059057825604 , "uww-names" : 0.0 , "uww-outgoingentitynames" : 0.18630827014178222 , "uww-similarentitynames" : 0.0 }
