{ "name" : "default-best" , "score" : "0.24385651353374185" , "uww-attributes" : 0.2641926822390384 , "uww-categories" : 0.3294057555700979 , "uww-incomingentitynames" : 0.20801375687643053 , "uww-names" : 0.0 , "uww-outgoingentitynames" : 0.19838780531443323 , "uww-similarentitynames" : 0.0 }
