{ "name" : "default-best" , "score" : "0.18166803948189422" , "uww-attributes" : 0.08157432162824288 , "uww-categories" : 0.37026391052075214 , "uww-incomingentitynames" : 0.16281683408017417 , "uww-names" : 0.0031255601448151667 , "uww-outgoingentitynames" : 0.26780948012778444 , "uww-similarentitynames" : 0.11440989349823126 }
