{ "name" : "default-best" , "score" : "0.16569368216986158" , "uww-attributes" : 0.12247884271337996 , "uww-categories" : 0.396319079866911 , "uww-incomingentitynames" : 0.1888436758930534 , "uww-names" : 0.0 , "uww-outgoingentitynames" : 0.2923584015266556 , "uww-similarentitynames" : 0.0 }
