{ "name" : "default-best" , "score" : "0.19203316377032123" , "uww-attributes" : 0.14632266515901304 , "uww-categories" : 0.3199044408006088 , "uww-incomingentitynames" : 0.024203628975506233 , "uww-names" : 0.0 , "uww-outgoingentitynames" : 0.3292299847914187 , "uww-similarentitynames" : 0.1803392802734532 }
