{ "name" : "default-best" , "score" : "0.1843631511812313" , "uww-attributes" : 0.14807180265229092 , "uww-categories" : 0.32097965638693726 , "uww-incomingentitynames" : 0.031113228990217137 , "uww-names" : 0.03326589656113109 , "uww-outgoingentitynames" : 0.32158236137844737 , "uww-similarentitynames" : 0.1449870540309762 }
