{ "name" : "default-best" , "score" : "0.14203996165243865" , "uww-attributes" : 0.11732311946299284 , "uww-categories" : 0.34424651382072285 , "uww-incomingentitynames" : 0.009154697112618423 , "uww-names" : 0.0 , "uww-outgoingentitynames" : 0.3473294120088988 , "uww-similarentitynames" : 0.1819462575947672 }
