{ "name" : "default-best" , "score" : "0.3343665424635192" , "uww-attributes" : 0.16072925390821124 , "uww-categories" : 0.06224150022731997 , "uww-incomingentitynames" : 0.16072925390821124 , "uww-names" : 0.25656707769972237 , "uww-outgoingentitynames" : 0.014515748231224044 , "uww-similarentitynames" : 0.3452171660253111 }
