{ "name" : "default-best" , "score" : "0.31635846485492186" , "uww-attributes" : 0.21608866982122038 , "uww-categories" : 0.07396752229785321 , "uww-incomingentitynames" : 0.17869543085867237 , "uww-names" : 0.22151865092641468 , "uww-outgoingentitynames" : 0.0 , "uww-similarentitynames" : 0.3097297260958395 }
