{ "name" : "default-best" , "score" : "0.36117032720818004" , "uww-attributes" : 0.192685854325622 , "uww-categories" : 0.0436559779141987 , "uww-incomingentitynames" : 0.19082833842704805 , "uww-names" : 0.2003634605555172 , "uww-outgoingentitynames" : 0.0 , "uww-similarentitynames" : 0.3724663687776141 }
