{ "name" : "default-best" , "score" : "0.36244108762370925" , "uww-attributes" : 0.16876571660362186 , "uww-categories" : 0.06524027463854055 , "uww-incomingentitynames" : 0.2188910298868299 , "uww-names" : 0.21674370026257408 , "uww-outgoingentitynames" : 0.017784967789426214 , "uww-similarentitynames" : 0.3125743108190075 }
