{ "name" : "default-best" , "score" : "0.3681177375231186" , "uww-attributes" : 0.20177018705920508 , "uww-categories" : 0.013929046689607002 , "uww-incomingentitynames" : 0.19957420674408902 , "uww-names" : 0.20235098057429704 , "uww-outgoingentitynames" : 0.0 , "uww-similarentitynames" : 0.3823755789328018 }
