{ "name" : "default-best-best" , "od-/const" : 0.045292963479453975 , "od-/google-ngrams-word-invcount" : 0.0 , "od-/nnp" : 0.0 , "od-/nns" : 0.0, "od-/np-part" : 0.0 , "score" : "0.1384505216250068" , "uni-/const" : 0.15977920307714985 , "uni-/google-ngrams-word-invcount" : 0.14189709160521105 , "uni-/jjs" : 0.24822513294797424 , "uni-/nn" : 0.11611284144749962 , "uni-/nnp" : 0.1519424361550951 , "uni-/nns" : 0.10414258609280938 , "uww-/const" : 0.04356874074968553 , "uww-/google-ngrams-word-invcount" : 0.0 , "uww-/nnp" : 0.0 , "uww-/nns" : 0.04735654344497563 , "uww-/np-part" : 0.0 }
