{ "name" : "default-best-best" , "od-/const" : 0.04735015552722112 , "od-/google-ngrams-word-invcount" : 0.0 , "od-/nnp" : 0.03261756089415855 , "od-/nns" : 7.210339117138524E-5 , "od-/np-part" : 0.01977001119573927 , "score" : "0.14217229298049544" , "uni-/const" : 0.29659231028900257 , "uni-/google-ngrams-word-invcount" : 0.032040781337088445 , "uni-/jjs" : 0.17847396062617216 , "uni-/nn" : 0.09906246650737151 , "uni-/nnp" : 0.23464274547327924 , "uni-/nns" : 0.09787134255316464 , "uww-/const" : 0.0 , "uww-/google-ngrams-word-invcount" : 0.0 , "uww-/nnp" : 0.0, "uww-/nns" : 0.0 , "uww-/np-part" : 0.024045595360903393 }
