{ "name" : "default-best-best" , "od-/const" : 0.06664979837843345 , "od-/google-ngrams-word-invcount" : 0.0 , "od-/nnp" : 0.036280574313866436 , "od-/nns" : 0.0 , "od-/np-part" : 0.0 , "score" : "0.21360142192102255" , "uni-/const" : 0.022404329194661822 , "uni-/google-ngrams-word-invcount" : 0.1659873223106494 , "uni-/jjs" : 0.0, "uni-/nn" : 0.04796018687036379 , "uni-/nnp" : 0.2303733101957832 , "uni-/nns" : 0.1596127147510076 , "uww-/const" : 0.10991625439825958 , "uww-/google-ngrams-word-invcount" : 0.038571789187359304 , "uww-/nnp" : 0.0, "uww-/nns" : 0.07762894705720885 , "uww-/np-part" : 0.17464126465496976 }
