{ "name" : "default-best-best" , "od-/const" : 0.0 , "od-/google-ngrams-word-invcount" : 0.09645251096159514 , "od-/nnp" : 0.09858696189481271 , "od-/nns" : 0.0 , "od-/np-part" : 0.0 , "score" : "0.23262853836655814" , "uni-/const" : 0.14561700334298297 , "uni-/google-ngrams-word-invcount" : 0.10422136707803452 , "uni-/jjs" : 0.0010000046307084422 , "uni-/nn" : 0.00671155298562698 , "uni-/nnp" : 0.09360608894468318 , "uni-/nns" : 0.19113149335353555 , "uww-/const" : 0.05376349229724319 , "uww-/google-ngrams-word-invcount" : 0.0 , "uww-/nnp" : 0.10138253991629079 , "uww-/nns" : 0.05376349229724319 , "uww-/np-part" : 0.05376349229724319 }
