{ "name" : "default-best-best" , "od-/const" : 0.09038009835317422 , "od-/google-ngrams-word-invcount" : 0.052919130925201445 , "od-/nnp" : 0.0 , "od-/nns" : 0.1281762236402752 , "od-/np-part" : 0.12194922922599749 , "score" : "0.23045946729756564" , "uni-/const" : 0.3078303656180766 , "uni-/google-ngrams-word-invcount" : 0.2662037369558011 , "uni-/jjs" : 0.0, "uni-/nn" : 0.0, "uni-/nnp" : 0.08097455311823887 , "uni-/nns" : 0.10274005453925096 , "uww-/const" : 0.01548832852547251 , "uww-/google-ngrams-word-invcount" : 0.0 , "uww-/nnp" : 0.0111606212457188 , "uww-/nns" : 0.07166042340427721 , "uww-/np-part" : 0.0 }
