{ "name" : "default-best-best" , "od-/const" : 0.1515664650985704 , "od-/google-ngrams-word-invcount" : 0.0 , "od-/nnp" : 0.0, "od-/nns" : 0.008735556723631584 , "od-/np-part" : 0.032114829367378625 , "score" : "0.2660522167640372" , "uni-/const" : 0.18496050258583063 , "uni-/google-ngrams-word-invcount" : 0.18321897893111577 , "uni-/jjs" : 0.0, "uni-/nn" : 0.21627588619669094 , "uni-/nnp" : 0.15262410069936846 , "uni-/nns" : 0.15943200964122342 , "uww-/const" : 0.0 , "uww-/google-ngrams-word-invcount" : 0.0 , "uww-/nnp" : 0.05980511122235585 , "uww-/nns" : 0.13622078992710815 , "uww-/np-part" : 0.0 }
