{ "name" : "default-best-best" , "od-/const" : 0.05431628386733363 , "od-/google-ngrams-word-invcount" : 0.22487117514597008 , "od-/nnp" : 0.0 , "od-/nns" : 0.05018904055456283 , "od-/np-part" : 0.0 , "score" : "0.21789695833126796" , "uni-/const" : 0.20505541059667856 , "uni-/google-ngrams-word-invcount" : 0.0 , "uni-/jjs" : 0.0, "uni-/nn" : 0.0, "uni-/nnp" : 0.21611645377492217 , "uni-/nns" : 0.14020483588162405 , "uww-/const" : 0.043634798640683786 , "uww-/google-ngrams-word-invcount" : 0.04711100494483016 , "uww-/nnp" : 0.07890723316172678 , "uww-/nns" : 0.0 , "uww-/np-part" : 0.04661808504735946 }
