{ "name" : "default-best-best" , "od-/const" : 0.04583339545722981 , "od-/google-ngrams-word-invcount" : 0.18318408940855305 , "od-/nnp" : -0.055311511857829655 , "od-/nns" : 0.06758523453247348 , "od-/np-part" : 0.0, "score" : "0.4263938692612498" , "uni-/const" : 0.23257216669140912 , "uni-/google-ngrams-word-invcount" : 0.12086589653440002 , "uni-/jjs" : 0.05313524075441574 , "uni-/nn" : 0.024097046716878005 , "uni-/nnp" : 0.0 , "uni-/nns" : 0.07294839801849448 , "uww-/const" : 0.059765209897723125 , "uww-/google-ngrams-word-invcount" : 0.18125874979981527 , "uww-/nnp" : 0.02320612585885346 , "uww-/nns" : 0.049228523662143905 , "uww-/np-part" : 0.0 }
