{ "name" : "default-best-best" , "od-/const" : 0.013825827039893409 , "od-/google-ngrams-word-invcount" : 0.07669953104421118 , "od-/nnp" : 0.043442374541786635 , "od-/nns" : 0.09324154981680428 , "od-/np-part" : 0.0, "score" : "0.41129324096103803" , "uni-/const" : 0.10916704432716676 , "uni-/google-ngrams-word-invcount" : 0.0051711374647877215 , "uni-/jjs" : 0.10810015669618644 , "uni-/nn" : 0.06351646746486635 , "uni-/nnp" : 0.24661022592132018 , "uni-/nns" : 0.11672459395954532 , "uww-/const" : 0.12524041284610232 , "uww-/google-ngrams-word-invcount" : 0.0 , "uww-/nnp" : 0.0, "uww-/nns" : 0.008735350394603141 , "uww-/np-part" : 0.04273143833132337 }
