{ "name" : "default-best-best" , "od-/const" : 0.0013502092730668907 , "od-/google-ngrams-word-invcount" : 0.1306941498997576 , "od-/nnp" : 0.0 , "od-/nns" : 0.05695628114052905 , "od-/np-part" : 0.0, "score" : "0.3923160223290074" , "uni-/const" : 0.17778912720057102 , "uni-/google-ngrams-word-invcount" : 0.0 , "uni-/jjs" : 0.11711105749525746 , "uni-/nn" : 0.0833908620376524 , "uni-/nnp" : 0.04643933256090918 , "uni-/nns" : 0.1040680060616471 , "uww-/const" : 0.054611561664009114 , "uww-/google-ngrams-word-invcount" : 0.19815843796684507 , "uww-/nnp" : 0.0 , "uww-/nns" : 0.039600978376036565 , "uww-/np-part" : 0.04766522997212003 }
