{ "name" : "default-best-best" , "od-/const" : 0.0 , "od-/google-ngrams-word-invcount" : 0.10324754954273929 , "od-/nnp" : 0.018181618747464545 , "od-/nns" : 0.10326612158026818 , "od-/np-part" : 0.0 , "score" : "0.3984285152452273" , "uni-/const" : 0.12573860988165278 , "uni-/google-ngrams-word-invcount" : 0.10056154647329087 , "uni-/jjs" : 0.19761416799270096 , "uni-/nn" : 0.16276122857359848 , "uni-/nnp" : 0.05292335721016784 , "uni-/nns" : 0.047537927871537426 , "uww-/const" : 0.08064275012474609 , "uww-/google-ngrams-word-invcount" : 0.02611130283706484 , "uww-/nnp" : 0.0, "uww-/nns" : 0.0 , "uww-/np-part" : 0.03298588006760559 }
