{ "name" : "default-best" , "score" : "0.12749290564093643" , "uni-attributes-/jjs" : 0.08076562799556891 , "uni-attributes-/nnp" : 0.24504747778824768 , "uni-attributes-fieldlikelihood" : 0.1279628095914455 , "uni-categories-/jjs" : 0.13547175157580058 , "uni-categories-/nnp" : 0.0 , "uni-categories-fieldlikelihood" : 0.12582952506056022 , "uni-names-/jjs" : 0.12265447935039074 , "uni-names-/nnp" : 0.035815596418749915 , "uni-names-fieldlikelihood" : 0.0 , "uni-outgoingentitynames-/jjs" : 0.05574566696156792 , "uni-outgoingentitynames-/nnp" : 0.02619741015352708 , "uni-outgoingentitynames-fieldlikelihood" : 0.0 , "uni-similarentitynames-/jjs" : 8.299581332792349E-4 , "uni-similarentitynames-/nnp" : 0.0 , "uni-similarentitynames-fieldlikelihood" : 0.0436796969708621 }
