{ "name" : "default-best" , "score" : "0.11987474945033298" , "uni-attributes-/jjs" : 0.24718299520519388 , "uni-attributes-/nnp" : 0.13960520880231 , "uni-attributes-fieldlikelihood" : 0.22314735717190326 , "uni-categories-/jjs" : 0.0 , "uni-categories-/nnp" : 0.0 , "uni-categories-fieldlikelihood" : 0.15465266166573216 , "uni-names-/jjs" : 0.0 , "uni-names-/nnp" : 0.07147802662399327 , "uni-names-fieldlikelihood" : 0.0 , "uni-outgoingentitynames-/jjs" : 0.0731537654171971 , "uni-outgoingentitynames-/nnp" : 0.0 , "uni-outgoingentitynames-fieldlikelihood" : 0.009592089851359849 , "uni-similarentitynames-/jjs" : 0.0 , "uni-similarentitynames-/nnp" : 0.0 , "uni-similarentitynames-fieldlikelihood" : 0.08118789526231045 }
