{ "name" : "default-best" , "score" : "0.13018083988654755" , "uni-attributes-/jjs" : 0.14906152483942936 , "uni-attributes-/nnp" : 0.20194438199224607 , "uni-attributes-fieldlikelihood" : 0.1526375714168084 , "uni-categories-/jjs" : 0.0 , "uni-categories-/nnp" : 0.04972196369186998 , "uni-categories-fieldlikelihood" : 0.16251323973400694 , "uni-names-/jjs" : 0.11949619215910877 , "uni-names-/nnp" : 0.06074135330611677 , "uni-names-fieldlikelihood" : 0.0 , "uni-outgoingentitynames-/jjs" : 0.045106652693548195 , "uni-outgoingentitynames-/nnp" : 0.0 , "uni-outgoingentitynames-fieldlikelihood" : 0.0 , "uni-similarentitynames-/jjs" : 0.0 , "uni-similarentitynames-/nnp" : 0.0 , "uni-similarentitynames-fieldlikelihood" : 0.05877712016686561 }
