{ "name" : "default-best" , "score" : "0.11712854940115328" , "uni-attributes-/jjs" : 0.17765418317286005 , "uni-attributes-/nnp" : 0.22880196167643738 , "uni-attributes-fieldlikelihood" : 0.18222253231139102 , "uni-categories-/jjs" : 0.0 , "uni-categories-/nnp" : 0.0 , "uni-categories-fieldlikelihood" : 0.08097191272264567 , "uni-names-/jjs" : 0.0 , "uni-names-/nnp" : 0.05234052234466649 , "uni-names-fieldlikelihood" : 0.051840776941102895 , "uni-outgoingentitynames-/jjs" : 0.07550431291069369 , "uni-outgoingentitynames-/nnp" : 0.0 , "uni-outgoingentitynames-fieldlikelihood" : 0.0 , "uni-similarentitynames-/jjs" : 0.15066379792020274 , "uni-similarentitynames-/nnp" : 0.0 , "uni-similarentitynames-fieldlikelihood" : 0.0 }
