{ "name" : "default-best" , "score" : "0.1190894035572448" , "uni-attributes-/jjs" : 0.23293933836566189 , "uni-attributes-/nnp" : 0.23681751865312398 , "uni-attributes-fieldlikelihood" : 0.14483802560569875 , "uni-categories-/jjs" : 0.0 , "uni-categories-/nnp" : 0.01035773546012129 , "uni-categories-fieldlikelihood" : 0.18614903811587116 , "uni-names-/jjs" : 0.04574176475520202 , "uni-names-/nnp" : 0.05178138931207813 , "uni-names-fieldlikelihood" : 0.0 , "uni-outgoingentitynames-/jjs" : 0.018953770510218165 , "uni-outgoingentitynames-/nnp" : 0.014657359408620832 , "uni-outgoingentitynames-fieldlikelihood" : 0.0 , "uni-similarentitynames-/jjs" : 0.0 , "uni-similarentitynames-/nnp" : 0.0 , "uni-similarentitynames-fieldlikelihood" : 0.057764059813403816 }
