{ "name" : "default-best" , "score" : "0.18971142794918597" , "uni-attributes-/jjs" : 0.0 , "uni-attributes-/nnp" : 0.09751730581328664 , "uni-attributes-fieldlikelihood" : 0.14884050440284485 , "uni-categories-/jjs" : 0.28472022981674666 , "uni-categories-/nnp" : 0.2099672948264716 , "uni-categories-fieldlikelihood" : 0.16307145095687894 , "uni-names-/jjs" : 0.0 , "uni-names-/nnp" : 0.0 , "uni-names-fieldlikelihood" : 0.0 , "uni-outgoingentitynames-/jjs" : 0.03539829941811153 , "uni-outgoingentitynames-/nnp" : 0.024331546028633074 , "uni-outgoingentitynames-fieldlikelihood" : 0.0 , "uni-similarentitynames-/jjs" : 0.0 , "uni-similarentitynames-/nnp" : 0.0 , "uni-similarentitynames-fieldlikelihood" : 0.03615336873702658 }
