{ "name" : "default-best" , "score" : "0.20473673384686483" , "uni-attributes-/jjs" : 0.11487924872629712 , "uni-attributes-/nnp" : 0.16880157207771634 , "uni-attributes-fieldlikelihood" : 0.09782620351349597 , "uni-categories-/jjs" : 0.0718930822118577 , "uni-categories-/nnp" : 0.09519056516208553 , "uni-categories-fieldlikelihood" : 0.19621430050335134 , "uni-names-/jjs" : 0.06301943522720595 , "uni-names-/nnp" : 0.0 , "uni-names-fieldlikelihood" : 0.0 , "uni-outgoingentitynames-/jjs" : 0.08878524102781057 , "uni-outgoingentitynames-/nnp" : 0.051140164872379636 , "uni-outgoingentitynames-fieldlikelihood" : 0.0 , "uni-similarentitynames-/jjs" : 0.03854039733584886 , "uni-similarentitynames-/nnp" : 0.0 , "uni-similarentitynames-fieldlikelihood" : 0.013709789341951065 }
