{ "name" : "default-best" , "score" : "0.18592789179822858" , "uni-attributes-/jjs" : 0.0 , "uni-attributes-/nnp" : 0.07628229140909486 , "uni-attributes-fieldlikelihood" : 0.1538572770907198 , "uni-categories-/jjs" : 0.3545230497023923 , "uni-categories-/nnp" : 0.2106987784129459 , "uni-categories-fieldlikelihood" : 0.11857041395234375 , "uni-names-/jjs" : 0.0 , "uni-names-/nnp" : 0.0 , "uni-names-fieldlikelihood" : 0.0 , "uni-outgoingentitynames-/jjs" : 0.04404840108362969 , "uni-outgoingentitynames-/nnp" : 0.03374638219123503 , "uni-outgoingentitynames-fieldlikelihood" : 0.0 , "uni-similarentitynames-/jjs" : 0.0 , "uni-similarentitynames-/nnp" : 0.0 , "uni-similarentitynames-fieldlikelihood" : 0.008273406157638828 }
