{ "name" : "default-best" , "score" : "0.20712848161477443" , "uni-attributes-/jjs" : 0.0 , "uni-attributes-/nnp" : 0.07041538981314673 , "uni-attributes-fieldlikelihood" : 0.15107667424964527 , "uni-categories-/jjs" : 0.283495267895701 , "uni-categories-/nnp" : 0.19088795884206988 , "uni-categories-fieldlikelihood" : 0.19442666412037224 , "uni-names-/jjs" : 0.0 , "uni-names-/nnp" : 0.0 , "uni-names-fieldlikelihood" : 0.0 , "uni-outgoingentitynames-/jjs" : 5.413192930640114E-6 , "uni-outgoingentitynames-/nnp" : 0.027480630688215338 , "uni-outgoingentitynames-fieldlikelihood" : 0.0 , "uni-similarentitynames-/jjs" : 0.04761904761904761 , "uni-similarentitynames-/nnp" : 0.0 , "uni-similarentitynames-fieldlikelihood" : 0.03459295357887113 }
