{ "name" : "default-best" , "score" : "0.2149442914285544" , "uni-attributes-/jjs" : 0.0 , "uni-attributes-/nnp" : 0.14295366023561248 , "uni-attributes-fieldlikelihood" : 0.15718215736598548 , "uni-categories-/jjs" : 0.3506605479520999 , "uni-categories-/nnp" : 0.16381812264198023 , "uni-categories-fieldlikelihood" : 0.12555803819158443 , "uni-names-/jjs" : 0.0 , "uni-names-/nnp" : 0.0 , "uni-names-fieldlikelihood" : 0.0 , "uni-outgoingentitynames-/jjs" : 0.0 , "uni-outgoingentitynames-/nnp" : 0.03819820798830281 , "uni-outgoingentitynames-fieldlikelihood" : 0.014758419576045734 , "uni-similarentitynames-/jjs" : 0.0 , "uni-similarentitynames-/nnp" : 0.0 , "uni-similarentitynames-fieldlikelihood" : 0.006870846048388858 }
