{ "name" : "default-best" , "score" : "0.20670804699465345" , "uni-attributes-/jjs" : 0.1010704166775779 , "uni-attributes-/nnp" : 0.0 , "uni-attributes-fieldlikelihood" : 0.1076646184166704 , "uni-categories-/jjs" : 0.006302184127100485 , "uni-categories-/nnp" : 0.0 , "uni-categories-fieldlikelihood" : 0.2218702634147067 , "uni-names-/jjs" : 0.0 , "uni-names-/nnp" : 0.0 , "uni-names-fieldlikelihood" : 0.0 , "uni-outgoingentitynames-/jjs" : 0.11265953108924602 , "uni-outgoingentitynames-/nnp" : 0.17048055658980787 , "uni-outgoingentitynames-fieldlikelihood" : 0.05674080204033965 , "uni-similarentitynames-/jjs" : 0.1178675261489378 , "uni-similarentitynames-/nnp" : 0.10534410149561314 , "uni-similarentitynames-fieldlikelihood" : 0.0 }
