{ "name" : "default-best" , "score" : "0.21176059297885746" , "uni-attributes-/jjs" : 0.15589311484048377 , "uni-attributes-/nnp" : 0.0 , "uni-attributes-fieldlikelihood" : 0.05103217487937579 , "uni-categories-/jjs" : 0.09459637923608555 , "uni-categories-/nnp" : 0.0 , "uni-categories-fieldlikelihood" : 0.17321288278566963 , "uni-names-/jjs" : 0.07231734468015115 , "uni-names-/nnp" : 0.0 , "uni-names-fieldlikelihood" : 0.0 , "uni-outgoingentitynames-/jjs" : 0.1647858338227279 , "uni-outgoingentitynames-/nnp" : 0.1665593721776519 , "uni-outgoingentitynames-fieldlikelihood" : 0.02493365388606217 , "uni-similarentitynames-/jjs" : 0.0 , "uni-similarentitynames-/nnp" : 0.05977937551427174 , "uni-similarentitynames-fieldlikelihood" : 0.036889868177520345 }
