{ "name" : "default-best" , "score" : "0.18216573479464548" , "uni-attributes-/jjs" : 0.09131599920759935 , "uni-attributes-/nnp" : 0.04134022249577168 , "uni-attributes-fieldlikelihood" : 0.1668085696893221 , "uni-categories-/jjs" : 0.10578246463096459 , "uni-categories-/nnp" : 0.0 , "uni-categories-fieldlikelihood" : 0.13096719373867993 , "uni-names-/jjs" : 0.08815627578504481 , "uni-names-/nnp" : 0.0 , "uni-names-fieldlikelihood" : 0.0 , "uni-outgoingentitynames-/jjs" : 0.04448283443535537 , "uni-outgoingentitynames-/nnp" : 0.13762356640462436 , "uni-outgoingentitynames-fieldlikelihood" : 0.10305796098216263 , "uni-similarentitynames-/jjs" : 0.03638406321447268 , "uni-similarentitynames-/nnp" : 0.02717450198245697 , "uni-similarentitynames-fieldlikelihood" : 0.026906347433545582 }
