{ "name" : "default-best" , "score" : "0.1652360787317955" , "uni-attributes-/jjs" : 0.12244204005117701 , "uni-attributes-/nnp" : 0.037254924306520304 , "uni-attributes-fieldlikelihood" : 0.11303906079336597 , "uni-categories-/jjs" : 0.0027509045802372517 , "uni-categories-/nnp" : 0.0 , "uni-categories-fieldlikelihood" : 0.16958219831886648 , "uni-names-/jjs" : 0.0 , "uni-names-/nnp" : 0.0 , "uni-names-fieldlikelihood" : 0.0 , "uni-outgoingentitynames-/jjs" : 0.10880759277948887 , "uni-outgoingentitynames-/nnp" : 0.13607470818294778 , "uni-outgoingentitynames-fieldlikelihood" : 0.021129740782926176 , "uni-similarentitynames-/jjs" : 0.1886585426996983 , "uni-similarentitynames-/nnp" : 0.10026028750477177 , "uni-similarentitynames-fieldlikelihood" : 0.0 }
