{ "name" : "default-best" , "score" : "0.1903939990234825" , "uni-attributes-/jjs" : 0.1884290254719016 , "uni-attributes-/nnp" : 0.0 , "uni-attributes-fieldlikelihood" : 0.03936897864388701 , "uni-categories-/jjs" : 0.10943059766752163 , "uni-categories-/nnp" : 0.0 , "uni-categories-fieldlikelihood" : 0.16445590614445726 , "uni-names-/jjs" : 0.04532134988309707 , "uni-names-/nnp" : 0.0 , "uni-names-fieldlikelihood" : 0.0 , "uni-outgoingentitynames-/jjs" : 0.08665349685143803 , "uni-outgoingentitynames-/nnp" : 0.2074659159091295 , "uni-outgoingentitynames-fieldlikelihood" : 0.0426472863086798 , "uni-similarentitynames-/jjs" : 0.05997875762399079 , "uni-similarentitynames-/nnp" : 0.019570852477326168 , "uni-similarentitynames-fieldlikelihood" : 0.03667783301857106 }
