{ "name" : "default-best" , "score" : "0.33557771287770966" , "uni-attributes-/jjs" : 0.11920203392052572 , "uni-attributes-/nnp" : 0.04224888129620819 , "uni-attributes-fieldlikelihood" : 0.18458119263161102 , "uni-categories-/jjs" : 0.0 , "uni-categories-/nnp" : 0.06929891190339653 , "uni-categories-fieldlikelihood" : 0.030202117969757 , "uni-names-/jjs" : 0.24667661845186545 , "uni-names-/nnp" : 0.0034056816481940733 , "uni-names-fieldlikelihood" : 0.09215070701234832 , "uni-outgoingentitynames-/jjs" : 0.0 , "uni-outgoingentitynames-/nnp" : 0.0 , "uni-outgoingentitynames-fieldlikelihood" : 0.0 , "uni-similarentitynames-/jjs" : 0.0 , "uni-similarentitynames-/nnp" : 0.14811774586126955 , "uni-similarentitynames-fieldlikelihood" : 0.06411610930482423 }
