{ "name" : "default-best" , "score" : "0.36748619363743046" , "uni-attributes-/jjs" : 0.06904883536290575 , "uni-attributes-/nnp" : 0.0 , "uni-attributes-fieldlikelihood" : 0.20570730584255112 , "uni-categories-/jjs" : 0.07383093486646011 , "uni-categories-/nnp" : 0.03998953990619213 , "uni-categories-fieldlikelihood" : 0.04158570097814413 , "uni-names-/jjs" : 0.11443137098324138 , "uni-names-/nnp" : 0.0 , "uni-names-fieldlikelihood" : 0.10438593023383666 , "uni-outgoingentitynames-/jjs" : 0.10431901655730334 , "uni-outgoingentitynames-/nnp" : 0.0 , "uni-outgoingentitynames-fieldlikelihood" : 0.0 , "uni-similarentitynames-/jjs" : 0.012728289540109568 , "uni-similarentitynames-/nnp" : 0.12529091739297948 , "uni-similarentitynames-fieldlikelihood" : 0.10868215833627644 }
