{ "name" : "default-best" , "score" : "0.3355587053611356" , "uni-attributes-/jjs" : 0.030632432941117033 , "uni-attributes-/nnp" : 0.11944061556770379 , "uni-attributes-fieldlikelihood" : 0.17486445533051173 , "uni-categories-/jjs" : 0.0 , "uni-categories-/nnp" : 0.13004040997329644 , "uni-categories-fieldlikelihood" : 0.031092315976122338 , "uni-names-/jjs" : 0.1480416870389623 , "uni-names-/nnp" : 0.002766303218171597 , "uni-names-fieldlikelihood" : 0.09874318680906125 , "uni-outgoingentitynames-/jjs" : 0.0 , "uni-outgoingentitynames-/nnp" : 0.0 , "uni-outgoingentitynames-fieldlikelihood" : 0.0 , "uni-similarentitynames-/jjs" : 0.03749092161443936 , "uni-similarentitynames-/nnp" : 0.14449231775486732 , "uni-similarentitynames-fieldlikelihood" : 0.08239535377574692 }
