{ "name" : "default-best" , "score" : "0.3384186907759812" , "uni-attributes-/jjs" : 0.03978425011565678 , "uni-attributes-/nnp" : 0.07362109252933248 , "uni-attributes-fieldlikelihood" : 0.1722955799761276 , "uni-categories-/jjs" : 0.002540388773796591 , "uni-categories-/nnp" : 0.10748324784022087 , "uni-categories-fieldlikelihood" : 0.043578499197377156 , "uni-names-/jjs" : 0.15348082648949102 , "uni-names-/nnp" : 0.0 , "uni-names-fieldlikelihood" : 0.13356076819521034 , "uni-outgoingentitynames-/jjs" : 0.0 , "uni-outgoingentitynames-/nnp" : 0.0 , "uni-outgoingentitynames-fieldlikelihood" : 0.009123451613957728 , "uni-similarentitynames-/jjs" : 0.0 , "uni-similarentitynames-/nnp" : 0.19812935711755686 , "uni-similarentitynames-fieldlikelihood" : 0.06640253815127256 }
