{ "name" : "default-best" , "score" : "0.35307692349871095" , "uni-attributes-/jjs" : 0.06775643916458798 , "uni-attributes-/nnp" : 0.0 , "uni-attributes-fieldlikelihood" : 0.22522194628555792 , "uni-categories-/jjs" : 0.0 , "uni-categories-/nnp" : 0.04000277909473039 , "uni-categories-fieldlikelihood" : 0.04103856197564691 , "uni-names-/jjs" : 0.24936074972571573 , "uni-names-/nnp" : 0.0 , "uni-names-fieldlikelihood" : 0.13642272446650303 , "uni-outgoingentitynames-/jjs" : 0.0 , "uni-outgoingentitynames-/nnp" : 0.0 , "uni-outgoingentitynames-fieldlikelihood" : 0.0 , "uni-similarentitynames-/jjs" : 0.0 , "uni-similarentitynames-/nnp" : 0.12853012901023286 , "uni-similarentitynames-fieldlikelihood" : 0.11166667027702501 }
