{ "name" : "default-best" , "score" : "0.12297997759235164" , "uni-attributes" : 0.6174648171775329 , "uni-categories" : 0.01817087992479182 , "uni-incomingentitynames" : 0.2208773370868872 , "uni-names" : 0.14348696581078807 , "uni-outgoingentitynames" : 0.0 , "uni-similarentitynames" : 0.0 }
