{ "name" : "default-best" , "score" : "0.12790997923789676" , "uni-attributes" : 0.6054343799061092 , "uni-categories" : 0.0 , "uni-incomingentitynames" : 0.2825449380102483 , "uni-names" : 0.0946950808330516 , "uni-outgoingentitynames" : 0.0011369375140542206 , "uni-similarentitynames" : 0.016188663736536827 }
