{ "name" : "default-best" , "score" : "0.12641077342354945" , "uni-attributes" : 0.586759184391765 , "uni-categories" : 0.22497856149248366 , "uni-incomingentitynames" : 0.13226918054192852 , "uni-names" : 0.055993073573822966 , "uni-outgoingentitynames" : 0.0 , "uni-similarentitynames" : 0.0 }
