{ "name" : "default-best" , "score" : "0.11575532949371273" , "uni-attributes" : 0.5179016200032176 , "uni-categories" : 0.296419204022569 , "uni-incomingentitynames" : 0.14539840779935143 , "uni-names" : 0.040280768174862064 , "uni-outgoingentitynames" : 0.0 , "uni-similarentitynames" : 0.0 }
