{ "name" : "default-best" , "score" : "0.1149705081756252" , "uni-attributes" : 0.6143759798692778 , "uni-categories" : 0.06697575554897182 , "uni-incomingentitynames" : 0.20893555846751924 , "uni-names" : 0.08716543454693042 , "uni-outgoingentitynames" : 0.0 , "uni-similarentitynames" : 0.02254727156730069 }
