{ "name" : "default-best" , "score" : "0.22806874712504863" , "uni-attributes" : 0.2414575684809661 , "uni-categories" : 0.4666755250482632 , "uni-incomingentitynames" : 0.25861094495587983 , "uni-names" : 0.0 , "uni-outgoingentitynames" : 0.03325596151489091 , "uni-similarentitynames" : 0.0 }
