{ "name" : "default-best" , "score" : "0.24544463991474824" , "uni-attributes" : 0.34789832546985794 , "uni-categories" : 0.31986293775599606 , "uni-incomingentitynames" : 0.3072219590585392 , "uni-names" : 0.0 , "uni-outgoingentitynames" : 0.02501677771560673 , "uni-similarentitynames" : 0.0 }
