{ "name" : "default-best" , "score" : "0.24722616650628404" , "uni-attributes" : 0.3317986269682541 , "uni-categories" : 0.33140168441260237 , "uni-incomingentitynames" : 0.3012205123369764 , "uni-names" : 0.0 , "uni-outgoingentitynames" : 0.035579176282167266 , "uni-similarentitynames" : 0.0 }
