{ "name" : "default-best" , "score" : "0.21766644587826264" , "uni-attributes" : 0.30889984352568983 , "uni-categories" : 0.3666178754680343 , "uni-incomingentitynames" : 0.3059785775158184 , "uni-names" : 0.0 , "uni-outgoingentitynames" : 0.018503703490457466 , "uni-similarentitynames" : 0.0 }
