{ "name" : "default-best" , "score" : "0.20928833939239558" , "uni-attributes" : 0.3400817736906086 , "uni-categories" : 0.3426283148939322 , "uni-incomingentitynames" : 0.29409154770744284 , "uni-names" : 0.0 , "uni-outgoingentitynames" : 0.02319836370801639 , "uni-similarentitynames" : 0.0 }
