{ "name" : "default-best" , "score" : "0.16628580346837835" , "uni-attributes" : 0.2138307983783043 , "uni-categories" : 0.11318857094991303 , "uni-incomingentitynames" : 0.30415465309727957 , "uni-names" : 0.0 , "uni-outgoingentitynames" : 0.2565025529419377 , "uni-similarentitynames" : 0.11232342463256562 }
