{ "name" : "default-best" , "score" : "0.19360548257008814" , "uni-attributes" : 0.18183023524645645 , "uni-categories" : 0.10658303946915501 , "uni-incomingentitynames" : 0.17733341921174417 , "uni-names" : 0.0 , "uni-outgoingentitynames" : 0.3535591659375331 , "uni-similarentitynames" : 0.1806941401351112 }
