{ "name" : "default-best" , "score" : "0.19421894876300114" , "uni-attributes" : 0.21341230878265294 , "uni-categories" : 0.16794829042009937 , "uni-incomingentitynames" : 0.13848740728659295 , "uni-names" : 0.0 , "uni-outgoingentitynames" : 0.3437893552270571 , "uni-similarentitynames" : 0.13636263828359743 }
