{ "name" : "default-best" , "score" : "0.18241337424125" , "uni-attributes" : 0.22049653616216822 , "uni-categories" : 0.17226445144687924 , "uni-incomingentitynames" : 0.12187432652168949 , "uni-names" : 0.017823533892011575 , "uni-outgoingentitynames" : 0.35891893264002933 , "uni-similarentitynames" : 0.10862221933722202 }
