{ "name" : "default-best" , "score" : "0.183415601846398" , "uni-attributes" : 0.34161896761193894 , "uni-categories" : 0.09805605778336847 , "uni-incomingentitynames" : 0.2112740143196105 , "uni-names" : 0.0 , "uni-outgoingentitynames" : 0.3490509602850822 , "uni-similarentitynames" : 0.0 }
