{ "name" : "default-best" , "score" : "0.3527901555380478" , "uni-attributes" : 0.28355508765267523 , "uni-categories" : 0.026730909747011637 , "uni-incomingentitynames" : 0.22748699729771077 , "uni-names" : 0.29447375040280305 , "uni-outgoingentitynames" : 0.031000422803173572 , "uni-similarentitynames" : 0.13675283209662573 }
