{ "name" : "default-best" , "score" : "0.34750729247426015" , "uni-attributes" : 0.3334649022223285 , "uni-categories" : 0.06308377061197275 , "uni-incomingentitynames" : 0.16964962721677568 , "uni-names" : 0.2358593478745616 , "uni-outgoingentitynames" : 0.015365945569419897 , "uni-similarentitynames" : 0.1825764065049416 }
