{ "name" : "default-best" , "score" : "0.3861143458813644" , "uni-attributes" : 0.34809163166332036 , "uni-categories" : 0.06822034453250805 , "uni-incomingentitynames" : 0.19226639489911213 , "uni-names" : 0.1916749812958066 , "uni-outgoingentitynames" : 0.047619047619047616 , "uni-similarentitynames" : 0.15212759999020517 }
