{ "name" : "default-best" , "score" : "0.33984217401942723" , "uni-attributes" : 0.3766900455823873 , "uni-categories" : 0.048899768732983115 , "uni-incomingentitynames" : 0.21200062006229703 , "uni-names" : 0.18883630372576393 , "uni-outgoingentitynames" : 0.02271117202754753 , "uni-similarentitynames" : 0.15086208986902092 }
