{ "name" : "default-best" , "score" : "0.36432638502158804" , "uni-attributes" : 0.3213571131746027 , "uni-categories" : 0.05863938210489185 , "uni-incomingentitynames" : 0.20555813715011975 , "uni-names" : 0.2647757066305526 , "uni-outgoingentitynames" : 0.0 , "uni-similarentitynames" : 0.1496696609398332 }
