{ "name" : "default-best-best" , "od-/const" : 0.11458785505106031 , "od-/google-ngrams-word-invcount" : 0.0 , "od-/wiki-categories-word-count" : 0.0 , "score" : "0.2103712788337495" , "uni-/const" : 0.2358801466458036 , "uni-/google-ngrams-word-invcount" : 0.23606485087202358 , "uni-/wiki-categories-word-count" : 0.24347029045272528 , "uww-/const" : 0.1699968569783873 , "uww-/google-ngrams-word-invcount" : 0.0 , "uww-/wiki-categories-word-count" : 0.0 }
