{ "name" : "default-best-best" , "od-/const" : 0.13142447002938626 , "od-/google-ngrams-word-invcount" : 0.19613215784891472 , "od-/wiki-categories-word-count" : 0.0 , "score" : "0.2543482636586255" , "uni-/const" : 0.2036339363117036 , "uni-/google-ngrams-word-invcount" : 0.12051894516861361 , "uni-/wiki-categories-word-count" : 0.20126096700843632 , "uww-/const" : 0.11083428427472021 , "uww-/google-ngrams-word-invcount" : 0.03619523935822531 , "uww-/wiki-categories-word-count" : 0.0 }
