{ "name" : "default-best-best" , "od-/const" : 0.19014954663170588 , "od-/google-ngrams-word-invcount" : 0.19946629299543225 , "od-/wiki-categories-word-count" : 0.0 , "score" : "0.20845139293807402" , "uni-/const" : 0.1552307701082514 , "uni-/google-ngrams-word-invcount" : 0.12101569405803796 , "uni-/wiki-categories-word-count" : 0.17275796250959652 , "uww-/const" : 0.13051864146819153 , "uww-/google-ngrams-word-invcount" : 0.030861092228784574 , "uww-/wiki-categories-word-count" : 0.0 }
