{ "name" : "default-best-best" , "od-/const" : 0.0 , "od-/google-ngrams-word-invcount" : 0.06796129177931733 , "od-/wiki-categories-word-count" : 0.0 , "score" : "0.4215810728337643" , "uni-/const" : 0.2559860529691706 , "uni-/google-ngrams-word-invcount" : 0.2050735307355762 , "uni-/wiki-categories-word-count" : 0.14353296393976725 , "uww-/const" : 0.19431976508228854 , "uww-/google-ngrams-word-invcount" : 0.13312639549387997 , "uww-/wiki-categories-word-count" : 0.0 }
