{ "name" : "default-best" , "score" : "0.10855023326581441" , "uni-attributes-fieldlikelihood" : 0.4869377467803992 , "uni-categories-fieldlikelihood" : 0.31578774275149807 , "uni-names-fieldlikelihood" : 0.0 , "uni-outgoingentitynames-fieldlikelihood" : 0.0 , "uni-similarentitynames-fieldlikelihood" : 0.19727451046810288 }
