{ "name" : "default-best" , "score" : "0.12162611939500327" , "uni-attributes-fieldlikelihood" : 0.41809443852051953 , "uni-categories-fieldlikelihood" : 0.4328762818062399 , "uni-names-fieldlikelihood" : 0.0 , "uni-outgoingentitynames-fieldlikelihood" : 0.0 , "uni-similarentitynames-fieldlikelihood" : 0.1490292796732405 }
