{ "name" : "default-best" , "score" : "0.12536834659404586" , "uni-attributes-baselinetopscore" : 0.1065991948331055 , "uni-attributes-fieldlikelihood" : 0.3243235457320664 , "uni-categories-baselinetopscore" : 0.2239458487837079 , "uni-categories-fieldlikelihood" : 0.17823175930838348 , "uni-names-baselinetopscore" : 0.0 , "uni-names-fieldlikelihood" : 0.03642607672829347 , "uni-outgoingentitynames-baselinetopscore" : 0.0 , "uni-outgoingentitynames-fieldlikelihood" : 0.0 , "uni-similarentitynames-baselinetopscore" : 0.07430935517349754 , "uni-similarentitynames-fieldlikelihood" : 0.0561642194409459 }
