{ "name" : "default-best" , "score" : "0.11904320042501107" , "uni-attributes-baselinetopscore" : 0.14725156026271277 , "uni-attributes-fieldlikelihood" : 0.3420512841180085 , "uni-categories-baselinetopscore" : 0.051840778345202176 , "uni-categories-fieldlikelihood" : 0.26256295508094846 , "uni-names-baselinetopscore" : 0.01001366825703578 , "uni-names-fieldlikelihood" : 0.0 , "uni-outgoingentitynames-baselinetopscore" : 0.0 , "uni-outgoingentitynames-fieldlikelihood" : 0.03453526005682023 , "uni-similarentitynames-baselinetopscore" : 0.1399168725878348 , "uni-similarentitynames-fieldlikelihood" : 0.011827621291437334 }
