{ "name" : "default-best" , "score" : "0.20559626746045467" , "uni-attributes-fieldlikelihood" : 0.2746458398086551 , "uni-categories-fieldlikelihood" : 0.6077201866799148 , "uni-names-fieldlikelihood" : 0.0 , "uni-outgoingentitynames-fieldlikelihood" : 0.06395509674608175 , "uni-similarentitynames-fieldlikelihood" : 0.053678876765348306 }
