{ "name" : "default-best" , "score" : "0.20169374548787514" , "uni-attributes-fieldlikelihood" : 0.37690047535590665 , "uni-categories-fieldlikelihood" : 0.5290099557988119 , "uni-names-fieldlikelihood" : 0.0 , "uni-outgoingentitynames-fieldlikelihood" : 0.07451539574543568 , "uni-similarentitynames-fieldlikelihood" : 0.019574173099845736 }
