{ "name" : "default-best" , "score" : "0.18084281271139463" , "uni-attributes-baselinetopscore" : 0.20678385564173926 , "uni-attributes-fieldlikelihood" : 0.2116132777875684 , "uni-categories-baselinetopscore" : 0.20938058591183073 , "uni-categories-fieldlikelihood" : 0.25250400866413564 , "uni-names-baselinetopscore" : 0.0 , "uni-names-fieldlikelihood" : 0.0 , "uni-outgoingentitynames-baselinetopscore" : 0.0 , "uni-outgoingentitynames-fieldlikelihood" : 0.07548819941114931 , "uni-similarentitynames-baselinetopscore" : 0.00515989062992618 , "uni-similarentitynames-fieldlikelihood" : 0.03907018195365057 }
