{ "name" : "default-best" , "score" : "0.20263782276441344" , "uni-attributes-baselinetopscore" : 0.20883526062066782 , "uni-attributes-fieldlikelihood" : 0.11460794220771112 , "uni-categories-baselinetopscore" : 0.26355536364790283 , "uni-categories-fieldlikelihood" : 0.3436039554161515 , "uni-names-baselinetopscore" : 0.0 , "uni-names-fieldlikelihood" : 0.0 , "uni-outgoingentitynames-baselinetopscore" : 0.014905946011138241 , "uni-outgoingentitynames-fieldlikelihood" : 0.035904246649544364 , "uni-similarentitynames-baselinetopscore" : 0.0 , "uni-similarentitynames-fieldlikelihood" : 0.018587285446884205 }
