{ "name" : "default-best" , "score" : "0.1858880611366736" , "uni-attributes-baselinetopscore" : 0.17401089288443738 , "uni-attributes-fieldlikelihood" : 0.221709904069827 , "uni-categories-baselinetopscore" : 0.07602699154335682 , "uni-categories-fieldlikelihood" : 0.17386922661573284 , "uni-names-baselinetopscore" : 0.0 , "uni-names-fieldlikelihood" : 0.0 , "uni-outgoingentitynames-baselinetopscore" : 0.15717570706351622 , "uni-outgoingentitynames-fieldlikelihood" : 0.10771512957515228 , "uni-similarentitynames-baselinetopscore" : 0.03474116478981207 , "uni-similarentitynames-fieldlikelihood" : 0.054750983458165266 }
