{ "name" : "default-best" , "score" : "0.15765254702635273" , "uni-attributes-baselinetopscore" : 0.2708732727857821 , "uni-attributes-fieldlikelihood" : 0.07361601581924312 , "uni-categories-baselinetopscore" : 0.0 , "uni-categories-fieldlikelihood" : 0.07360235103619127 , "uni-names-baselinetopscore" : 0.0 , "uni-names-fieldlikelihood" : 0.006493520555764867 , "uni-outgoingentitynames-baselinetopscore" : 0.23185253785034954 , "uni-outgoingentitynames-fieldlikelihood" : 0.24340543143591972 , "uni-similarentitynames-baselinetopscore" : 0.0650436952205135 , "uni-similarentitynames-fieldlikelihood" : 0.03511317529623577 }
