{ "name" : "default-best" , "score" : "0.1874191522219178" , "uni-attributes-fieldlikelihood" : 0.19380357058709283 , "uni-categories-fieldlikelihood" : 0.19761499027408597 , "uni-names-fieldlikelihood" : 0.0 , "uni-outgoingentitynames-fieldlikelihood" : 0.43281470055325966 , "uni-similarentitynames-fieldlikelihood" : 0.17576673858556152 }
