{ "name" : "default-best" , "score" : "0.1666969342479113" , "uni-attributes-fieldlikelihood" : 0.3641429099957003 , "uni-categories-fieldlikelihood" : 0.20560197112358222 , "uni-names-fieldlikelihood" : 0.007679393738154984 , "uni-outgoingentitynames-fieldlikelihood" : 0.31480909593174794 , "uni-similarentitynames-fieldlikelihood" : 0.1077666292108146 }
