{ "name" : "default-best" , "score" : "0.16775561660282265" , "uni-attributes-fieldlikelihood" : 0.2610435040670869 , "uni-categories-fieldlikelihood" : 0.3111987218221504 , "uni-names-fieldlikelihood" : 0.0 , "uni-outgoingentitynames-fieldlikelihood" : 0.26625601783694114 , "uni-similarentitynames-fieldlikelihood" : 0.16150175627382138 }
