{ "name" : "default-best" , "score" : "0.16554048652080763" , "uni-attributes-baselinetopscore" : 0.1802552333628723 , "uni-attributes-fieldlikelihood" : 0.07173019957534207 , "uni-categories-baselinetopscore" : 0.17113008369019964 , "uni-categories-fieldlikelihood" : 0.016056989517139523 , "uni-names-baselinetopscore" : 0.0 , "uni-names-fieldlikelihood" : 0.0 , "uni-outgoingentitynames-baselinetopscore" : 0.2653333907852455 , "uni-outgoingentitynames-fieldlikelihood" : 0.16019655952922743 , "uni-similarentitynames-baselinetopscore" : 0.08023657782868934 , "uni-similarentitynames-fieldlikelihood" : 0.055060965711284104 }
