{ "name" : "default-best" , "score" : "0.18683396759528967" , "uni-attributes-baselinetopscore" : 0.22378855276683432 , "uni-attributes-fieldlikelihood" : 0.15806233696436398 , "uni-categories-baselinetopscore" : 0.02623932384320676 , "uni-categories-fieldlikelihood" : 0.20691579004570598 , "uni-names-baselinetopscore" : 0.0 , "uni-names-fieldlikelihood" : 0.0 , "uni-outgoingentitynames-baselinetopscore" : 0.14914004670448155 , "uni-outgoingentitynames-fieldlikelihood" : 0.12027851024130937 , "uni-similarentitynames-baselinetopscore" : 0.0 , "uni-similarentitynames-fieldlikelihood" : 0.11557543943409807 }
