{ "name" : "default-best" , "score" : "0.3300791469068705" , "uni-attributes-baselinetopscore" : 0.20807131410050245 , "uni-attributes-fieldlikelihood" : 0.257931096223618 , "uni-categories-baselinetopscore" : 0.061082925887321074 , "uni-categories-fieldlikelihood" : 0.0 , "uni-names-baselinetopscore" : 0.11977706144631836 , "uni-names-fieldlikelihood" : 0.14333611611546343 , "uni-outgoingentitynames-baselinetopscore" : 0.021975642608287757 , "uni-outgoingentitynames-fieldlikelihood" : 0.0 , "uni-similarentitynames-baselinetopscore" : 0.06464462891127166 , "uni-similarentitynames-fieldlikelihood" : 0.12318121470721743 }
