{ "name" : "default-best" , "score" : "0.33640201877706094" , "uni-attributes-fieldlikelihood" : 0.4455848049579155 , "uni-categories-fieldlikelihood" : 0.08715438020062227 , "uni-names-fieldlikelihood" : 0.19148986050559746 , "uni-outgoingentitynames-fieldlikelihood" : 0.012959294961883435 , "uni-similarentitynames-fieldlikelihood" : 0.2628116593739812 }
