{ "name" : "default-best" , "score" : "0.3508227738897557" , "uni-attributes-fieldlikelihood" : 0.3838364093115881 , "uni-categories-fieldlikelihood" : 0.08837546000116824 , "uni-names-fieldlikelihood" : 0.20999971767370612 , "uni-outgoingentitynames-fieldlikelihood" : 0.037210924501025935 , "uni-similarentitynames-fieldlikelihood" : 0.2805774885125115 }
