{ "name" : "default-best" , "score" : "0.33259604424093286" , "uni-attributes-fieldlikelihood" : 0.34095677715595457 , "uni-categories-fieldlikelihood" : 0.11545896708821908 , "uni-names-fieldlikelihood" : 0.25312782903784364 , "uni-outgoingentitynames-fieldlikelihood" : 0.0334743756153929 , "uni-similarentitynames-fieldlikelihood" : 0.2569820511025897 }
