{ "name" : "default-best" , "score" : "0.35170143994862113" , "uni-attributes-baselinetopscore" : 0.21753907478954274 , "uni-attributes-fieldlikelihood" : 0.19216204939605352 , "uni-categories-baselinetopscore" : 0.04580462462445366 , "uni-categories-fieldlikelihood" : 0.04679312234916879 , "uni-names-baselinetopscore" : 0.14607266246722914 , "uni-names-fieldlikelihood" : 0.04168646229639315 , "uni-outgoingentitynames-baselinetopscore" : 0.019676073949588202 , "uni-outgoingentitynames-fieldlikelihood" : 0.0 , "uni-similarentitynames-baselinetopscore" : 0.09951532524692543 , "uni-similarentitynames-fieldlikelihood" : 0.1907506048806452 }
