{ "name" : "default-best" , "score" : "0.36530059166585005" , "uni-attributes-fieldlikelihood" : 0.4210061240704897 , "uni-categories-fieldlikelihood" : 0.09706053521739495 , "uni-names-fieldlikelihood" : 0.19935464157062227 , "uni-outgoingentitynames-fieldlikelihood" : 0.03030801484076256 , "uni-similarentitynames-fieldlikelihood" : 0.2522706843007304 }
