{ "name" : "default-best" , "score" : "0.11608583350918733" , "uni-attributes-/nns-only" : 0.1964220609552297 , "uni-attributes-fieldlikelihood" : 0.2746751400235159 , "uni-categories-/nns-only" : 0.1955804374337447 , "uni-categories-fieldlikelihood" : 0.20696848945216628 , "uni-names-/nns-only" : 0.003712355482458503 , "uni-names-fieldlikelihood" : 0.0 , "uni-outgoingentitynames-/nns-only" : 1.253941648932697E-4 , "uni-outgoingentitynames-fieldlikelihood" : 0.0 , "uni-similarentitynames-/nns-only" : 0.02281167468665894 , "uni-similarentitynames-fieldlikelihood" : 0.09970444780133265 }
