{ "name" : "default-best" , "score" : "0.20455877927462482" , "uni-attributes-/nns-only" : 0.2052301919545916 , "uni-attributes-fieldlikelihood" : 0.10786741445014657 , "uni-categories-/nns-only" : 0.3715921390357255 , "uni-categories-fieldlikelihood" : 0.23773615290305142 , "uni-names-/nns-only" : 0.0 , "uni-names-fieldlikelihood" : 0.0 , "uni-outgoingentitynames-/nns-only" : 0.0 , "uni-outgoingentitynames-fieldlikelihood" : 0.02777909524422302 , "uni-similarentitynames-/nns-only" : 0.04979500641226187 , "uni-similarentitynames-fieldlikelihood" : 0.0 }
