{ "name" : "default-best" , "score" : "0.19165667539227374" , "uni-attributes-/nns-only" : 0.15979854185127793 , "uni-attributes-fieldlikelihood" : 0.09805696227876368 , "uni-categories-/nns-only" : 0.23566343291229275 , "uni-categories-fieldlikelihood" : 0.10579063089782466 , "uni-names-/nns-only" : 0.0 , "uni-names-fieldlikelihood" : 0.0 , "uni-outgoingentitynames-/nns-only" : 0.05688568192419572 , "uni-outgoingentitynames-fieldlikelihood" : 0.22856465078697227 , "uni-similarentitynames-/nns-only" : 0.05177972403342919 , "uni-similarentitynames-fieldlikelihood" : 0.0634603753152438 }
