{ "name" : "default-best" , "score" : "0.17942744657454732" , "uni-attributes-/nns-only" : 0.03746935224554542 , "uni-attributes-fieldlikelihood" : 0.12653930238413436 , "uni-categories-/nns-only" : 0.17932306070475168 , "uni-categories-fieldlikelihood" : 0.08592332416853007 , "uni-names-/nns-only" : 0.0 , "uni-names-fieldlikelihood" : 0.0 , "uni-outgoingentitynames-/nns-only" : 0.13181768464355706 , "uni-outgoingentitynames-fieldlikelihood" : 0.2051246586895595 , "uni-similarentitynames-/nns-only" : 0.18825199321834313 , "uni-similarentitynames-fieldlikelihood" : 0.045550623945578586 }
