{ "name" : "default-best" , "score" : "0.17074223525723362" , "uni-attributes-/nns-only" : 0.1506654971619724 , "uni-attributes-fieldlikelihood" : 0.13057835708523752 , "uni-categories-/nns-only" : 0.40748222223074604 , "uni-categories-fieldlikelihood" : 0.02990990176289509 , "uni-names-/nns-only" : 0.0 , "uni-names-fieldlikelihood" : 0.0 , "uni-outgoingentitynames-/nns-only" : 0.0 , "uni-outgoingentitynames-fieldlikelihood" : 0.19890854126449967 , "uni-similarentitynames-/nns-only" : 0.047620430972090726 , "uni-similarentitynames-fieldlikelihood" : 0.034835049522558406 }
