{ "name" : "default-best" , "score" : "0.19504697351692685" , "uni-attributes-/nns-only" : 0.18460620912288062 , "uni-attributes-fieldlikelihood" : 0.14799386072017112 , "uni-categories-/nns-only" : 0.3159078778640263 , "uni-categories-fieldlikelihood" : 0.10033482082723459 , "uni-names-/nns-only" : 0.0 , "uni-names-fieldlikelihood" : 0.0 , "uni-outgoingentitynames-/nns-only" : 0.10065500022483552 , "uni-outgoingentitynames-fieldlikelihood" : 0.10033482082723459 , "uni-similarentitynames-/nns-only" : 0.0 , "uni-similarentitynames-fieldlikelihood" : 0.05016741041361731 }
