{ "name" : "default-best" , "score" : "0.17745737698097463" , "uni-attributes-/nns-only" : 0.21306785204429152 , "uni-attributes-fieldlikelihood" : 0.09347205568470106 , "uni-categories-/nns-only" : 0.3955981106803296 , "uni-categories-fieldlikelihood" : 0.05761819605180686 , "uni-names-/nns-only" : 0.0 , "uni-names-fieldlikelihood" : 0.0 , "uni-outgoingentitynames-/nns-only" : 0.028139139808460563 , "uni-outgoingentitynames-fieldlikelihood" : 0.1256966194439942 , "uni-similarentitynames-/nns-only" : 0.08640802628641625 , "uni-similarentitynames-fieldlikelihood" : 0.0 }
