{ "name" : "default-best" , "score" : "0.3617991243071481" , "uni-attributes-/nns-only" : 0.15436639873581473 , "uni-attributes-fieldlikelihood" : 0.20941240784279486 , "uni-categories-/nns-only" : 0.06337533560966217 , "uni-categories-fieldlikelihood" : 0.049228666695631744 , "uni-names-/nns-only" : 0.2553878334516715 , "uni-names-fieldlikelihood" : 0.09364896654610304 , "uni-outgoingentitynames-/nns-only" : 0.0 , "uni-outgoingentitynames-fieldlikelihood" : 0.02456883755609632 , "uni-similarentitynames-/nns-only" : 0.0 , "uni-similarentitynames-fieldlikelihood" : 0.15001155356222562 }
