{ "name" : "default-best" , "score" : "0.3295271309759205" , "uni-attributes-/nns-only" : 0.18134714228116447 , "uni-attributes-fieldlikelihood" : 0.2658654539831726 , "uni-categories-/nns-only" : 0.0 , "uni-categories-fieldlikelihood" : 0.04607322336623097 , "uni-names-/nns-only" : 0.11809307537494632 , "uni-names-fieldlikelihood" : 0.14239938923388873 , "uni-outgoingentitynames-/nns-only" : 0.0991508387133954 , "uni-outgoingentitynames-fieldlikelihood" : 0.0 , "uni-similarentitynames-/nns-only" : 0.04534142330499621 , "uni-similarentitynames-fieldlikelihood" : 0.10172945374220534 }
