{ "name" : "default-best" , "score" : "0.08397652986152841" , "uni-attributes-/nnp" : 0.0 , "uni-attributes-fieldlikelihood" : 0.12145496304265115 , "uni-categories-/nnp" : 0.03437260290404292 , "uni-categories-fieldlikelihood" : 0.0655495978135361 , "uni-names-/nnp" : 0.3588411940540783 , "uni-names-fieldlikelihood" : 0.16396689762178043 , "uni-outgoingentitynames-/nnp" : 0.0 , "uni-outgoingentitynames-fieldlikelihood" : 0.0502678007292611 , "uni-similarentitynames-/nnp" : 0.20554694383464983 , "uni-similarentitynames-fieldlikelihood" : 0.0 }
