{ "name" : "default-best" , "score" : "0.1648235759083762" , "uni-attributes-/nnp" : 0.18601228218161026 , "uni-attributes-fieldlikelihood" : 0.14065364525387344 , "uni-categories-/nnp" : 0.0 , "uni-categories-fieldlikelihood" : 0.0019332146719806755 , "uni-names-/nnp" : 0.2841926948276595 , "uni-names-fieldlikelihood" : 0.14328879132153827 , "uni-outgoingentitynames-/nnp" : 0.04869390281350578 , "uni-outgoingentitynames-fieldlikelihood" : 0.00311646970969867 , "uni-similarentitynames-/nnp" : 0.14076268961975075 , "uni-similarentitynames-fieldlikelihood" : 0.051346309600382604 }
