{ "name" : "default-best" , "score" : "0.13308906957784536" , "uni-attributes-/nnp" : 0.13144112344358846 , "uni-attributes-fieldlikelihood" : 0.0 , "uni-categories-/nnp" : 0.1328167523692927 , "uni-categories-fieldlikelihood" : 0.02305355851340751 , "uni-names-/nnp" : 0.2598072115606404 , "uni-names-fieldlikelihood" : 0.2694258169404203 , "uni-outgoingentitynames-/nnp" : 0.070150700817253 , "uni-outgoingentitynames-fieldlikelihood" : 0.0 , "uni-similarentitynames-/nnp" : 0.07078676065891196 , "uni-similarentitynames-fieldlikelihood" : 0.04251807569648577 }
