{ "name" : "default-best" , "score" : "0.13091869294572195" , "uni-attributes-/nnp" : 0.30239953175231354 , "uni-attributes-fieldlikelihood" : 0.09961262525988117 , "uni-categories-/nnp" : 0.07182092487560371 , "uni-categories-fieldlikelihood" : 0.0 , "uni-names-/nnp" : 0.21416368839618985 , "uni-names-fieldlikelihood" : 0.20999474372413432 , "uni-outgoingentitynames-/nnp" : 0.0 , "uni-outgoingentitynames-fieldlikelihood" : 0.0 , "uni-similarentitynames-/nnp" : 0.1020084859918775 , "uni-similarentitynames-fieldlikelihood" : 0.0 }
