{ "name" : "default-best" , "score" : "0.15537201025663103" , "uni-attributes-/nnp" : 0.13413072926053612 , "uni-attributes-fieldlikelihood" : 0.21945414404149127 , "uni-categories-/nnp" : 0.0 , "uni-categories-fieldlikelihood" : 0.0 , "uni-names-/nnp" : 0.20970972173265545 , "uni-names-fieldlikelihood" : 0.1828167838976525 , "uni-outgoingentitynames-/nnp" : 0.04930243238781776 , "uni-outgoingentitynames-fieldlikelihood" : 0.0 , "uni-similarentitynames-/nnp" : 0.14067872363833114 , "uni-similarentitynames-fieldlikelihood" : 0.06390746504151572 }
