{ "name" : "default-best" , "score" : "0.15653959081954794" , "uni-attributes-/nnp" : 0.14101504342058538 , "uni-attributes-fieldlikelihood" : 0.19108486402076466 , "uni-categories-/nnp" : 0.0 , "uni-categories-fieldlikelihood" : 0.0 , "uni-names-/nnp" : 0.23696992204240458 , "uni-names-fieldlikelihood" : 0.1893079874830782 , "uni-outgoingentitynames-/nnp" : 0.04890254407679616 , "uni-outgoingentitynames-fieldlikelihood" : 0.0 , "uni-similarentitynames-/nnp" : 0.09731910089350537 , "uni-similarentitynames-fieldlikelihood" : 0.09540053806286553 }
