{ "name" : "default-best" , "score" : "0.13727731719596306" , "uni-attributes-/nnp" : 0.014799372904424247 , "uni-attributes-fieldlikelihood" : 0.31979532964290813 , "uni-categories-/nnp" : 0.08316696133648693 , "uni-categories-fieldlikelihood" : 0.1947858736579128 , "uni-names-/nnp" : 0.0 , "uni-names-fieldlikelihood" : 0.022814241176047533 , "uni-outgoingentitynames-/nnp" : 0.18311913820229697 , "uni-outgoingentitynames-fieldlikelihood" : 0.18151908307992343 , "uni-similarentitynames-/nnp" : 0.0 , "uni-similarentitynames-fieldlikelihood" : 0.0 }
