{ "name" : "default-best" , "score" : "0.15565698497208116" , "uni-attributes-/nnp" : 0.08605001923424116 , "uni-attributes-fieldlikelihood" : 0.16072762918511427 , "uni-categories-/nnp" : 0.13767256066364042 , "uni-categories-fieldlikelihood" : 0.3057143340324374 , "uni-names-/nnp" : 0.0 , "uni-names-fieldlikelihood" : 0.0 , "uni-outgoingentitynames-/nnp" : 0.24124678315861628 , "uni-outgoingentitynames-fieldlikelihood" : 0.06858867372595039 , "uni-similarentitynames-/nnp" : 0.0 , "uni-similarentitynames-fieldlikelihood" : 0.0 }
