{ "name" : "default-best" , "score" : "0.12121075375983469" , "uni-attributes-/nnp" : 0.20265050726244885 , "uni-attributes-fieldlikelihood" : 0.0 , "uni-categories-/nnp" : 0.09256938750759715 , "uni-categories-fieldlikelihood" : 0.04070135782033601 , "uni-names-/nnp" : 0.20689432353105716 , "uni-names-fieldlikelihood" : 0.22224644243690503 , "uni-outgoingentitynames-/nnp" : 0.09283062115625719 , "uni-outgoingentitynames-fieldlikelihood" : 0.0 , "uni-similarentitynames-/nnp" : 0.12506192310780698 , "uni-similarentitynames-fieldlikelihood" : 0.017045437177591754 }
