{ "name" : "default-best" , "score" : "0.13585284936239553" , "uni-attributes-/nnp" : 0.10498898262109972 , "uni-attributes-fieldlikelihood" : 0.29207198400166384 , "uni-categories-/nnp" : 0.017549611527943616 , "uni-categories-fieldlikelihood" : 0.236527557888565 , "uni-names-/nnp" : 0.0 , "uni-names-fieldlikelihood" : 0.0 , "uni-outgoingentitynames-/nnp" : 0.2795787536209956 , "uni-outgoingentitynames-fieldlikelihood" : 0.06928311033973215 , "uni-similarentitynames-/nnp" : 0.0 , "uni-similarentitynames-fieldlikelihood" : 0.0 }
