{ "name" : "default-best" , "score" : "0.14151385099236674" , "uni-attributes-/nnp" : 0.10630211634882017 , "uni-attributes-fieldlikelihood" : 0.16724525480695815 , "uni-categories-/nnp" : 0.0 , "uni-categories-fieldlikelihood" : 0.0 , "uni-names-/nnp" : 0.2586182069459222 , "uni-names-fieldlikelihood" : 0.1961177314034979 , "uni-outgoingentitynames-/nnp" : 0.0700982954047209 , "uni-outgoingentitynames-fieldlikelihood" : 0.0 , "uni-similarentitynames-/nnp" : 0.18165949604707646 , "uni-similarentitynames-fieldlikelihood" : 0.01995889904300429 }
