{ "name" : "default-best" , "score" : "0.13171722410120706" , "uni-attributes-/nnp" : 0.19764848235922686 , "uni-attributes-fieldlikelihood" : 0.1104764342187907 , "uni-categories-/nnp" : 0.35602062046020433 , "uni-categories-fieldlikelihood" : 0.15669352925107619 , "uni-names-/nnp" : 0.0 , "uni-names-fieldlikelihood" : 0.04239227971189094 , "uni-outgoingentitynames-/nnp" : 0.05257115850775971 , "uni-outgoingentitynames-fieldlikelihood" : 0.07845523195708565 , "uni-similarentitynames-/nnp" : 0.0 , "uni-similarentitynames-fieldlikelihood" : 0.005742263533965565 }
