{ "name" : "default-best" , "score" : "0.12562342440257437" , "uni-attributes-/nnp" : 0.1746319212301506 , "uni-attributes-fieldlikelihood" : 0.0 , "uni-categories-/nnp" : 0.10071137950142683 , "uni-categories-fieldlikelihood" : 0.051802151375903153 , "uni-names-/nnp" : 0.16880032716189422 , "uni-names-fieldlikelihood" : 0.31835529651861033 , "uni-outgoingentitynames-/nnp" : 0.057397907780256864 , "uni-outgoingentitynames-fieldlikelihood" : 0.0 , "uni-similarentitynames-/nnp" : 0.05852436356915428 , "uni-similarentitynames-fieldlikelihood" : 0.06977665286260357 }
