{ "name" : "default-best" , "score" : "0.13629423220886433" , "uni-attributes-/nnp" : 0.12933856866362095 , "uni-attributes-fieldlikelihood" : 0.0 , "uni-categories-/nnp" : 0.0 , "uni-categories-fieldlikelihood" : 0.08250552855928804 , "uni-names-/nnp" : 0.04228327840086461 , "uni-names-fieldlikelihood" : 0.44861502202402526 , "uni-outgoingentitynames-/nnp" : 0.10578498874154477 , "uni-outgoingentitynames-fieldlikelihood" : 0.0 , "uni-similarentitynames-/nnp" : 0.14971747796714244 , "uni-similarentitynames-fieldlikelihood" : 0.04175513564351387 }
