{ "bi-content-/nns" : 0.04528450609995551 , "bi-content-/np-part" : 0.10976666270903222 , "bi-content-baselinetopscore" : 0.08349609314468613 , "bi-title-/nns" : 0.17975912630718446 , "bi-title-/np-part" : 0.22567128663304545 , "bi-title-baselinetopscore" : 0.3560223251060963 , "name" : "default-best" , "score" : "0.21664134510290936" }
