{ "bi-content-/nns" : 0.21207666172385717 , "bi-content-/np-part" : 0.37405654623815365 , "bi-content-baselinetopscore" : 0.3435644542278904 , "bi-title-/nns" : 0.17327994360549723 , "bi-title-/np-part" : -0.11437864822175585 , "bi-title-baselinetopscore" : 0.011401042426357423 , "name" : "default-best" , "score" : "0.09877597401407207" }
