{ "bi-content-/nns" : 0.2444605355457113 , "bi-content-/np-part" : 0.08888392558580831 , "bi-content-baselinetopscore" : 0.0 , "bi-title-/nns" : 0.3125244095709615 , "bi-title-/np-part" : 0.28009756536093117 , "bi-title-baselinetopscore" : 0.07403356393658769 , "name" : "default-best" , "score" : "0.2054882346022658" }
