{ "bi-content-/nns" : 0.15663668867897257 , "bi-content-/np-part" : 0.0 , "bi-content-baselinetopscore" : 0.0 , "bi-title-/nns" : 0.22767485023643733 , "bi-title-/np-part" : 0.3116365347289817 , "bi-title-baselinetopscore" : 0.3040519263556085 , "name" : "default-best" , "score" : "0.25496715827346655" }
