{ "bi-content-/nns" : 0.3137427541376906 , "bi-content-/np-part" : 0.0 , "bi-content-baselinetopscore" : 0.0 , "bi-title-/nns" : 0.08942051066717617 , "bi-title-/np-part" : 0.1371242367091856 , "bi-title-baselinetopscore" : 0.45971249848594764 , "name" : "default-best" , "score" : "0.25623290743240273" }
