{ "bi-content-/nns" : 0.0468888088897686 , "bi-content-/np-part" : 0.575328258239926 , "bi-content-baselinetopscore" : 0.3261714243524517 , "bi-title-/nns" : 0.09104222187380014 , "bi-title-/np-part" : -0.1549072126489312 , "bi-title-baselinetopscore" : 0.11547649929298495 , "name" : "default-best" , "score" : "0.10146692642814759" }
