{ "bi-content-/nns" : 0.09905033881390628 , "bi-content-/np-part" : 0.10369743366685871 , "bi-content-baselinetopscore" : -0.04557908447600455 , "bi-title-/nns" : 0.20961260197140863 , "bi-title-/np-part" : 0.2944473246718348 , "bi-title-baselinetopscore" : 0.33877138535199597 , "name" : "default-best" , "score" : "0.24606239706760166" }
