{ "bi-content-/nns" : 0.40487097080001333 , "bi-content-/np-part" : 0.21357382985568366 , "bi-content-baselinetopscore" : 0.26099388827102044 , "bi-title-/nns" : -0.05276348766653476 , "bi-title-/np-part" : 0.11244774215712795 , "bi-title-baselinetopscore" : 0.06087705658268949 , "name" : "default-best" , "score" : "0.07602281558078275" }
