{ "bi-content-/nns" : 0.2892090760515922 , "bi-content-/np-part" : 0.0 , "bi-content-baselinetopscore" : 0.0 , "bi-title-/nns" : 0.18686443339962083 , "bi-title-/np-part" : 0.23897714076312473 , "bi-title-baselinetopscore" : 0.28494934978566216 , "name" : "default-best" , "score" : "0.255991337001499" }
