{ "bi-content-/nns" : 0.10499334638788378 , "bi-content-/np-part" : 0.036979002316602415 , "bi-content-baselinetopscore" : 0.09529822794389489 , "bi-title-/nns" : 0.1758064502948788 , "bi-title-/np-part" : 0.2935428675762876 , "bi-title-baselinetopscore" : 0.29338010548045246 , "name" : "default-best" , "score" : "0.2327191805475059" }
