{ "bi-content-/nns" : 0.12246079252051306 , "bi-content-/np-part" : 0.42921755519014254 , "bi-content-baselinetopscore" : 0.2800549628638955 , "bi-title-/nns" : 0.16826668942544903 , "bi-title-/np-part" : 0.0 , "bi-title-baselinetopscore" : 0.0 , "name" : "default-best" , "score" : "0.09958884144935852" }
