{ "bi-content-/nns" : 0.0822562821418999 , "bi-content-/np-part" : 0.1577464786398675 , "bi-content-baselinetopscore" : 0.0 , "bi-title-/nns" : 0.19487974172221567 , "bi-title-/np-part" : 0.24487502056679758 , "bi-title-baselinetopscore" : 0.3202424769292195 , "name" : "default-best" , "score" : "0.23696402956860071" }
