{ "bi-content-/nns" : 0.22743136590787075 , "bi-content-/np-part" : 0.13036563085549685 , "bi-content-baselinetopscore" : 0.0 , "bi-title-/nns" : 0.22846292183988148 , "bi-title-/np-part" : 0.2757970707297576 , "bi-title-baselinetopscore" : 0.13794301066699333 , "name" : "default-best" , "score" : "0.17687968606438564" }
