{ "bi-content-/nns" : 0.40302853852053466 , "bi-content-/np-part" : 0.3277167282976174 , "bi-content-baselinetopscore" : 0.213210834399016 , "bi-title-/nns" : 0.0686770071282721 , "bi-title-/np-part" : -0.16412326176637726 , "bi-title-baselinetopscore" : 0.1514901534209371 , "name" : "default-best" , "score" : "0.09505867542886114" }
