{ "bi-content-/nns" : 0.33540354306871306 , "bi-content-/np-part" : 0.0 , "bi-content-baselinetopscore" : 0.0 , "bi-title-/nns" : 0.20097814144894705 , "bi-title-/np-part" : 0.15361739503274904 , "bi-title-baselinetopscore" : 0.3100009204495909 , "name" : "default-best" , "score" : "0.2581661018018639" }
