{ "name" : "default-best-best" , "od-/const" : 0.0 , "od-/google-ngrams-word-invcount" : 0.0 , "od-bigramcfratioimp" : 0.12863873066474799 , "score" : "0.12875933130298012" , "uni-/const" : 0.28833175771756175 , "uni-/dep-leaf" : 0.18597636651985247 , "uni-/google-ngrams-word-invcount" : 0.23585445617866233 , "uww-/const" : 0.12891187648485564 , "uww-/google-ngrams-word-invcount" : 0.01401685931501753 , "uww-bigramcfratioimp" : 0.01826995311930219 }
