{ "name" : "default-best-best" , "od-/const" : 0.14321465743734832 , "od-/google-ngrams-word-invcount" : 0.0 , "od-bigramcfratioimp" : 0.006851050782056648 , "score" : "0.14202385948444288" , "uni-/const" : 0.3956547012036229 , "uni-/dep-leaf" : 0.030377777929559657 , "uni-/google-ngrams-word-invcount" : 0.2986051302408184 , "uww-/const" : 0.10075898886005044 , "uww-/google-ngrams-word-invcount" : 0.02453769354654373 , "uww-bigramcfratioimp" : 0.0 }
