{ "name" : "default-best-best" , "od-/const" : 0.07226406127534256 , "od-/google-ngrams-word-invcount" : 0.10721107799190227 , "od-bigramcfratioimp" : 0.0 , "score" : "0.12518692921470742" , "uni-/const" : 0.44383774101472073 , "uni-/dep-leaf" : 0.0 , "uni-/google-ngrams-word-invcount" : 0.206068513264635 , "uww-/const" : 0.04343173247708586 , "uww-/google-ngrams-word-invcount" : 0.08298922987651042 , "uww-bigramcfratioimp" : 0.044197644099803264 }
