{ "name" : "default-best-best" , "od-/const" : 0.0 , "od-/google-ngrams-word-invcount" : 0.10484972541508228 , "od-bigramcfratioimp" : 0.046727489265127875 , "score" : "0.13419372685658248" , "uni-/const" : 0.28643131704484015 , "uni-/dep-leaf" : 0.0592078562363762 , "uni-/google-ngrams-word-invcount" : 0.2921720981427431 , "uww-/const" : 0.047183594736042035 , "uww-/google-ngrams-word-invcount" : 0.06088626681255153 , "uww-bigramcfratioimp" : 0.10254165234723686 }
