{ "name" : "default-best-best" , "od-/const" : 0.0 , "od-/google-ngrams-word-invcount" : 0.0 , "od-bigramcfratioimp" : 0.08962878246258053 , "score" : "0.13401694266488812" , "uni-/const" : 0.2784088172001694 , "uni-/dep-leaf" : 0.08887504095944307 , "uni-/google-ngrams-word-invcount" : 0.3242860418503536 , "uww-/const" : 0.055618821759255185 , "uww-/google-ngrams-word-invcount" : 0.028606193248002523 , "uww-bigramcfratioimp" : 0.13457630252019565 }
