{ "name" : "default-best-best" , "od-/const" : 0.17194190405575777 , "od-/google-ngrams-word-invcount" : 0.0 , "od-bigramcfratioimp" : 0.0 , "score" : "0.20103350505589154" , "uni-/const" : 0.27921499315253734 , "uni-/dep-leaf" : 0.0 , "uni-/google-ngrams-word-invcount" : 0.2321412523057883 , "uww-/const" : 0.17562930553643158 , "uww-/google-ngrams-word-invcount" : 0.12948444160106323 , "uww-bigramcfratioimp" : 0.011588103348421733 }
