{ "name" : "default-best-best" , "od-/const" : 0.0 , "od-/google-ngrams-word-invcount" : 0.2737211551950248 , "od-bigramcfratioimp" : 0.0 , "score" : "0.23913385246161312" , "uni-/const" : 0.22253596625364253 , "uni-/dep-leaf" : 0.047619047619047616 , "uni-/google-ngrams-word-invcount" : 0.276620357267232 , "uww-/const" : 0.07797709755508825 , "uww-/google-ngrams-word-invcount" : 0.0 , "uww-bigramcfratioimp" : 0.10152637610996475 }
