{ "name" : "default-best-best" , "od-/const" : 0.09392103831876511 , "od-/google-ngrams-word-invcount" : 0.0 , "od-bigramcfratioimp" : 0.0 , "score" : "0.2217299381310789" , "uni-/const" : 0.24455732177155348 , "uni-/dep-leaf" : 0.0 , "uni-/google-ngrams-word-invcount" : 0.37325100784999093 , "uww-/const" : 0.1612949353487067 , "uww-/google-ngrams-word-invcount" : 0.12697569671098383 , "uww-bigramcfratioimp" : 0.0 }
