{ "name" : "default-best-best" , "od-/const" : 0.0 , "od-/google-ngrams-word-invcount" : 0.16450977526788746 , "od-bigramcfratioimp" : 0.027631407066250547 , "score" : "0.2050616501757555" , "uni-/const" : 0.22946116498926175 , "uni-/dep-leaf" : 0.06852078080043955 , "uni-/google-ngrams-word-invcount" : 0.1810964943590481 , "uww-/const" : 0.23732589689482175 , "uww-/google-ngrams-word-invcount" : 0.0 , "uww-bigramcfratioimp" : 0.09145448062229082 }
