{ "name" : "default-best-best" , "od-/const" : 0.08744475450556942 , "od-/google-ngrams-word-invcount" : 0.023961377182827297 , "od-bigramcfratioimp" : 0.0 , "score" : "0.21605960641575006" , "uni-/const" : 0.3504209219677842 , "uni-/dep-leaf" : 0.0 , "uni-/google-ngrams-word-invcount" : 0.33344300306968916 , "uww-/const" : 0.20472994327412988 , "uww-/google-ngrams-word-invcount" : 0.0 , "uww-bigramcfratioimp" : 0.0 }
