{ "name" : "default-best-best" , "od-/const" : 0.22082101051465708 , "od-/google-ngrams-word-invcount" : 0.12500991678999554 , "od-bigramcfratioimp" : 0.1443339073207746 , "score" : "0.2026227557744418" , "uni-/const" : 0.21952669863247018 , "uni-/dep-leaf" : 0.0 , "uni-/google-ngrams-word-invcount" : 0.006452878282814939 , "uww-/const" : 0.1598878749978252 , "uww-/google-ngrams-word-invcount" : 0.07002885481047533 , "uww-bigramcfratioimp" : 0.05393885865098696 }
