{ "name" : "default-best-best" , "od-/const" : 0.20943592513807774 , "od-/google-ngrams-word-invcount" : 0.05964188716272855 , "od-bigramcfratioimp" : 0.06007667239655873 , "score" : "0.25205835135780674" , "uni-/const" : 0.19699870891896837 , "uni-/dep-leaf" : 0.0 , "uni-/google-ngrams-word-invcount" : 0.30219800594061036 , "uww-/const" : 0.053826584419559856 , "uww-/google-ngrams-word-invcount" : 0.11782221602349628 , "uww-bigramcfratioimp" : 0.0 }
