{ "name" : "default-best-best" , "od-/const" : 0.0 , "od-/google-ngrams-word-invcount" : 0.2451553389692376 , "od-bigramcfratioimp" : 0.24160612849321797 , "score" : "0.21114399093111516" , "uni-/const" : 0.30008083557073056 , "uni-/dep-leaf" : 0.0 , "uni-/google-ngrams-word-invcount" : 0.05121797621330609 , "uww-/const" : 0.08294541146676787 , "uww-/google-ngrams-word-invcount" : 0.0 , "uww-bigramcfratioimp" : 0.0789943092867399 }
