{ "name" : "default-best-best" , "od-/const" : 0.05983109032345697 , "od-/google-ngrams-word-invcount" : 0.1805243915561687 , "od-bigramcfratioimp" : 0.03475601962581261 , "score" : "0.22709386324876066" , "uni-/const" : 0.3286564128228216 , "uni-/dep-leaf" : 0.015533076092492631 , "uni-/google-ngrams-word-invcount" : 0.11037693340238283 , "uww-/const" : 0.1362596499087237 , "uww-/google-ngrams-word-invcount" : 0.0 , "uww-bigramcfratioimp" : 0.13406242626814088 }
