{ "name" : "default-best-best" , "od-/const" : 0.126328329030701 , "od-/google-ngrams-word-invcount" : 0.06976446440877922 , "od-bigramcfratioimp" : 0.12390988797016764 , "score" : "0.25364960330604636" , "uni-/const" : 0.18303395772435685 , "uni-/dep-leaf" : 0.0 , "uni-/google-ngrams-word-invcount" : 0.126328329030701 , "uww-/const" : 0.18033368969132557 , "uww-/google-ngrams-word-invcount" : 0.11770868450409347 , "uww-bigramcfratioimp" : 0.0725926576398753 }
