{ "name" : "default-best-best" , "od-/const" : 0.0 , "od-/google-ngrams-word-invcount" : 0.2613347727389515 , "od-bigramcfratioimp" : 0.0 , "score" : "0.38616200004721263" , "uni-/const" : 0.2401952453430868 , "uni-/dep-leaf" : 0.0 , "uni-/google-ngrams-word-invcount" : 0.05682421785601926 , "uww-/const" : 0.11182969951915583 , "uww-/google-ngrams-word-invcount" : 0.1322163354428907 , "uww-bigramcfratioimp" : 0.19759972909989595 }
