{ "name" : "default-best-best" , "od-/const" : 0.0 , "od-/google-ngrams-word-invcount" : 0.17534329728159118 , "od-bigramcfratioimp" : 0.11601535753033873 , "score" : "0.4254786984178741" , "uni-/const" : 0.30908886150623244 , "uni-/dep-leaf" : 0.0 , "uni-/google-ngrams-word-invcount" : 0.04268669279685221 , "uww-/const" : 0.1555244469496926 , "uww-/google-ngrams-word-invcount" : 0.20134134393529268 , "uww-bigramcfratioimp" : 0.0 }
