{ "name" : "default-best-best" , "od-/const" : 0.0 , "od-/google-ngrams-word-invcount" : 0.253641706831431 , "od-bigramcfratioimp" : 0.0 , "score" : "0.3933385514810834" , "uni-/const" : 0.29236116708692134 , "uni-/dep-leaf" : 0.04878748210163257 , "uni-/google-ngrams-word-invcount" : 0.15289677549907987 , "uww-/const" : 0.05856403652181796 , "uww-/google-ngrams-word-invcount" : 0.15171482849599066 , "uww-bigramcfratioimp" : 0.04203400346312665 }
