{ "name" : "default-best-best" , "od-/const" : 0.028183387172669196 , "od-/google-ngrams-word-invcount" : 0.0188462551123575 , "od-bigramcfratioimp" : 0.018686498209526795 , "score" : "0.40791801954099716" , "uni-/const" : 0.2122143951282027 , "uni-/dep-leaf" : 0.04859861939811271 , "uni-/google-ngrams-word-invcount" : 0.2630110838651946 , "uww-/const" : 0.19746963679737659 , "uww-/google-ngrams-word-invcount" : 0.1582978865381821 , "uww-bigramcfratioimp" : 0.054692237778377735 }
