{ "name" : "default-best-best" , "od-/const" : 0.0 , "od-/google-ngrams-word-invcount" : 0.053028297728315514 , "od-bigramcfratioimp" : 0.03843991970072128 , "score" : "0.42000274828910084" , "uni-/const" : 0.22019221544341558 , "uni-/dep-leaf" : 0.06768444722856733 , "uni-/google-ngrams-word-invcount" : 0.26587120589396385 , "uww-/const" : 0.06909174326121204 , "uww-/google-ngrams-word-invcount" : 0.23612068568874006 , "uww-bigramcfratioimp" : 0.04957148505506425 }
