{ "name" : "default-best" , "score" : "0.11017910337999644" , "uni-attributes-/nnp" : 0.2361541061340971 , "uni-attributes-baselinetopscore" : 0.14764685592802942 , "uni-attributes-fieldlikelihood" : 0.15709787758639523 , "uni-categories-/nnp" : 0.0 , "uni-categories-baselinetopscore" : 0.10774711052843931 , "uni-categories-fieldlikelihood" : 0.1635977071227991 , "uni-names-/nnp" : 0.0797157238891938 , "uni-names-baselinetopscore" : 0.0 , "uni-names-fieldlikelihood" : 0.023946887877814068 , "uni-outgoingentitynames-/nnp" : 0.026934410618614155 , "uni-outgoingentitynames-baselinetopscore" : 0.0 , "uni-outgoingentitynames-fieldlikelihood" : 0.02027646584509231 , "uni-similarentitynames-/nnp" : 0.0 , "uni-similarentitynames-baselinetopscore" : 0.0 , "uni-similarentitynames-fieldlikelihood" : 0.03688285446952554 }
