{ "name" : "default-best" , "score" : "0.11450160090231201" , "uni-attributes-/nnp" : 0.22307358670995345 , "uni-attributes-baselinetopscore" : 0.16962408453891598 , "uni-attributes-fieldlikelihood" : 0.15419214503713854 , "uni-categories-/nnp" : 0.0 , "uni-categories-baselinetopscore" : 0.08496190038566305 , "uni-categories-fieldlikelihood" : 0.12090844371330027 , "uni-names-/nnp" : 0.0 , "uni-names-baselinetopscore" : 0.0744940792021792 , "uni-names-fieldlikelihood" : 0.07757725501904632 , "uni-outgoingentitynames-/nnp" : 0.0 , "uni-outgoingentitynames-baselinetopscore" : 0.0 , "uni-outgoingentitynames-fieldlikelihood" : 0.024622216532120923 , "uni-similarentitynames-/nnp" : 0.0 , "uni-similarentitynames-baselinetopscore" : 0.0 , "uni-similarentitynames-fieldlikelihood" : 0.07054628886168231 }
