{ "name" : "default-best" , "score" : "0.12037692264404558" , "uni-attributes-/nnp" : 0.2907599445278332 , "uni-attributes-baselinetopscore" : 0.1348988109871671 , "uni-attributes-fieldlikelihood" : 0.1438509708009173 , "uni-categories-/nnp" : 0.04636886213867816 , "uni-categories-baselinetopscore" : 0.1411698445760894 , "uni-categories-fieldlikelihood" : 0.046207772948182804 , "uni-names-/nnp" : 0.032479403873384875 , "uni-names-baselinetopscore" : 0.0 , "uni-names-fieldlikelihood" : 0.0 , "uni-outgoingentitynames-/nnp" : 0.044521612082775316 , "uni-outgoingentitynames-baselinetopscore" : 0.0 , "uni-outgoingentitynames-fieldlikelihood" : 0.0 , "uni-similarentitynames-/nnp" : 0.02509444422791916 , "uni-similarentitynames-baselinetopscore" : 0.0515393311873228 , "uni-similarentitynames-fieldlikelihood" : 0.043109002649729875 }
