{ "name" : "default-best" , "score" : "0.13044738798739827" , "uni-attributes-/nnp" : 0.3504948966785189 , "uni-attributes-baselinetopscore" : 0.09873207163044698 , "uni-attributes-fieldlikelihood" : 0.1479462369501377 , "uni-categories-/nnp" : 0.0 , "uni-categories-baselinetopscore" : 0.20963779022151854 , "uni-categories-fieldlikelihood" : 0.02664098355638518 , "uni-names-/nnp" : 0.06558964164048997 , "uni-names-baselinetopscore" : 0.0 , "uni-names-fieldlikelihood" : 0.0 , "uni-outgoingentitynames-/nnp" : 0.0051125748993514 , "uni-outgoingentitynames-baselinetopscore" : 0.0 , "uni-outgoingentitynames-fieldlikelihood" : 0.0 , "uni-similarentitynames-/nnp" : 0.0 , "uni-similarentitynames-baselinetopscore" : 0.05789602138643428 , "uni-similarentitynames-fieldlikelihood" : 0.03794978303671702 }
