{ "name" : "default-best" , "score" : "0.18796640616098487" , "uni-attributes-/nnp" : 0.05847759104558209 , "uni-attributes-baselinetopscore" : 0.045346372784395114 , "uni-attributes-fieldlikelihood" : 0.2256880378619634 , "uni-categories-/nnp" : 0.24897358982750897 , "uni-categories-baselinetopscore" : 0.11844426681290819 , "uni-categories-fieldlikelihood" : 0.19821787435839827 , "uni-names-/nnp" : 0.0 , "uni-names-baselinetopscore" : 0.02343481477895562 , "uni-names-fieldlikelihood" : 0.0 , "uni-outgoingentitynames-/nnp" : 0.04949161997059952 , "uni-outgoingentitynames-baselinetopscore" : 0.0 , "uni-outgoingentitynames-fieldlikelihood" : 0.0 , "uni-similarentitynames-/nnp" : 0.0 , "uni-similarentitynames-baselinetopscore" : 0.0 , "uni-similarentitynames-fieldlikelihood" : 0.03192583255968882 }
