{ "name" : "default-best" , "score" : "0.1802479591980024" , "uni-attributes-/nnp" : 0.0018952094091946765 , "uni-attributes-baselinetopscore" : 0.0 , "uni-attributes-fieldlikelihood" : 0.19626795368728128 , "uni-categories-/nnp" : 0.0 , "uni-categories-baselinetopscore" : 0.09300280759524744 , "uni-categories-fieldlikelihood" : 0.20546092649321587 , "uni-names-/nnp" : 0.0 , "uni-names-baselinetopscore" : 0.0 , "uni-names-fieldlikelihood" : 0.0 , "uni-outgoingentitynames-/nnp" : 0.17391872166895042 , "uni-outgoingentitynames-baselinetopscore" : 0.0673595044404235 , "uni-outgoingentitynames-fieldlikelihood" : 0.0951487700986384 , "uni-similarentitynames-/nnp" : 0.0 , "uni-similarentitynames-baselinetopscore" : 0.05711762160827069 , "uni-similarentitynames-fieldlikelihood" : 0.10982848499877775 }
