{ "name" : "default-best" , "score" : "0.19173955346368915" , "uni-attributes-/nnp" : 0.023062268771074174 , "uni-attributes-baselinetopscore" : 0.11737082472870063 , "uni-attributes-fieldlikelihood" : 0.14745283048147348 , "uni-categories-/nnp" : 0.048937879311347486 , "uni-categories-baselinetopscore" : 0.02909973299043857 , "uni-categories-fieldlikelihood" : 0.11943777347233395 , "uni-names-/nnp" : 0.0 , "uni-names-baselinetopscore" : 0.0 , "uni-names-fieldlikelihood" : 0.0 , "uni-outgoingentitynames-/nnp" : 0.19510846215384642 , "uni-outgoingentitynames-baselinetopscore" : 0.04956940301093197 , "uni-outgoingentitynames-fieldlikelihood" : 0.11371317815991475 , "uni-similarentitynames-/nnp" : 0.10789247098170092 , "uni-similarentitynames-baselinetopscore" : 0.04835517593823758 , "uni-similarentitynames-fieldlikelihood" : 0.0 }
