{ "name" : "default-best" , "score" : "0.16043246095294372" , "uni-attributes-/nnp" : 0.0 , "uni-attributes-baselinetopscore" : 0.15985956711167862 , "uni-attributes-fieldlikelihood" : 0.1197920181862098 , "uni-categories-/nnp" : 0.0 , "uni-categories-baselinetopscore" : 0.010039666146995162 , "uni-categories-fieldlikelihood" : 0.16847975269442692 , "uni-names-/nnp" : 0.0 , "uni-names-baselinetopscore" : 0.0 , "uni-names-fieldlikelihood" : 0.0 , "uni-outgoingentitynames-/nnp" : 0.21741618001733173 , "uni-outgoingentitynames-baselinetopscore" : 0.0727246672163557 , "uni-outgoingentitynames-fieldlikelihood" : 0.11111527271977792 , "uni-similarentitynames-/nnp" : 0.02873905110481191 , "uni-similarentitynames-baselinetopscore" : 0.05249207512592109 , "uni-similarentitynames-fieldlikelihood" : 0.059341749676491085 }
