{ "name" : "default-best" , "score" : "0.1935111190312553" , "uni-attributes-/nnp" : 0.0 , "uni-attributes-baselinetopscore" : 0.15262560456144098 , "uni-attributes-fieldlikelihood" : 0.16000282323063195 , "uni-categories-/nnp" : 0.043240821727964826 , "uni-categories-baselinetopscore" : 0.0 , "uni-categories-fieldlikelihood" : 0.24875579750602958 , "uni-names-/nnp" : 0.0 , "uni-names-baselinetopscore" : 0.0 , "uni-names-fieldlikelihood" : 0.0 , "uni-outgoingentitynames-/nnp" : 0.1527883704538528 , "uni-outgoingentitynames-baselinetopscore" : 0.08768201348909554 , "uni-outgoingentitynames-fieldlikelihood" : 0.03864067735220087 , "uni-similarentitynames-/nnp" : 0.02858187818968801 , "uni-similarentitynames-baselinetopscore" : 0.0 , "uni-similarentitynames-fieldlikelihood" : 0.08768201348909554 }
