{ "name" : "default-best" , "score" : "0.3545145829328104" , "uni-attributes-/nnp" : 0.0 , "uni-attributes-baselinetopscore" : 0.1729838033253481 , "uni-attributes-fieldlikelihood" : 0.1209193020883352 , "uni-categories-/nnp" : 0.09527806319800865 , "uni-categories-baselinetopscore" : 0.0 , "uni-categories-fieldlikelihood" : 0.05885511632783881 , "uni-names-/nnp" : 0.047691219565071816 , "uni-names-baselinetopscore" : 0.03945267545751521 , "uni-names-fieldlikelihood" : 0.11346878326367604 , "uni-outgoingentitynames-/nnp" : 0.0 , "uni-outgoingentitynames-baselinetopscore" : 0.0 , "uni-outgoingentitynames-fieldlikelihood" : 0.018780733910944283 , "uni-similarentitynames-/nnp" : 0.14328270410650354 , "uni-similarentitynames-baselinetopscore" : 0.14938208913141818 , "uni-similarentitynames-fieldlikelihood" : 0.03990550962534024 }
