{ "name" : "default-best" , "score" : "0.3362246956914427" , "uni-attributes-/nnp" : 0.0 , "uni-attributes-baselinetopscore" : 0.16083576138698785 , "uni-attributes-fieldlikelihood" : 0.15767807515062415 , "uni-categories-/nnp" : 0.08874113321037558 , "uni-categories-baselinetopscore" : 0.01710423291451647 , "uni-categories-fieldlikelihood" : 0.03370848297783185 , "uni-names-/nnp" : 0.016492760862817545 , "uni-names-baselinetopscore" : 0.06393914299982983 , "uni-names-fieldlikelihood" : 0.11209502991545953 , "uni-outgoingentitynames-/nnp" : 0.0 , "uni-outgoingentitynames-baselinetopscore" : 0.01935728454874625 , "uni-outgoingentitynames-fieldlikelihood" : 0.0 , "uni-similarentitynames-/nnp" : 0.2114639058079224 , "uni-similarentitynames-baselinetopscore" : 0.11858419022488861 , "uni-similarentitynames-fieldlikelihood" : 0.0 }
