{ "name" : "default-best" , "score" : "0.33795264463466296" , "uni-attributes-/nnp" : 0.023745515073135125 , "uni-attributes-baselinetopscore" : 0.16378571898312766 , "uni-attributes-fieldlikelihood" : 0.093572556525011 , "uni-categories-/nnp" : 0.079802370007191 , "uni-categories-baselinetopscore" : 0.0 , "uni-categories-fieldlikelihood" : 0.04150383340697913 , "uni-names-/nnp" : 0.011773002977648647 , "uni-names-baselinetopscore" : 0.14887731152163208 , "uni-names-fieldlikelihood" : 0.07652247505346384 , "uni-outgoingentitynames-/nnp" : 0.0 , "uni-outgoingentitynames-baselinetopscore" : 0.0 , "uni-outgoingentitynames-fieldlikelihood" : 0.0490725667699113 , "uni-similarentitynames-/nnp" : 0.17835530416624473 , "uni-similarentitynames-baselinetopscore" : 0.07495198866407936 , "uni-similarentitynames-fieldlikelihood" : 0.058037356851576044 }
