{ "name" : "default-best" , "score" : "0.33913175642462967" , "uni-attributes-/nnp" : 0.09923549173907151 , "uni-attributes-baselinetopscore" : 0.16546131237105394 , "uni-attributes-fieldlikelihood" : 0.0 , "uni-categories-/nnp" : 0.1263827659837854 , "uni-categories-baselinetopscore" : 0.04816832962126981 , "uni-categories-fieldlikelihood" : 0.0 , "uni-names-/nnp" : 0.19069228750364417 , "uni-names-baselinetopscore" : 0.08044443233057193 , "uni-names-fieldlikelihood" : 0.0 , "uni-outgoingentitynames-/nnp" : 0.0 , "uni-outgoingentitynames-baselinetopscore" : 0.0070198048992655485 , "uni-outgoingentitynames-fieldlikelihood" : 0.0 , "uni-similarentitynames-/nnp" : 0.16949040227344883 , "uni-similarentitynames-baselinetopscore" : 0.02073741760073954 , "uni-similarentitynames-fieldlikelihood" : 0.0923677556771493 }
