{ "name" : "default-best" , "score" : "0.37073218112992773" , "uni-attributes-/nnp" : 0.0 , "uni-attributes-baselinetopscore" : 0.11023504191599183 , "uni-attributes-fieldlikelihood" : 0.19730891546029128 , "uni-categories-/nnp" : 0.0921470369703037 , "uni-categories-baselinetopscore" : 0.0 , "uni-categories-fieldlikelihood" : 0.06421016997464457 , "uni-names-/nnp" : 0.0040092296908997805 , "uni-names-baselinetopscore" : 0.1375577318322609 , "uni-names-fieldlikelihood" : 0.02871118176328897 , "uni-outgoingentitynames-/nnp" : 0.0 , "uni-outgoingentitynames-baselinetopscore" : 0.0 , "uni-outgoingentitynames-fieldlikelihood" : 0.01268184248197015 , "uni-similarentitynames-/nnp" : 0.1627617196899559 , "uni-similarentitynames-baselinetopscore" : 0.10731332559925676 , "uni-similarentitynames-fieldlikelihood" : 0.08306380462113633 }
