{ "name" : "default-best" , "score" : "0.14591663136587352" , "uni-attributes-/nnp" : 0.2912358517828268 , "uni-attributes-/nns" : 0.15785766660010167 , "uni-attributes-fieldlikelihood" : 0.14568302834389082 , "uni-categories-/nnp" : -0.04263201484907878 , "uni-categories-/nns" : 0.10829806185950476 , "uni-categories-fieldlikelihood" : 0.10806600100058326 , "uni-incomingentitynames-/nnp" : 0.2446372306038582 , "uni-incomingentitynames-/nns" : 0.07154628537533207 , "uni-incomingentitynames-fieldlikelihood" : 0.0066319076562925535 , "uni-names-/nnp" : -0.041394742673816494 , "uni-names-/nns" : 0.03106007882461054 , "uni-names-fieldlikelihood" : 0.0 , "uni-outgoingentitynames-/nnp" : -0.012382517990694559 , "uni-outgoingentitynames-/nns" : 0.0 , "uni-outgoingentitynames-fieldlikelihood" : 0.00649280112708204 , "uni-similarentitynames-/nnp" : -0.08920311322289293 , "uni-similarentitynames-/nns" : -0.048031937248883175 , "uni-similarentitynames-fieldlikelihood" : 0.06213541281128334 }
