{ "name" : "default-best" , "score" : "0.35691768138463575" , "uni-attributes-/nnp" : 0.0 , "uni-attributes-/nns" : 0.03124640372185001 , "uni-attributes-fieldlikelihood" : 0.1821436262118194 , "uni-categories-/nnp" : 0.10230007792660153 , "uni-categories-/nns" : 0.0 , "uni-categories-fieldlikelihood" : 0.038209708743378194 , "uni-incomingentitynames-/nnp" : 0.16044477067259955 , "uni-incomingentitynames-/nns" : 0.0 , "uni-incomingentitynames-fieldlikelihood" : 0.042645572577285795 , "uni-names-/nnp" : 0.061645968827737145 , "uni-names-/nns" : -0.10536150821501057 , "uni-names-fieldlikelihood" : 0.10063611403127472 , "uni-outgoingentitynames-/nnp" : 0.0 , "uni-outgoingentitynames-/nns" : 0.09758584703220911 , "uni-outgoingentitynames-fieldlikelihood" : 0.0 , "uni-similarentitynames-/nnp" : 0.04207651096101926 , "uni-similarentitynames-/nns" : 0.1545992958728635 , "uni-similarentitynames-fieldlikelihood" : 0.09182761163637261 }
