{ "name" : "default-best-best" , "od-/const" : 0.24922114329342046 , "score" : "0.12311442226589471" , "uni-/const" : 0.5973495206379262 , "uni-/jjs" : 0.04761904761904763 , "uww-/const" : 0.10581028844960581 }
