{ "name" : "default-best-best" , "od-/const" : 0.06259233332862321 , "score" : "0.12028698465785644" , "uni-/const" : 0.552930976621896 , "uni-/jjs" : 0.3469747877192411 , "uww-/const" : 0.037501902330239506 }
