{ "name" : "default-best-best" , "od-/const" : 0.08916190658484707 , "score" : "0.12873898728323993" , "uni-/const" : 0.6921415193854109 , "uni-/jjs" : 0.13471454370635105 , "uww-/const" : 0.08398203032339092 }
