{ "name" : "default-best-best" , "od-/const" : 0.10447956387313857 , "score" : "0.13367646059990465" , "uni-/const" : 0.5600278381733704 , "uni-/jjs" : 0.18638986808214805 , "uww-/const" : 0.14910272987134288 }
