{ "name" : "default-best-best" , "od-/const" : 0.07374322572943848 , "score" : "0.1238461392559056" , "uni-/const" : 0.655402203157058 , "uni-/jjs" : 0.04548333513733086 , "uww-/const" : 0.22537123597617276 }
