{ "name" : "default-best-best" , "od-/const" : 0.08561737778476788 , "score" : "0.21871167890627352" , "uni-/const" : 0.3720410695093935 , "uni-/jjs" : 0.34192501694098054 , "uww-/const" : 0.20041653576485807 }
