{ "name" : "default-best-best" , "od-/const" : 0.11358837072375569 , "score" : "0.20669034396341246" , "uni-/const" : 0.792467932234882 , "uni-/jjs" : 0.035330247261494564 , "uww-/const" : 0.05861344977986772 }
