{ "name" : "default-best-best" , "od-/const" : 0.0707160920966073 , "score" : "0.214902465015016" , "uni-/const" : 0.47067345682509293 , "uni-/jjs" : 0.2637340532610118 , "uww-/const" : 0.19487639781728783 }
