{ "name" : "default-best-best" , "od-/const" : 0.2770051299648241 , "score" : "0.2062658214679287" , "uni-/const" : 0.4935065097859138 , "uni-/jjs" : 0.03164746327035723 , "uww-/const" : 0.19784089697890472 }
