{ "name" : "default-best-best" , "od-/const" : 0.27034039462210246 , "score" : "0.23636433769542955" , "uni-/const" : 0.6039306264766209 , "uni-/jjs" : 0.07478783941910079 , "uww-/const" : 0.05094113948217606 }
