{ "name" : "default-best-best" , "od-/const" : 0.36998343797246014 , "score" : "0.21049740051558924" , "uni-/const" : 0.42770736023781963 , "uni-/jjs" : 0.02234121478085091 , "uww-/const" : 0.17996798700886935 }
