{ "name" : "default-best-best" , "od-/const" : 0.2647713197250998 , "score" : "0.2197740473783824" , "uni-/const" : 0.26768719667509255 , "uni-/jjs" : 0.20907039661984436 , "uww-/const" : 0.25847108697996324 }
