{ "name" : "default-best-best" , "od-/const" : 0.2654963420930284 , "score" : "0.25558747123052344" , "uni-/const" : 0.46730853401430666 , "uni-/jjs" : 3.5983562897698917E-4 , "uww-/const" : 0.2668352882636879 }
