{ "name" : "default-best-best" , "od-/const" : 0.4800543469096911 , "score" : "0.250439865196889" , "uni-/const" : 0.4090117237069442 , "uni-/jjs" : -0.10803324099722994 , "uww-/const" : 0.2189671703805948 }
