{ "name" : "default-best-best" , "od-/const" : 0.3862511161862561 , "score" : "0.20677584151862405" , "uni-/const" : 0.3864053536173218 , "uni-/jjs" : 0.03203064179799598 , "uww-/const" : 0.19531288839842612 }
