{ "name" : "default-best-best" , "od-/const" : 0.17002885283772085 , "score" : "0.38717915786497226" , "uni-/const" : 0.43944855357106505 , "uni-/jjs" : 0.3377210883950554 , "uww-/const" : 0.05280150519615874 }
