{ "name" : "default-best-best" , "od-/const" : 0.15134570367706274 , "score" : "0.38501060078071475" , "uni-/const" : 0.2513169760296121 , "uni-/jjs" : 0.36929294515693417 , "uww-/const" : 0.22804437513639111 }
