{ "name" : "default-best-best" , "od-/const" : 0.10539231220706698 , "score" : "0.4071493243670042" , "uni-/const" : 0.47532174641296493 , "uni-/jjs" : 0.22236873061411738 , "uww-/const" : 0.19691721076585078 }
