{ "name" : "default-best-best" , "od-/const" : 0.09623111105539302 , "score" : "0.4253999090515418" , "uni-/const" : 0.33481305434265485 , "uni-/jjs" : 0.34010401006813507 , "uww-/const" : 0.22885182453381714 }
