{ "name" : "default-best-best" , "od-/const" : 0.05591332036082883 , "score" : "0.4156259451008318" , "uni-/const" : 0.37577282447661675 , "uni-/jjs" : 0.23958439221544137 , "uww-/const" : 0.328729462947113 }
