{ "name" : "default-best" , "score" : "0.12749751792664327" , "uni-attributes-/nnp" : 0.21003512442958444 , "uni-attributes-/nns" : 0.14555744806490492 , "uni-attributes-baselinetopscore" : 0.08013268939713046 , "uni-attributes-fieldlikelihood" : 0.0994882658250691 , "uni-categories-/nnp" : 0.0 , "uni-categories-/nns" : 0.16648331557486504 , "uni-categories-baselinetopscore" : 0.08470090866118449 , "uni-categories-fieldlikelihood" : 0.09202011907404144 , "uni-names-/nnp" : 0.025970449656908617 , "uni-names-/nns" : 0.04057426746798393 , "uni-names-baselinetopscore" : 0.0 , "uni-names-fieldlikelihood" : 0.0 , "uni-outgoingentitynames-/nnp" : 0.0 , "uni-outgoingentitynames-/nns" : 0.0 , "uni-outgoingentitynames-baselinetopscore" : 0.0 , "uni-outgoingentitynames-fieldlikelihood" : 0.0 , "uni-similarentitynames-/nnp" : 0.0 , "uni-similarentitynames-/nns" : 0.0 , "uni-similarentitynames-baselinetopscore" : 0.03740990464291994 , "uni-similarentitynames-fieldlikelihood" : 0.017627507205407622 }
