{ "name" : "default-best" , "score" : "0.11561142068272859" , "uni-attributes-/nnp" : 0.1707028273919364 , "uni-attributes-/nns" : 0.047429278647660986 , "uni-attributes-baselinetopscore" : 0.10778322607990548 , "uni-attributes-fieldlikelihood" : 0.19614798131188768 , "uni-categories-/nnp" : 0.0 , "uni-categories-/nns" : 0.1418739217302351 , "uni-categories-baselinetopscore" : 0.09488116673529608 , "uni-categories-fieldlikelihood" : 0.0370200786507206 , "uni-names-/nnp" : 0.0 , "uni-names-/nns" : 0.0 , "uni-names-baselinetopscore" : 0.08405843252148053 , "uni-names-fieldlikelihood" : 0.0 , "uni-outgoingentitynames-/nnp" : 0.0 , "uni-outgoingentitynames-/nns" : 0.0 , "uni-outgoingentitynames-baselinetopscore" : 0.0 , "uni-outgoingentitynames-fieldlikelihood" : 0.02299807703936152 , "uni-similarentitynames-/nnp" : 0.051208308566622965 , "uni-similarentitynames-/nns" : 0.0 , "uni-similarentitynames-baselinetopscore" : 0.045896701324892486 , "uni-similarentitynames-fieldlikelihood" : 0.0 }
