{ "name" : "default-best" , "score" : "0.20757849071099146" , "uni-attributes-/nnp" : 0.11243215939303948 , "uni-attributes-/nns" : 0.004955490816225339 , "uni-attributes-baselinetopscore" : 0.07173592135632798 , "uni-attributes-fieldlikelihood" : 0.08491928416524805 , "uni-categories-/nnp" : 0.1939107440180503 , "uni-categories-/nns" : 0.23544973564129892 , "uni-categories-baselinetopscore" : 0.13328472557898483 , "uni-categories-fieldlikelihood" : 0.062381722630705225 , "uni-names-/nnp" : 0.0 , "uni-names-/nns" : 0.0 , "uni-names-baselinetopscore" : 0.01258280824090463 , "uni-names-fieldlikelihood" : 0.0 , "uni-outgoingentitynames-/nnp" : 0.03551484983889232 , "uni-outgoingentitynames-/nns" : 0.0 , "uni-outgoingentitynames-baselinetopscore" : 0.0 , "uni-outgoingentitynames-fieldlikelihood" : 0.0 , "uni-similarentitynames-/nnp" : 0.0 , "uni-similarentitynames-/nns" : 0.05283255832032292 , "uni-similarentitynames-baselinetopscore" : 0.0 , "uni-similarentitynames-fieldlikelihood" : 0.0 }
