{ "name" : "default-best" , "score" : "0.18770813300054603" , "uni-attributes-/nnp" : 0.020899778326634897 , "uni-attributes-/nns" : 0.18104812927564515 , "uni-attributes-baselinetopscore" : 0.07618595790377722 , "uni-attributes-fieldlikelihood" : 0.07319405882347894 , "uni-categories-/nnp" : 0.0 , "uni-categories-/nns" : 0.1547034975697833 , "uni-categories-baselinetopscore" : 0.06704991408515981 , "uni-categories-fieldlikelihood" : 0.004707367193120302 , "uni-names-/nnp" : 0.0 , "uni-names-/nns" : 0.0 , "uni-names-baselinetopscore" : 0.0 , "uni-names-fieldlikelihood" : 0.0 , "uni-outgoingentitynames-/nnp" : 0.23858547966580046 , "uni-outgoingentitynames-/nns" : 0.1008515616798969 , "uni-outgoingentitynames-baselinetopscore" : 0.06563311138831751 , "uni-outgoingentitynames-fieldlikelihood" : 0.0 , "uni-similarentitynames-/nnp" : 0.009464521243261153 , "uni-similarentitynames-/nns" : 0.0 , "uni-similarentitynames-baselinetopscore" : 0.007676622845124233 , "uni-similarentitynames-fieldlikelihood" : 0.0 }
