{ "name" : "default-best" , "score" : "0.20430118025370644" , "uni-attributes-/nnp" : 0.0 , "uni-attributes-/nns" : 0.11645148829638181 , "uni-attributes-baselinetopscore" : 0.0 , "uni-attributes-fieldlikelihood" : 0.10493416932839959 , "uni-categories-/nnp" : 0.023498141248930623 , "uni-categories-/nns" : 0.21123885756791197 , "uni-categories-baselinetopscore" : 0.03896528258090542 , "uni-categories-fieldlikelihood" : 0.0 , "uni-names-/nnp" : 0.0 , "uni-names-/nns" : 0.0 , "uni-names-baselinetopscore" : 0.0 , "uni-names-fieldlikelihood" : 0.0 , "uni-outgoingentitynames-/nnp" : 0.165763571411621 , "uni-outgoingentitynames-/nns" : 0.022859379252712704 , "uni-outgoingentitynames-baselinetopscore" : 0.09289829780009826 , "uni-outgoingentitynames-fieldlikelihood" : 0.05659055598875111 , "uni-similarentitynames-/nnp" : 0.07902932634769648 , "uni-similarentitynames-/nns" : 0.0 , "uni-similarentitynames-baselinetopscore" : 0.03174847402310208 , "uni-similarentitynames-fieldlikelihood" : 0.05602245615348896 }
