{ "name" : "default-best" , "score" : "0.17290461387287864" , "uni-attributes-/nnp" : 0.0018192876688685599 , "uni-attributes-/nns" : 0.201180349819778 , "uni-attributes-baselinetopscore" : 0.08173470965396563 , "uni-attributes-fieldlikelihood" : 0.028703897892347632 , "uni-categories-/nnp" : 0.0 , "uni-categories-/nns" : 0.24945278031731635 , "uni-categories-baselinetopscore" : 0.006224707695623556 , "uni-categories-fieldlikelihood" : 0.02466940581052751 , "uni-names-/nnp" : 0.0 , "uni-names-/nns" : 0.0 , "uni-names-baselinetopscore" : 0.0 , "uni-names-fieldlikelihood" : 0.0 , "uni-outgoingentitynames-/nnp" : 0.06376715903932254 , "uni-outgoingentitynames-/nns" : 0.09051856873917102 , "uni-outgoingentitynames-baselinetopscore" : 0.012167079062191782 , "uni-outgoingentitynames-fieldlikelihood" : 0.14686473677306358 , "uni-similarentitynames-/nnp" : 0.0014145067372649176 , "uni-similarentitynames-/nns" : 0.03257750438299283 , "uni-similarentitynames-baselinetopscore" : 0.01725271048896861 , "uni-similarentitynames-fieldlikelihood" : 0.041652595918597456 }
