{ "name" : "default-best" , "score" : "0.34653019847943667" , "uni-attributes-/nnp" : 0.04055616314866589 , "uni-attributes-/nns" : 0.10230605858267494 , "uni-attributes-baselinetopscore" : 0.012340722675692913 , "uni-attributes-fieldlikelihood" : 0.17036721707925914 , "uni-categories-/nnp" : 0.08540270203936981 , "uni-categories-/nns" : 0.0454200647193871 , "uni-categories-baselinetopscore" : 0.0 , "uni-categories-fieldlikelihood" : 0.04958682328039158 , "uni-names-/nnp" : 0.0 , "uni-names-/nns" : 0.0662758500641901 , "uni-names-baselinetopscore" : 0.10751976341086988 , "uni-names-fieldlikelihood" : 0.022373732726406692 , "uni-outgoingentitynames-/nnp" : 0.0 , "uni-outgoingentitynames-/nns" : 0.04159763456720834 , "uni-outgoingentitynames-baselinetopscore" : 0.0 , "uni-outgoingentitynames-fieldlikelihood" : 0.0 , "uni-similarentitynames-/nnp" : 0.13400283536688803 , "uni-similarentitynames-/nns" : 0.016235777531353877 , "uni-similarentitynames-baselinetopscore" : 0.0 , "uni-similarentitynames-fieldlikelihood" : 0.10601465480764184 }
