{ "name" : "default-best" , "score" : "0.3442359613103653" , "uni-attributes-/nnp" : 0.03426296491385876 , "uni-attributes-/nns" : 0.049814915184674013 , "uni-attributes-baselinetopscore" : 0.03878182939445088 , "uni-attributes-fieldlikelihood" : 0.14369081320691446 , "uni-categories-/nnp" : 0.07218316644440577 , "uni-categories-/nns" : 0.05057851439338986 , "uni-categories-baselinetopscore" : 0.0 , "uni-categories-fieldlikelihood" : 0.03801746589990438 , "uni-names-/nnp" : 0.03822423811801839 , "uni-names-/nns" : 0.015367328573200435 , "uni-names-baselinetopscore" : 0.0 , "uni-names-fieldlikelihood" : 0.07537753748617623 , "uni-outgoingentitynames-/nnp" : 0.0 , "uni-outgoingentitynames-/nns" : 0.08181610849194176 , "uni-outgoingentitynames-baselinetopscore" : 0.0 , "uni-outgoingentitynames-fieldlikelihood" : 0.0 , "uni-similarentitynames-/nnp" : 0.15548177268946056 , "uni-similarentitynames-/nns" : 0.113434152547776 , "uni-similarentitynames-baselinetopscore" : 0.04708780132771171 , "uni-similarentitynames-fieldlikelihood" : 0.04588139132811679 }
