{ "name" : "default-best" , "score" : "0.3572257468410939" , "uni-attributes-/nnp" : 0.0 , "uni-attributes-/nns" : 0.12536240404719495 , "uni-attributes-baselinetopscore" : 0.07437162167364747 , "uni-attributes-fieldlikelihood" : 0.1208538852196771 , "uni-categories-/nnp" : 0.07437162167364747 , "uni-categories-/nns" : 0.0 , "uni-categories-baselinetopscore" : 0.0 , "uni-categories-fieldlikelihood" : 0.048684360781522815 , "uni-names-/nnp" : 0.0 , "uni-names-/nns" : 0.09874953751968023 , "uni-names-baselinetopscore" : 0.07437162167364747 , "uni-names-fieldlikelihood" : 0.07437162167364747 , "uni-outgoingentitynames-/nnp" : 0.0 , "uni-outgoingentitynames-/nns" : 0.07437162167364747 , "uni-outgoingentitynames-baselinetopscore" : 0.0 , "uni-outgoingentitynames-fieldlikelihood" : 0.0 , "uni-similarentitynames-/nnp" : 0.12293427155321654 , "uni-similarentitynames-/nns" : 0.0 , "uni-similarentitynames-baselinetopscore" : 0.037185810836823735 , "uni-similarentitynames-fieldlikelihood" : 0.07437162167364747 }
