{ "name" : "default-best-best" , "od-/const" : 0.024123906698705778 , "od-bigramcfratioimp" : 0.0731596508608156 , "score" : "0.13102646530131287" , "uni-/const" : 0.45979043091000593 , "uni-bigramcfratioimp" : 0.3743445193000871 , "uww-/const" : 0.011291423077729762 , "uww-bigramcfratioimp" : 0.0572900691526557 }
