{ "name" : "default-best-best" , "od-/const" : 0.03856919992514063 , "od-bigramcfratioimp" : 0.08557309585988672 , "score" : "0.1238716961557353" , "uni-/const" : 0.5855262789187744 , "uni-bigramcfratioimp" : 0.2102144202223201 , "uww-/const" : 0.029991691790670016 , "uww-bigramcfratioimp" : 0.05012531328320803 }
