{ "name" : "default-best-best" , "od-/const" : 0.20782715942692526 , "od-bigramcfratioimp" : 0.09943717871616058 , "score" : "0.21012676511348727" , "uni-/const" : 0.4112919856997481 , "uni-bigramcfratioimp" : 0.15523155421637166 , "uww-/const" : 0.12621212194079448 , "uww-bigramcfratioimp" : 0.0 }
