{ "name" : "default-best-best" , "od-/const" : 0.19873010866423804 , "od-bigramcfratioimp" : 0.04761904761904762 , "score" : "0.3846939138991431" , "uni-/const" : 0.25306231360718323 , "uni-bigramcfratioimp" : 0.010882454035147853 , "uww-/const" : 0.12923034580160594 , "uww-bigramcfratioimp" : 0.36047573027277735 }
