{ "name" : "default-best-best" , "od-/const" : 0.0 , "od-/google-ngrams-word-invcount" : 0.2204670688772248 , "score" : "0.1287304245903121" , "uni-/const" : 0.40573814399365193 , "uni-/google-ngrams-word-invcount" : 0.3196654647728249 , "uww-/const" : 0.05412932235629827 , "uww-/google-ngrams-word-invcount" : 0.0 }
