{ "name" : "default-best-best" , "od-/const" : 0.05262393886830969 , "od-/google-ngrams-word-invcount" : 0.17106437571656538 , "score" : "0.2412985403012432" , "uni-/const" : 0.3214584082683687 , "uni-/google-ngrams-word-invcount" : 0.32157459423823215 , "uww-/const" : 0.06625077366462487 , "uww-/google-ngrams-word-invcount" : 0.06702790924389933 }
