{ "name" : "default-best-best" , "od-/const" : 0.07257227075168707 , "od-/google-ngrams-word-invcount" : 0.19774919970192403 , "score" : "0.20674638137605666" , "uni-/const" : 0.3832662418273869 , "uni-/google-ngrams-word-invcount" : 0.16623230751488305 , "uww-/const" : 0.18017998020411907 , "uww-/google-ngrams-word-invcount" : 0.0 }
