{ "name" : "default-best-best" , "od-/const" : 0.024097697047940368 , "od-/google-ngrams-word-invcount" : 0.23759353692566157 , "score" : "0.4333642873469631" , "uni-/const" : 0.3861728821841971 , "uni-/google-ngrams-word-invcount" : 0.11575445764169295 , "uww-/const" : 0.23638142620050787 , "uww-/google-ngrams-word-invcount" : 0.0 }
