{ "name" : "default-best-best" , "od-/const" : 0.0 , "od-/google-ngrams-word-invcount" : 0.22099948451603446 , "score" : "0.3943984905960256" , "uni-/const" : 0.19238318880170638 , "uni-/google-ngrams-word-invcount" : 0.37555648037666134 , "uww-/const" : 0.08234257695614627 , "uww-/google-ngrams-word-invcount" : 0.12871826934945166 }
