{ "name" : "default-best-best" , "od-/const" : 0.15340962282217208 , "od-/google-ngrams-word-invcount" : 0.0 , "score" : "0.143910181547298" , "uni-/const" : 0.35627436188061834 , "uni-/google-ngrams-word-invcount" : 0.2656550764348291 , "uww-/const" : 0.22466093886238053 , "uww-/google-ngrams-word-invcount" : 0.0 }
