{ "name" : "default-best-best" , "od-/const" : 0.14807477559740168 , "od-/google-ngrams-word-invcount" : 0.011260346284301628 , "score" : "0.14717459747316014" , "uni-/const" : 0.3260849564811017 , "uni-/google-ngrams-word-invcount" : 0.3681461311880344 , "uww-/const" : 0.1464337904491606 , "uww-/google-ngrams-word-invcount" : 0.0 }
