{ "name" : "default-best-best" , "od-/const" : 0.20632639317554557 , "od-/google-ngrams-word-invcount" : 0.25545074023889347 , "score" : "0.2471812091831967" , "uni-/const" : 0.16924724898873728 , "uni-/google-ngrams-word-invcount" : 0.082320606961447 , "uww-/const" : 0.03434833496721613 , "uww-/google-ngrams-word-invcount" : 0.25230667566816073 }
