{ "name" : "default-best-best" , "od-/const" : 0.33762192551482 , "od-/google-ngrams-word-invcount" : 0.1321492315738494 , "score" : "0.19312645369038636" , "uni-/const" : 0.14391036003894891 , "uni-/google-ngrams-word-invcount" : 0.05648850074799923 , "uww-/const" : 0.256053796773829 , "uww-/google-ngrams-word-invcount" : 0.07377618535055364 }
