{ "name" : "default-best-best" , "od-/const" : 0.17068416364672218 , "od-/google-ngrams-word-invcount" : 0.14579635642246527 , "score" : "0.20107793337540605" , "uni-/const" : 0.08216707550451056 , "uni-/google-ngrams-word-invcount" : 0.3648615564966338 , "uww-/const" : 0.23649084792966824 , "uww-/google-ngrams-word-invcount" : 0.0 }
