{ "name" : "default-best-best" , "od-/const" : 0.08784939597677974 , "od-/google-ngrams-word-invcount" : 0.0 , "score" : "0.1409849682135545" , "uni-/const" : 0.3409707958796902 , "uni-/google-ngrams-word-invcount" : 0.3468535652770496 , "uww-/const" : 0.22432624286648045 , "uww-/google-ngrams-word-invcount" : 0.0 }
