{ "name" : "default-best-best" , "od-/const" : 0.25422129477213645 , "od-/google-ngrams-word-invcount" : 0.17535017424077468 , "score" : "0.18983761503416702" , "uni-/const" : 0.13930218984356693 , "uni-/google-ngrams-word-invcount" : 0.0 , "uww-/const" : 0.2863955908464181 , "uww-/google-ngrams-word-invcount" : 0.1447307502971038 }
