{ "name" : "default-best-best" , "od-/const" : 0.1824857310894549 , "od-/google-ngrams-word-invcount" : 0.0 , "score" : "0.1435536010092608" , "uni-/const" : 0.3157573641440927 , "uni-/google-ngrams-word-invcount" : 0.36108294724729506 , "uww-/const" : 0.1406739575191574 , "uww-/google-ngrams-word-invcount" : 0.0 }
