{ "name" : "default-best-best" , "od-/const" : 0.27195057405142314 , "od-/google-ngrams-word-invcount" : 0.09854928350526405 , "score" : "0.1915417678998177" , "uni-/const" : 0.23939067189148133 , "uni-/google-ngrams-word-invcount" : 0.21060430359760354 , "uww-/const" : 0.025775121161656 , "uww-/google-ngrams-word-invcount" : 0.15373004579257196 }
