{ "name" : "default-best-best" , "od-/const" : 0.17339425613634624 , "od-/google-ngrams-word-invcount" : 0.13714492396679787 , "score" : "0.2414690096839837" , "uni-/const" : 0.21517302624115978 , "uni-/google-ngrams-word-invcount" : 0.06250365539634987 , "uww-/const" : 0.15720787170715145 , "uww-/google-ngrams-word-invcount" : 0.25457626655219484 }
