{ "name" : "default-best-best" , "od-/const" : 0.1261134884898843 , "od-/google-ngrams-word-invcount" : 0.2831165330813026 , "score" : "0.21770736750411093" , "uni-/const" : 0.1842766518646369 , "uni-/google-ngrams-word-invcount" : 0.05244196555852575 , "uww-/const" : 0.0019854900822669076 , "uww-/google-ngrams-word-invcount" : 0.35206587092338354 }
