{ "name" : "default-best-best" , "od-/const" : 0.13304390230440008 , "od-/google-ngrams-word-invcount" : 0.027953670825151603 , "score" : "0.16198252619151557" , "uni-/const" : 0.49187021783965357 , "uni-/google-ngrams-word-invcount" : 0.2758343257503 , "uww-/const" : 0.028750927726445656 , "uww-/google-ngrams-word-invcount" : 0.04254695555404916 }
