{ "name" : "default-best-best" , "od-/const" : 0.24559005651294127 , "od-/google-ngrams-word-invcount" : 0.152906132758518 , "score" : "0.18404808628800723" , "uni-/const" : 0.04496261666821812 , "uni-/google-ngrams-word-invcount" : 0.3031462107437761 , "uww-/const" : 0.17212023714116786 , "uww-/google-ngrams-word-invcount" : 0.0812747461753786 }
