{ "name" : "default-best-best" , "od-/const" : 0.07637869762376284 , "od-/google-ngrams-word-invcount" : 0.3638995630774939 , "score" : "0.20652305635026796" , "uni-/const" : 0.13271502411247862 , "uni-/google-ngrams-word-invcount" : 0.10924149591844731 , "uww-/const" : 0.025920357980282003 , "uww-/google-ngrams-word-invcount" : 0.29184486128753534 }
