{ "name" : "default-best-best" , "od-/const" : 0.14244966349470106 , "od-/google-ngrams-word-invcount" : 0.18963201693371062 , "score" : "0.1928160022232329" , "uni-/const" : 0.16328886492761452 , "uni-/google-ngrams-word-invcount" : 0.08119579479787516 , "uww-/const" : 0.37753644072825593 , "uww-/google-ngrams-word-invcount" : 0.04589721911784266 }
