{ "name" : "default-best" , "score" : "0.18903024285806047" , "uni-attributes-/nnp" : 0.03142076869954705 , "uni-attributes-fieldlikelihood" : 0.3173592694402395 , "uni-categories-/nnp" : 0.2642565973695831 , "uni-categories-fieldlikelihood" : 0.3127599268834856 , "uni-names-/nnp" : 0.0 , "uni-names-fieldlikelihood" : 0.0 , "uni-outgoingentitynames-/nnp" : 0.04158496149698283 , "uni-outgoingentitynames-fieldlikelihood" : 0.0 , "uni-similarentitynames-/nnp" : 0.0 , "uni-similarentitynames-fieldlikelihood" : 0.032618476110162026 }
