{ "name" : "default-best" , "score" : "0.2133924328446979" , "uni-attributes-/nnp" : 0.08112098833827312 , "uni-attributes-fieldlikelihood" : 0.29192924998848097 , "uni-categories-/nnp" : 0.1739570236302032 , "uni-categories-fieldlikelihood" : 0.31863141818013996 , "uni-names-/nnp" : 0.0 , "uni-names-fieldlikelihood" : 0.0 , "uni-outgoingentitynames-/nnp" : 0.057451221502815245 , "uni-outgoingentitynames-fieldlikelihood" : 0.02190194551366567 , "uni-similarentitynames-/nnp" : 0.0 , "uni-similarentitynames-fieldlikelihood" : 0.05500815284642176 }
