{ "bi-attributes-/const" : 0.07893193387391019 , "bi-attributes-/nns" : 0.0 , "bi-attributes-/np-part" : 0.10768034902686754 , "bi-attributes-baselinetopscore" : 0.0026913135272340206 , "bi-attributes-fieldlikelihood" : 0.061410199270492856 , "bi-categories-/const" : 0.020434563796480853 , "bi-categories-/nns" : 0.14974420091074792 , "bi-categories-/np-part" : 0.048993708515284194 , "bi-categories-baselinetopscore" : 0.06935979563446448 , "bi-categories-fieldlikelihood" : 0.10488238192386666 , "bi-names-/const" : 0.010726434624559406 , "bi-names-/nns" : 0.047477538512066896 , "bi-names-/np-part" : 0.07201603033137605 , "bi-names-baselinetopscore" : 0.0 , "bi-names-fieldlikelihood" : 0.05633513663699697 , "bi-outgoingentitynames-/const" : 0.0 , "bi-outgoingentitynames-/nns" : 0.0 , "bi-outgoingentitynames-/np-part" : 0.008378348859295866 , "bi-outgoingentitynames-baselinetopscore" : 0.01820180549036261 , "bi-outgoingentitynames-fieldlikelihood" : 0.0497289997031526 , "bi-similarentitynames-/const" : 0.06447064111987934 , "bi-similarentitynames-/nns" : 0.028536618242961345 , "bi-similarentitynames-/np-part" : 0.0 , "bi-similarentitynames-baselinetopscore" : 0.0 , "bi-similarentitynames-fieldlikelihood" : 0.0 , "name" : "default-best" , "score" : "0.07684377204001822" }
