{ "bi-attributes-/const" : 0.05254731726006084 , "bi-attributes-/nns" : 0.0 , "bi-attributes-/np-part" : 0.05254731726006084 , "bi-attributes-baselinetopscore" : 0.02627365863003042 , "bi-attributes-fieldlikelihood" : 0.05254731726006084 , "bi-categories-/const" : 0.05254731726006084 , "bi-categories-/nns" : 0.17572507919939484 , "bi-categories-/np-part" : 0.02627365863003042 , "bi-categories-baselinetopscore" : 0.05254731726006084 , "bi-categories-fieldlikelihood" : 0.02627365863003042 , "bi-names-/const" : 0.05254731726006084 , "bi-names-/nns" : 0.02627365863003042 , "bi-names-/np-part" : 0.02627365863003042 , "bi-names-baselinetopscore" : 0.0 , "bi-names-fieldlikelihood" : 0.05254731726006084 , "bi-outgoingentitynames-/const" : 0.0 , "bi-outgoingentitynames-/nns" : 0.02627365863003042 , "bi-outgoingentitynames-/np-part" : 0.0 , "bi-outgoingentitynames-baselinetopscore" : 0.0 , "bi-outgoingentitynames-fieldlikelihood" : 0.0 , "bi-similarentitynames-/const" : 0.0 , "bi-similarentitynames-/nns" : 0.21998077230990565 , "bi-similarentitynames-/np-part" : 0.02627365863003042 , "bi-similarentitynames-baselinetopscore" : 0.05254731726006084 , "bi-similarentitynames-fieldlikelihood" : 0.0 , "name" : "default-best" , "score" : "0.0986856463712433" }
