{ "bi-attributes-/const" : 0.05778034999467305 , "bi-attributes-/nns" : 0.0 , "bi-attributes-/np-part" : 0.0 , "bi-attributes-baselinetopscore" : 0.0063365629524061206 , "bi-attributes-fieldlikelihood" : 0.10864429520111261 , "bi-categories-/const" : 0.0030263239416865174 , "bi-categories-/nns" : 0.19519639248280532 , "bi-categories-/np-part" : 0.08728993900781949 , "bi-categories-baselinetopscore" : 0.018911036658114 , "bi-categories-fieldlikelihood" : 0.11500173379655419 , "bi-names-/const" : 0.05728983871660327 , "bi-names-/nns" : 0.07328471453864446 , "bi-names-/np-part" : 0.01329212484043739 , "bi-names-baselinetopscore" : 0.02308378643493181 , "bi-names-fieldlikelihood" : 0.0 , "bi-outgoingentitynames-/const" : 0.0 , "bi-outgoingentitynames-/nns" : 0.04832759375188356 , "bi-outgoingentitynames-/np-part" : 0.0 , "bi-outgoingentitynames-baselinetopscore" : 0.0 , "bi-outgoingentitynames-fieldlikelihood" : 0.0 , "bi-similarentitynames-/const" : 0.05359991434630902 , "bi-similarentitynames-/nns" : 0.11547228542283879 , "bi-similarentitynames-/np-part" : 0.0 , "bi-similarentitynames-baselinetopscore" : 0.0 , "bi-similarentitynames-fieldlikelihood" : 0.02346310791318045 , "name" : "default-best" , "score" : "0.08860896828694585" }
