{ "bi-attributes-/const" : 0.08645000410555798 , "bi-attributes-/nns" : 0.0 , "bi-attributes-/np-part" : 0.038692442114533446 , "bi-attributes-baselinetopscore" : 0.04900366878634832 , "bi-attributes-fieldlikelihood" : 0.0 , "bi-categories-/const" : 0.055563843807928226 , "bi-categories-/nns" : 0.12168934922002779 , "bi-categories-/np-part" : 0.04177675908586151 , "bi-categories-baselinetopscore" : 0.09992776479928059 , "bi-categories-fieldlikelihood" : 0.0 , "bi-names-/const" : 0.031940730886558084 , "bi-names-/nns" : 0.04010522426081618 , "bi-names-/np-part" : 0.044324313189713145 , "bi-names-baselinetopscore" : 0.019323392639051504 , "bi-names-fieldlikelihood" : 0.0669500028736728 , "bi-outgoingentitynames-/const" : 0.0 , "bi-outgoingentitynames-/nns" : 0.18111911082992851 , "bi-outgoingentitynames-/np-part" : 0.0038445992274143965 , "bi-outgoingentitynames-baselinetopscore" : 0.0 , "bi-outgoingentitynames-fieldlikelihood" : 0.030148924681224334 , "bi-similarentitynames-/const" : 0.02118565716016153 , "bi-similarentitynames-/nns" : 0.03473845068145719 , "bi-similarentitynames-/np-part" : 0.0 , "bi-similarentitynames-baselinetopscore" : 0.03321576165046446 , "bi-similarentitynames-fieldlikelihood" : 0.0 , "name" : "default-best" , "score" : "0.09284308504337682" }
