{ "bi-attributes-/const" : 0.034506409119629454 , "bi-attributes-/nns" : 0.0 , "bi-attributes-/np-part" : 0.06901281823925891 , "bi-attributes-baselinetopscore" : 0.06901281823925891 , "bi-attributes-fieldlikelihood" : 0.034506409119629454 , "bi-categories-/const" : 0.06901281823925891 , "bi-categories-/nns" : 0.20756242425721358 , "bi-categories-/np-part" : 0.0 , "bi-categories-baselinetopscore" : 0.06901281823925891 , "bi-categories-fieldlikelihood" : 0.056718927636056266 , "bi-names-/const" : 0.02127442463620365 , "bi-names-/nns" : 0.0 , "bi-names-/np-part" : 0.0 , "bi-names-baselinetopscore" : 0.0 , "bi-names-fieldlikelihood" : 0.034506409119629454 , "bi-outgoingentitynames-/const" : 0.0 , "bi-outgoingentitynames-/nns" : 0.06901281823925891 , "bi-outgoingentitynames-/np-part" : 0.0 , "bi-outgoingentitynames-baselinetopscore" : 0.047858038699804796 , "bi-outgoingentitynames-fieldlikelihood" : 0.039854902533172025 , "bi-similarentitynames-/const" : 0.034506409119629454 , "bi-similarentitynames-/nns" : 0.04012232720384916 , "bi-similarentitynames-/np-part" : 0.06901281823925891 , "bi-similarentitynames-baselinetopscore" : 0.034506409119629454 , "bi-similarentitynames-fieldlikelihood" : 0.0 , "name" : "default-best" , "score" : "0.0887523532078382" }
