{ "bi-attributes-/const" : 0.04809883424215742 , "bi-attributes-/nns" : 0.0476190476190476 , "bi-attributes-/np-part" : 0.09619766848431484 , "bi-attributes-baselinetopscore" : 0.04809883424215742 , "bi-attributes-fieldlikelihood" : 0.043415210257827366 , "bi-categories-/const" : 0.09619766848431484 , "bi-categories-/nns" : 0.09379272677220696 , "bi-categories-/np-part" : 0.04809883424215742 , "bi-categories-baselinetopscore" : 0.0 , "bi-categories-fieldlikelihood" : 0.14417625564086686 , "bi-names-/const" : 0.0 , "bi-names-/nns" : 0.0 , "bi-names-/np-part" : 0.0 , "bi-names-baselinetopscore" : 0.0 , "bi-names-fieldlikelihood" : 0.0 , "bi-outgoingentitynames-/const" : 0.09619766848431484 , "bi-outgoingentitynames-/nns" : 0.04809883424215742 , "bi-outgoingentitynames-/np-part" : 0.09345030816505993 , "bi-outgoingentitynames-baselinetopscore" : 3.60440639102172E-4 , "bi-outgoingentitynames-fieldlikelihood" : 0.04809883424215742 , "bi-similarentitynames-/const" : 0.0 , "bi-similarentitynames-/nns" : 0.04809883424215742 , "bi-similarentitynames-/np-part" : 0.0 , "bi-similarentitynames-baselinetopscore" : 0.0 , "bi-similarentitynames-fieldlikelihood" : 0.0 , "name" : "default-best" , "score" : "0.19527198461646272" }
