{ "bi-attributes-/const" : 0.03890743551965942 , "bi-attributes-/nns" : 0.12742919840154796 , "bi-attributes-/np-part" : 0.1303486382639474 , "bi-attributes-baselinetopscore" : 0.0 , "bi-attributes-fieldlikelihood" : 0.08983746820713827 , "bi-categories-/const" : 0.15614720000869714 , "bi-categories-/nns" : 0.12859721716635078 , "bi-categories-/np-part" : 0.061460488250577004 , "bi-categories-baselinetopscore" : 0.010381916845484444 , "bi-categories-fieldlikelihood" : 0.004510792438165278 , "bi-names-/const" : 0.0 , "bi-names-/nns" : 0.0 , "bi-names-/np-part" : 0.0 , "bi-names-baselinetopscore" : 0.0 , "bi-names-fieldlikelihood" : 0.0 , "bi-outgoingentitynames-/const" : 0.045911443662351815 , "bi-outgoingentitynames-/nns" : 0.039994010897279185 , "bi-outgoingentitynames-/np-part" : 0.05487523913002236 , "bi-outgoingentitynames-baselinetopscore" : 0.05579447799300957 , "bi-outgoingentitynames-fieldlikelihood" : 0.0 , "bi-similarentitynames-/const" : 0.0 , "bi-similarentitynames-/nns" : 0.0558044732157696 , "bi-similarentitynames-/np-part" : 0.0 , "bi-similarentitynames-baselinetopscore" : 0.0 , "bi-similarentitynames-fieldlikelihood" : 0.0 , "name" : "default-best" , "score" : "0.19707338072633196" }
