{ "bi-attributes-/const" : 0.0 , "bi-attributes-/nns" : 0.001115908354631441 , "bi-attributes-/np-part" : 0.05579541773157452 , "bi-attributes-baselinetopscore" : 0.11159083546314905 , "bi-attributes-fieldlikelihood" : 0.05579541773157452 , "bi-categories-/const" : 0.11159083546314905 , "bi-categories-/nns" : 0.0 , "bi-categories-/np-part" : 0.11159083546314905 , "bi-categories-baselinetopscore" : 0.11159083546314905 , "bi-categories-fieldlikelihood" : 0.058717702735265734 , "bi-names-/const" : 0.0 , "bi-names-/nns" : 0.05579541773157452 , "bi-names-/np-part" : 0.0 , "bi-names-baselinetopscore" : 0.0 , "bi-names-fieldlikelihood" : 0.0 , "bi-outgoingentitynames-/const" : 0.05579541773157452 , "bi-outgoingentitynames-/nns" : 0.0 , "bi-outgoingentitynames-/np-part" : 0.05300564684499581 , "bi-outgoingentitynames-baselinetopscore" : 0.10602489382306374 , "bi-outgoingentitynames-fieldlikelihood" : 0.0 , "bi-similarentitynames-/const" : 0.0 , "bi-similarentitynames-/nns" : 0.11159083546314905 , "bi-similarentitynames-/np-part" : 0.0 , "bi-similarentitynames-baselinetopscore" : 0.0 , "bi-similarentitynames-fieldlikelihood" : 0.0 , "name" : "default-best" , "score" : "0.18791599187237032" }
