{ "bi-attributes-/const" : 0.018876904472120842 , "bi-attributes-/nns" : 0.0 , "bi-attributes-/np-part" : 0.18092437241238954 , "bi-attributes-baselinetopscore" : 0.09015114248657934 , "bi-attributes-fieldlikelihood" : 0.0158906152840025 , "bi-categories-/const" : 0.140536255902204 , "bi-categories-/nns" : 0.0 , "bi-categories-/np-part" : 0.07013162003572221 , "bi-categories-baselinetopscore" : 0.08723493869469552 , "bi-categories-fieldlikelihood" : 0.0646551585418989 , "bi-names-/const" : 0.0 , "bi-names-/nns" : 0.004524836667491335 , "bi-names-/np-part" : 0.0 , "bi-names-baselinetopscore" : 0.0 , "bi-names-fieldlikelihood" : 0.0 , "bi-outgoingentitynames-/const" : 0.08477308120494408 , "bi-outgoingentitynames-/nns" : 0.06258059986156236 , "bi-outgoingentitynames-/np-part" : 0.09287729136492248 , "bi-outgoingentitynames-baselinetopscore" : 0.02676380548327824 , "bi-outgoingentitynames-fieldlikelihood" : 0.03011759310130561 , "bi-similarentitynames-/const" : 0.0 , "bi-similarentitynames-/nns" : 0.0 , "bi-similarentitynames-/np-part" : 0.0 , "bi-similarentitynames-baselinetopscore" : 0.02996178448688317 , "bi-similarentitynames-fieldlikelihood" : 0.0 , "name" : "default-best" , "score" : "0.21954844275718607" }
