{ "bi-attributes-/const" : 0.050439226968825426 , "bi-attributes-/nns" : 0.010493228216012802 , "bi-attributes-/np-part" : 0.09865751816024758 , "bi-attributes-baselinetopscore" : 0.06079873075880507 , "bi-attributes-fieldlikelihood" : 0.06883323128826434 , "bi-categories-/const" : 0.11219203649952388 , "bi-categories-/nns" : 0.07203935941215563 , "bi-categories-/np-part" : 0.11450439432560193 , "bi-categories-baselinetopscore" : 0.03381770837945574 , "bi-categories-fieldlikelihood" : 0.12704799476643575 , "bi-names-/const" : 0.0 , "bi-names-/nns" : 0.049202930403355064 , "bi-names-/np-part" : 0.0 , "bi-names-baselinetopscore" : 0.0 , "bi-names-fieldlikelihood" : 0.0 , "bi-outgoingentitynames-/const" : 0.0 , "bi-outgoingentitynames-/nns" : 0.0 , "bi-outgoingentitynames-/np-part" : 0.05899605465168082 , "bi-outgoingentitynames-baselinetopscore" : 0.0753625125631159 , "bi-outgoingentitynames-fieldlikelihood" : 0.03896650705900877 , "bi-similarentitynames-/const" : 0.0 , "bi-similarentitynames-/nns" : 0.02864856654751107 , "bi-similarentitynames-/np-part" : 0.0 , "bi-similarentitynames-baselinetopscore" : 0.0 , "bi-similarentitynames-fieldlikelihood" : 0.0 , "name" : "default-best" , "score" : "0.18294966957351577" }
