{ "bi-attributes-/const" : 0.019092954336046655 , "bi-attributes-/nns" : 0.0 , "bi-attributes-/np-part" : 0.013022511867553795 , "bi-attributes-baselinetopscore" : 0.02423045141068334 , "bi-attributes-fieldlikelihood" : 0.0 , "bi-categories-/const" : 0.10034048378016322 , "bi-categories-/nns" : 0.07084215840327256 , "bi-categories-/np-part" : 0.0 , "bi-categories-baselinetopscore" : 0.0988484231618693 , "bi-categories-fieldlikelihood" : 0.16057084517451328 , "bi-names-/const" : 0.0 , "bi-names-/nns" : 0.0 , "bi-names-/np-part" : 0.0 , "bi-names-baselinetopscore" : 0.0 , "bi-names-fieldlikelihood" : 0.0 , "bi-outgoingentitynames-/const" : 0.07037249719456905 , "bi-outgoingentitynames-/nns" : 0.017148035374917107 , "bi-outgoingentitynames-/np-part" : 0.2050405264247814 , "bi-outgoingentitynames-baselinetopscore" : 0.0 , "bi-outgoingentitynames-fieldlikelihood" : 0.02450405681910895 , "bi-similarentitynames-/const" : 0.016677919305646702 , "bi-similarentitynames-/nns" : 0.10948940252195809 , "bi-similarentitynames-/np-part" : 0.0 , "bi-similarentitynames-baselinetopscore" : 0.0 , "bi-similarentitynames-fieldlikelihood" : 0.06981973422491651 , "name" : "default-best" , "score" : "0.19586511372431417" }
