{ "bi-attributes-/const" : 0.0 , "bi-attributes-/nns" : 0.0 , "bi-attributes-/np-part" : 0.018646068082795002 , "bi-attributes-baselinetopscore" : 0.026877178965381755 , "bi-attributes-fieldlikelihood" : 0.01324681115169951 , "bi-categories-/const" : 0.06307681497367063 , "bi-categories-/nns" : 0.17698016458731575 , "bi-categories-/np-part" : 0.10684606691485139 , "bi-categories-baselinetopscore" : 0.02743395147766375 , "bi-categories-fieldlikelihood" : 0.08884335399975349 , "bi-names-/const" : 0.0 , "bi-names-/nns" : 0.0 , "bi-names-/np-part" : 0.0 , "bi-names-baselinetopscore" : 0.0 , "bi-names-fieldlikelihood" : 0.0 , "bi-outgoingentitynames-/const" : 0.02860795557845317 , "bi-outgoingentitynames-/nns" : 0.0 , "bi-outgoingentitynames-/np-part" : 0.2011146810330925 , "bi-outgoingentitynames-baselinetopscore" : 0.03189776894009132 , "bi-outgoingentitynames-fieldlikelihood" : 0.07930885813094239 , "bi-similarentitynames-/const" : 0.0 , "bi-similarentitynames-/nns" : 0.005191510448062994 , "bi-similarentitynames-/np-part" : 0.0 , "bi-similarentitynames-baselinetopscore" : 0.02960610042921769 , "bi-similarentitynames-fieldlikelihood" : 0.10232271528700854 , "name" : "default-best" , "score" : "0.209779047251932" }
