{ "bi-attributes-/const" : 0.0 , "bi-attributes-/nns" : 0.04103559563960038 , "bi-attributes-/np-part" : 0.0048308348077940755 , "bi-attributes-baselinetopscore" : 0.0 , "bi-attributes-fieldlikelihood" : 0.06804313481766187 , "bi-categories-/const" : 0.10514322793270835 , "bi-categories-/nns" : 0.15837793046061172 , "bi-categories-/np-part" : 0.06796304720962129 , "bi-categories-baselinetopscore" : 0.11644453084408682 , "bi-categories-fieldlikelihood" : 0.10451592921952747 , "bi-names-/const" : 0.0 , "bi-names-/nns" : 0.0 , "bi-names-/np-part" : 0.0 , "bi-names-baselinetopscore" : 0.0 , "bi-names-fieldlikelihood" : 0.0 , "bi-outgoingentitynames-/const" : 0.04689002191477268 , "bi-outgoingentitynames-/nns" : 0.045351473922902494 , "bi-outgoingentitynames-/np-part" : 0.08649031888753565 , "bi-outgoingentitynames-baselinetopscore" : 0.01898509081984363 , "bi-outgoingentitynames-fieldlikelihood" : 0.03984749302004081 , "bi-similarentitynames-/const" : 0.03155776580612637 , "bi-similarentitynames-/nns" : 0.0 , "bi-similarentitynames-/np-part" : 0.008807149367338325 , "bi-similarentitynames-baselinetopscore" : 0.03705527353575157 , "bi-similarentitynames-fieldlikelihood" : 0.018661181794076526 , "name" : "default-best" , "score" : "0.1718065098904004" }
