{ "bi-attributes-/const" : 0.0716625874386471 , "bi-attributes-/nns" : 0.0923240999677114 , "bi-attributes-/np-part" : 0.0 , "bi-attributes-baselinetopscore" : 0.021960331634462735 , "bi-attributes-fieldlikelihood" : 0.0 , "bi-categories-/const" : 0.0 , "bi-categories-/nns" : 0.0 , "bi-categories-/np-part" : 0.05089366010720091 , "bi-categories-baselinetopscore" : 0.10093565142782954 , "bi-categories-fieldlikelihood" : 0.04847015248304849 , "bi-names-/const" : 0.08820574017730366 , "bi-names-/nns" : 0.0 , "bi-names-/np-part" : 0.0814562963211284 , "bi-names-baselinetopscore" : 0.03526694926725843 , "bi-names-fieldlikelihood" : 0.0 , "bi-outgoingentitynames-/const" : 0.0 , "bi-outgoingentitynames-/nns" : 0.042467228747515864 , "bi-outgoingentitynames-/np-part" : 0.0 , "bi-outgoingentitynames-baselinetopscore" : 0.0 , "bi-outgoingentitynames-fieldlikelihood" : 0.0 , "bi-similarentitynames-/const" : 0.13183806598527814 , "bi-similarentitynames-/nns" : 0.05925503306871032 , "bi-similarentitynames-/np-part" : 0.07335672521551813 , "bi-similarentitynames-baselinetopscore" : 0.0645252924221362 , "bi-similarentitynames-fieldlikelihood" : 0.03738218573625043 , "name" : "default-best" , "score" : "0.3044528070263331" }
