{ "bi-attributes-/const" : 0.0 , "bi-attributes-/nns" : 0.04709691745733241 , "bi-attributes-/np-part" : 0.0 , "bi-attributes-baselinetopscore" : 0.023320136084547173 , "bi-attributes-fieldlikelihood" : 0.06254792157038407 , "bi-categories-/const" : 0.0 , "bi-categories-/nns" : 0.044445725123657714 , "bi-categories-/np-part" : 0.12847189129172404 , "bi-categories-baselinetopscore" : 0.0 , "bi-categories-fieldlikelihood" : 0.0 , "bi-names-/const" : 0.05272355635903099 , "bi-names-/nns" : 0.0 , "bi-names-/np-part" : 0.09303859278187257 , "bi-names-baselinetopscore" : 0.03447724982437977 , "bi-names-fieldlikelihood" : 0.018632362247916937 , "bi-outgoingentitynames-/const" : 0.0 , "bi-outgoingentitynames-/nns" : 0.0 , "bi-outgoingentitynames-/np-part" : 0.0 , "bi-outgoingentitynames-baselinetopscore" : 0.0 , "bi-outgoingentitynames-fieldlikelihood" : 0.0 , "bi-similarentitynames-/const" : 0.008539494814372906 , "bi-similarentitynames-/nns" : 0.2210233646364879 , "bi-similarentitynames-/np-part" : 0.13295349825269967 , "bi-similarentitynames-baselinetopscore" : 0.10175218136811996 , "bi-similarentitynames-fieldlikelihood" : 0.030977108187474112 , "name" : "default-best" , "score" : "0.3326543385495049" }
