{ "bi-attributes-/const" : 0.004162580254007758 , "bi-attributes-/nns" : 0.11170026082127539 , "bi-attributes-/np-part" : 0.019395853366323344 , "bi-attributes-baselinetopscore" : 0.029784500613692148 , "bi-attributes-fieldlikelihood" : 0.03671094222629567 , "bi-categories-/const" : 0.0 , "bi-categories-/nns" : 0.12190197762623586 , "bi-categories-/np-part" : 0.046755442395911694 , "bi-categories-baselinetopscore" : 0.0 , "bi-categories-fieldlikelihood" : 0.02288082593706556 , "bi-names-/const" : 0.04278194402104489 , "bi-names-/nns" : 0.055141518447211414 , "bi-names-/np-part" : 0.07700219323204611 , "bi-names-baselinetopscore" : 0.0 , "bi-names-fieldlikelihood" : 0.02150559120794402 , "bi-outgoingentitynames-/const" : 0.0 , "bi-outgoingentitynames-/nns" : 0.12373643760321425 , "bi-outgoingentitynames-/np-part" : 0.02236382561222172 , "bi-outgoingentitynames-baselinetopscore" : 0.0 , "bi-outgoingentitynames-fieldlikelihood" : 0.0 , "bi-similarentitynames-/const" : 0.052159577402252515 , "bi-similarentitynames-/nns" : 0.04786237039135165 , "bi-similarentitynames-/np-part" : 0.1298494293187455 , "bi-similarentitynames-baselinetopscore" : 0.03155494827104279 , "bi-similarentitynames-fieldlikelihood" : 0.002749781252117812 , "name" : "default-best" , "score" : "0.3144979306899779" }
