{ "bi-attributes-/const" : 0.08806870842843671 , "bi-attributes-/nns" : 0.018066692910473855 , "bi-attributes-/np-part" : 0.023451775459963985 , "bi-attributes-baselinetopscore" : 0.03223198441188091 , "bi-attributes-fieldlikelihood" : 0.02986945804028838 , "bi-categories-/const" : 0.029469764100665735 , "bi-categories-/nns" : 0.12874115692790075 , "bi-categories-/np-part" : 0.021478177237579846 , "bi-categories-baselinetopscore" : 0.0 , "bi-categories-fieldlikelihood" : 0.0 , "bi-names-/const" : 0.03668198722746072 , "bi-names-/nns" : 0.031249939734038695 , "bi-names-/np-part" : 0.04392966237298338 , "bi-names-baselinetopscore" : 0.0862182874663463 , "bi-names-fieldlikelihood" : 0.028294998477018673 , "bi-outgoingentitynames-/const" : 0.0 , "bi-outgoingentitynames-/nns" : 0.0 , "bi-outgoingentitynames-/np-part" : 0.0 , "bi-outgoingentitynames-baselinetopscore" : 0.0 , "bi-outgoingentitynames-fieldlikelihood" : 0.0 , "bi-similarentitynames-/const" : 0.10305119261107575 , "bi-similarentitynames-/nns" : 0.1317428693412494 , "bi-similarentitynames-/np-part" : 0.055432839958449664 , "bi-similarentitynames-baselinetopscore" : 0.11202050529418742 , "bi-similarentitynames-fieldlikelihood" : 0.0 , "name" : "default-best" , "score" : "0.3477237882854093" }
