{ "bi-attributes-/const" : 0.019805673202838877 , "bi-attributes-/nns" : 0.0 , "bi-attributes-/np-part" : 0.08878030488086869 , "bi-attributes-baselinetopscore" : 0.011091801652520062 , "bi-attributes-fieldlikelihood" : 0.027860875370144273 , "bi-categories-/const" : 0.011037955149274926 , "bi-categories-/nns" : 0.0463062696096688 , "bi-categories-/np-part" : 0.10553867941542812 , "bi-categories-baselinetopscore" : 0.0 , "bi-categories-fieldlikelihood" : 0.0 , "bi-names-/const" : 0.0015259316833568823 , "bi-names-/nns" : 0.0 , "bi-names-/np-part" : 0.022040151453422037 , "bi-names-baselinetopscore" : 0.08039406594326641 , "bi-names-fieldlikelihood" : 0.09400315188203244 , "bi-outgoingentitynames-/const" : 0.0 , "bi-outgoingentitynames-/nns" : 0.0 , "bi-outgoingentitynames-/np-part" : 0.0 , "bi-outgoingentitynames-baselinetopscore" : 0.0 , "bi-outgoingentitynames-fieldlikelihood" : 0.0 , "bi-similarentitynames-/const" : 0.07863035749988077 , "bi-similarentitynames-/nns" : 0.19885469874578335 , "bi-similarentitynames-/np-part" : 0.10063586113279195 , "bi-similarentitynames-baselinetopscore" : 0.052502380790033616 , "bi-similarentitynames-fieldlikelihood" : 0.060991841588688575 , "name" : "default-best" , "score" : "0.3506072807626199" }
