{ "bi-attributes-/nns" : 0.0 , "bi-attributes-/np-part" : 0.038320603422494645 , "bi-attributes-baselinetopscore" : 0.07664120684498929 , "bi-attributes-fieldlikelihood" : 0.07664120684498929 , "bi-categories-/nns" : 0.229066006699768 , "bi-categories-/np-part" : 0.024873777736364965 , "bi-categories-baselinetopscore" : 0.12594352028177438 , "bi-categories-fieldlikelihood" : 0.03595771394056684 , "bi-names-/nns" : 0.0 , "bi-names-/np-part" : 0.02474403480626816 , "bi-names-baselinetopscore" : 0.038320603422494645 , "bi-names-fieldlikelihood" : 0.022417553002159377 , "bi-outgoingentitynames-/nns" : 0.07727893364103926 , "bi-outgoingentitynames-/np-part" : 0.0 , "bi-outgoingentitynames-baselinetopscore" : 0.0 , "bi-outgoingentitynames-fieldlikelihood" : 0.0 , "bi-similarentitynames-/nns" : 0.128024896817801 , "bi-similarentitynames-/np-part" : 0.0 , "bi-similarentitynames-baselinetopscore" : 0.07664120684498929 , "bi-similarentitynames-fieldlikelihood" : 0.025128735694300876 , "name" : "default-best" , "score" : "0.07572003453049334" }
