{ "bi-attributes-/nns" : 0.0 , "bi-attributes-/np-part" : 0.07948376014691529 , "bi-attributes-baselinetopscore" : 0.10574421724524576 , "bi-attributes-fieldlikelihood" : 0.0 , "bi-categories-/nns" : 0.2035925232367268 , "bi-categories-/np-part" : 0.011732119675129094 , "bi-categories-baselinetopscore" : 0.1657579122303911 , "bi-categories-fieldlikelihood" : 0.04704553683216259 , "bi-names-/nns" : 0.028462537140534414 , "bi-names-/np-part" : 0.057490264007025844 , "bi-names-baselinetopscore" : 0.01018808057155986 , "bi-names-fieldlikelihood" : 0.0 , "bi-outgoingentitynames-/nns" : 0.10320130791496446 , "bi-outgoingentitynames-/np-part" : 0.0 , "bi-outgoingentitynames-baselinetopscore" : 0.0 , "bi-outgoingentitynames-fieldlikelihood" : 0.0 , "bi-similarentitynames-/nns" : 0.09048394209962875 , "bi-similarentitynames-/np-part" : 0.05265119365776633 , "bi-similarentitynames-baselinetopscore" : 0.04416660524194974 , "bi-similarentitynames-fieldlikelihood" : 0.0 , "name" : "default-best" , "score" : "0.08692385665829962" }
