{ "bi-attributes-/nns" : 0.0 , "bi-attributes-/np-part" : 0.04299841582173953 , "bi-attributes-baselinetopscore" : 0.12252357400273926 , "bi-attributes-fieldlikelihood" : 5.740312585119471E-4 , "bi-categories-/nns" : 0.1466165088955428 , "bi-categories-/np-part" : 0.014556697728896787 , "bi-categories-baselinetopscore" : 0.1273324497368319 , "bi-categories-fieldlikelihood" : 0.10895937504601459 , "bi-names-/nns" : 0.02368559517622326 , "bi-names-/np-part" : 0.06732406804430104 , "bi-names-baselinetopscore" : 0.08513032228441048 , "bi-names-fieldlikelihood" : 0.0 , "bi-outgoingentitynames-/nns" : 0.07068341770405097 , "bi-outgoingentitynames-/np-part" : 0.0065988215472299674 , "bi-outgoingentitynames-baselinetopscore" : 0.0 , "bi-outgoingentitynames-fieldlikelihood" : 0.0 , "bi-similarentitynames-/nns" : 0.13861594893170712 , "bi-similarentitynames-/np-part" : 0.0 , "bi-similarentitynames-baselinetopscore" : 0.04440077382180035 , "bi-similarentitynames-fieldlikelihood" : 0.0 , "name" : "default-best" , "score" : "0.07491901629406612" }
