{ "bi-attributes-/nns" : 0.0 , "bi-attributes-/np-part" : 0.1541697522167647 , "bi-attributes-baselinetopscore" : 0.02867741892986964 , "bi-attributes-fieldlikelihood" : 0.03995728944592525 , "bi-categories-/nns" : 0.20459830512125135 , "bi-categories-/np-part" : 0.04111473466564212 , "bi-categories-baselinetopscore" : 0.1266253604763282 , "bi-categories-fieldlikelihood" : 0.02841268807894681 , "bi-names-/nns" : 0.0 , "bi-names-/np-part" : 0.09764239329652172 , "bi-names-baselinetopscore" : 0.0 , "bi-names-fieldlikelihood" : 0.046532456305999385 , "bi-outgoingentitynames-/nns" : 0.07823464697481043 , "bi-outgoingentitynames-/np-part" : 0.0 , "bi-outgoingentitynames-baselinetopscore" : 0.020990716752862966 , "bi-outgoingentitynames-fieldlikelihood" : 0.0 , "bi-similarentitynames-/nns" : 0.0343278799965533 , "bi-similarentitynames-/np-part" : 0.0 , "bi-similarentitynames-baselinetopscore" : 0.09871635773852402 , "bi-similarentitynames-fieldlikelihood" : 0.0 , "name" : "default-best" , "score" : "0.080537281018255" }
