{ "bi-attributes-/nns" : 0.05204261916854087 , "bi-attributes-/np-part" : 0.15234955064526165 , "bi-attributes-baselinetopscore" : 0.05204261916854087 , "bi-attributes-fieldlikelihood" : 0.05204261916854087 , "bi-categories-/nns" : 0.09621812983658565 , "bi-categories-/np-part" : 0.148811099223573 , "bi-categories-baselinetopscore" : 0.14931777551669098 , "bi-categories-fieldlikelihood" : 0.04870585563727064 , "bi-names-/nns" : 0.0 , "bi-names-/np-part" : 0.0 , "bi-names-baselinetopscore" : 0.0 , "bi-names-fieldlikelihood" : 0.0 , "bi-outgoingentitynames-/nns" : 0.0 , "bi-outgoingentitynames-/np-part" : 0.04549083148926394 , "bi-outgoingentitynames-baselinetopscore" : 0.05204261916854087 , "bi-outgoingentitynames-fieldlikelihood" : 0.05204261916854087 , "bi-similarentitynames-/nns" : 0.09889366180864993 , "bi-similarentitynames-/np-part" : 0.0 , "bi-similarentitynames-baselinetopscore" : 0.0 , "bi-similarentitynames-fieldlikelihood" : 0.0 , "name" : "default-best" , "score" : "0.19089519690244988" }
