{ "bi-attributes-/nns" : 0.03074272696446762 , "bi-attributes-/np-part" : 0.06983321192910504 , "bi-attributes-baselinetopscore" : 0.05930376241130856 , "bi-attributes-fieldlikelihood" : 0.08909937147411029 , "bi-categories-/nns" : 0.11263371543330895 , "bi-categories-/np-part" : 0.0843598525730491 , "bi-categories-baselinetopscore" : 0.1860707023285056 , "bi-categories-fieldlikelihood" : 0.07635805353947361 , "bi-names-/nns" : 0.08394518570403516 , "bi-names-/np-part" : 0.0 , "bi-names-baselinetopscore" : 0.0 , "bi-names-fieldlikelihood" : 0.0 , "bi-outgoingentitynames-/nns" : 0.0 , "bi-outgoingentitynames-/np-part" : 0.06216848137268376 , "bi-outgoingentitynames-baselinetopscore" : 0.027636337547791223 , "bi-outgoingentitynames-fieldlikelihood" : 0.11784859872216102 , "bi-similarentitynames-/nns" : 0.0 , "bi-similarentitynames-/np-part" : 0.0 , "bi-similarentitynames-baselinetopscore" : 0.0 , "bi-similarentitynames-fieldlikelihood" : 0.0 , "name" : "default-best" , "score" : "0.18448672309559655" }
