{ "bi-attributes-/nns" : 0.10911076166034166 , "bi-attributes-/np-part" : 0.17678769483859794 , "bi-attributes-baselinetopscore" : 0.03628501051395916 , "bi-attributes-fieldlikelihood" : 0.030822678670009467 , "bi-categories-/nns" : 0.1701255296961488 , "bi-categories-/np-part" : 0.0734491794317973 , "bi-categories-baselinetopscore" : 0.11805531747010298 , "bi-categories-fieldlikelihood" : 0.06357800124326336 , "bi-names-/nns" : 0.0502667646384429 , "bi-names-/np-part" : 0.0 , "bi-names-baselinetopscore" : 0.0 , "bi-names-fieldlikelihood" : 0.0 , "bi-outgoingentitynames-/nns" : 0.0 , "bi-outgoingentitynames-/np-part" : 0.040353236905502604 , "bi-outgoingentitynames-baselinetopscore" : 0.0 , "bi-outgoingentitynames-fieldlikelihood" : 0.06085109024839581 , "bi-similarentitynames-/nns" : 0.07031473468343799 , "bi-similarentitynames-/np-part" : 0.0 , "bi-similarentitynames-baselinetopscore" : 0.0 , "bi-similarentitynames-fieldlikelihood" : 0.0 , "name" : "default-best" , "score" : "0.19503106706628848" }
