{ "bi-attributes-/nns" : 0.0 , "bi-attributes-/np-part" : 0.04972088247575761 , "bi-attributes-baselinetopscore" : 0.0 , "bi-attributes-fieldlikelihood" : 0.06666309079809925 , "bi-categories-/nns" : 0.12637048351685276 , "bi-categories-/np-part" : 0.1290037994943333 , "bi-categories-baselinetopscore" : 0.12841281504443666 , "bi-categories-fieldlikelihood" : 0.1007182589761303 , "bi-names-/nns" : 0.0 , "bi-names-/np-part" : 0.0 , "bi-names-baselinetopscore" : 0.0 , "bi-names-fieldlikelihood" : 0.0 , "bi-outgoingentitynames-/nns" : 0.04550868695285041 , "bi-outgoingentitynames-/np-part" : 0.16193956472573753 , "bi-outgoingentitynames-baselinetopscore" : 0.020169673069558053 , "bi-outgoingentitynames-fieldlikelihood" : 0.09600268371525565 , "bi-similarentitynames-/nns" : 0.0 , "bi-similarentitynames-/np-part" : 0.0 , "bi-similarentitynames-baselinetopscore" : 0.07549006123098848 , "bi-similarentitynames-fieldlikelihood" : 0.0 , "name" : "default-best" , "score" : "0.19693035127260364" }
