{ "bi-attributes-/nns" : 0.041239584900029526 , "bi-attributes-/np-part" : 0.0 , "bi-attributes-baselinetopscore" : 0.0 , "bi-attributes-fieldlikelihood" : 0.024878869668827908 , "bi-categories-/nns" : 0.17724084903645074 , "bi-categories-/np-part" : 0.010096735258715165 , "bi-categories-baselinetopscore" : 0.20497141305696925 , "bi-categories-fieldlikelihood" : 0.13577637365850864 , "bi-names-/nns" : 0.0 , "bi-names-/np-part" : 0.0 , "bi-names-baselinetopscore" : 0.0 , "bi-names-fieldlikelihood" : 0.0 , "bi-outgoingentitynames-/nns" : 0.09260030027593823 , "bi-outgoingentitynames-/np-part" : 0.09004263766752339 , "bi-outgoingentitynames-baselinetopscore" : 0.02908333678462407 , "bi-outgoingentitynames-fieldlikelihood" : 0.09926759435498077 , "bi-similarentitynames-/nns" : 0.0 , "bi-similarentitynames-/np-part" : 0.0 , "bi-similarentitynames-baselinetopscore" : 0.09480230533743254 , "bi-similarentitynames-fieldlikelihood" : 0.0 , "name" : "default-best" , "score" : "0.1577442302809011" }
