{ "bi-attributes-/nns" : 0.0 , "bi-attributes-/np-part" : 0.0 , "bi-attributes-baselinetopscore" : 0.01285750736311593 , "bi-attributes-fieldlikelihood" : 0.0 , "bi-categories-/nns" : 0.14212524703607227 , "bi-categories-/np-part" : 0.0649376567875334 , "bi-categories-baselinetopscore" : 0.12219314366688185 , "bi-categories-fieldlikelihood" : 0.1758181093316468 , "bi-names-/nns" : 0.0 , "bi-names-/np-part" : 0.0 , "bi-names-baselinetopscore" : 0.0 , "bi-names-fieldlikelihood" : 0.0 , "bi-outgoingentitynames-/nns" : 0.03145413534395361 , "bi-outgoingentitynames-/np-part" : 0.21352428372284127 , "bi-outgoingentitynames-baselinetopscore" : 0.046017238487332655 , "bi-outgoingentitynames-fieldlikelihood" : 0.046204878382053796 , "bi-similarentitynames-/nns" : 0.053696019299154 , "bi-similarentitynames-/np-part" : 0.026000223889215548 , "bi-similarentitynames-baselinetopscore" : 0.06517155669019883 , "bi-similarentitynames-fieldlikelihood" : 0.0 , "name" : "default-best" , "score" : "0.18389581959971935" }
