{ "bi-attributes-/nns" : 0.0 , "bi-attributes-/np-part" : 0.04788651818179853 , "bi-attributes-baselinetopscore" : 0.0 , "bi-attributes-fieldlikelihood" : 0.07665496587529906 , "bi-categories-/nns" : 0.14881936511084298 , "bi-categories-/np-part" : 0.013338708690248838 , "bi-categories-baselinetopscore" : 0.0 , "bi-categories-fieldlikelihood" : 0.08962343308083177 , "bi-names-/nns" : 0.08703416071401361 , "bi-names-/np-part" : 0.03362556766157937 , "bi-names-baselinetopscore" : 0.0 , "bi-names-fieldlikelihood" : 0.12263509149353136 , "bi-outgoingentitynames-/nns" : 0.0 , "bi-outgoingentitynames-/np-part" : 0.0 , "bi-outgoingentitynames-baselinetopscore" : 0.0 , "bi-outgoingentitynames-fieldlikelihood" : 0.0 , "bi-similarentitynames-/nns" : 0.1604231302821991 , "bi-similarentitynames-/np-part" : 0.0 , "bi-similarentitynames-baselinetopscore" : 0.13088379254104335 , "bi-similarentitynames-fieldlikelihood" : 0.08907526636861206 , "name" : "default-best" , "score" : "0.34126326621287145" }
