{ "bi-attributes-/nns" : 0.045044803492044774 , "bi-attributes-/np-part" : 0.06419305602352027 , "bi-attributes-baselinetopscore" : 0.042480701400294106 , "bi-attributes-fieldlikelihood" : 0.0335772652741063 , "bi-categories-/nns" : 0.16171951879873342 , "bi-categories-/np-part" : 0.08333442187081974 , "bi-categories-baselinetopscore" : 0.006254628790159844 , "bi-categories-fieldlikelihood" : 0.05864144821193786 , "bi-names-/nns" : 0.0 , "bi-names-/np-part" : 0.09782435801648226 , "bi-names-baselinetopscore" : 0.0 , "bi-names-fieldlikelihood" : 0.07825326043368933 , "bi-outgoingentitynames-/nns" : 0.022714040602754535 , "bi-outgoingentitynames-/np-part" : 0.0 , "bi-outgoingentitynames-baselinetopscore" : 0.0 , "bi-outgoingentitynames-fieldlikelihood" : 0.0 , "bi-similarentitynames-/nns" : 0.021644823791434235 , "bi-similarentitynames-/np-part" : 0.11241984129766286 , "bi-similarentitynames-baselinetopscore" : 0.09936086823212663 , "bi-similarentitynames-fieldlikelihood" : 0.07253696376423384 , "name" : "default-best" , "score" : "0.29790534907699967" }
