{ "bi-attributes-/nns" : 0.00429395338226666 , "bi-attributes-/np-part" : 0.0635637173219723 , "bi-attributes-baselinetopscore" : 0.039357047791144975 , "bi-attributes-fieldlikelihood" : 0.005162971505049176 , "bi-categories-/nns" : 0.09193106565927743 , "bi-categories-/np-part" : 0.052474640009053664 , "bi-categories-baselinetopscore" : 0.0 , "bi-categories-fieldlikelihood" : 0.029950117559072245 , "bi-names-/nns" : 0.0351317585498005 , "bi-names-/np-part" : 0.033231081901972534 , "bi-names-baselinetopscore" : 0.08658723800497295 , "bi-names-fieldlikelihood" : 0.06034897657887968 , "bi-outgoingentitynames-/nns" : 0.04535147392290249 , "bi-outgoingentitynames-/np-part" : 0.0 , "bi-outgoingentitynames-baselinetopscore" : 0.0 , "bi-outgoingentitynames-fieldlikelihood" : 0.0 , "bi-similarentitynames-/nns" : 0.16623702527835915 , "bi-similarentitynames-/np-part" : 0.10955868877712008 , "bi-similarentitynames-baselinetopscore" : 0.06395375853774858 , "bi-similarentitynames-fieldlikelihood" : 0.11286648522040749 , "name" : "default-best" , "score" : "0.32419685661473024" }
