{ "bi-attributes-/nns" : 0.031280578411160304 , "bi-attributes-/np-part" : 0.05692280027718548 , "bi-attributes-baselinetopscore" : 0.0440760782272972 , "bi-attributes-fieldlikelihood" : 0.03155358459350128 , "bi-categories-/nns" : 0.14532804839527141 , "bi-categories-/np-part" : 0.046243116708719834 , "bi-categories-baselinetopscore" : 0.04519640546303111 , "bi-categories-fieldlikelihood" : 0.012195448651164582 , "bi-names-/nns" : 0.05561455417658397 , "bi-names-/np-part" : 0.011512815920061068 , "bi-names-baselinetopscore" : 0.12286033500108208 , "bi-names-fieldlikelihood" : 0.0 , "bi-outgoingentitynames-/nns" : 0.04729693454850843 , "bi-outgoingentitynames-/np-part" : 0.0 , "bi-outgoingentitynames-baselinetopscore" : 0.0 , "bi-outgoingentitynames-fieldlikelihood" : 0.0 , "bi-similarentitynames-/nns" : 0.08955774466411186 , "bi-similarentitynames-/np-part" : 0.08038355535602053 , "bi-similarentitynames-baselinetopscore" : 0.07997730020702477 , "bi-similarentitynames-fieldlikelihood" : 0.10000069939927604 , "name" : "default-best" , "score" : "0.3071150133574413" }
