{ "bi-attributes-/nns" : 0.09250365542258455 , "bi-attributes-fieldlikelihood" : 0.09737226886587849 , "bi-categories-/nns" : 0.283068813926281 , "bi-categories-fieldlikelihood" : 0.09737226886587849 , "bi-names-/nns" : 0.05169570547956443 , "bi-names-fieldlikelihood" : 0.046379628814178724 , "bi-outgoingentitynames-/nns" : 0.09771570239057256 , "bi-outgoingentitynames-fieldlikelihood" : 0.0 , "bi-similarentitynames-/nns" : 0.1866470118771047 , "bi-similarentitynames-fieldlikelihood" : 0.04724494435795709 , "name" : "default-best" , "score" : "0.05873014191387284" }
