{ "bi-attributes-/nns" : 0.0 , "bi-attributes-fieldlikelihood" : 0.16317640931293814 , "bi-categories-/nns" : 0.20041481100936162 , "bi-categories-fieldlikelihood" : 0.17602246941263663 , "bi-names-/nns" : 0.09140268567036859 , "bi-names-fieldlikelihood" : 0.056431178726543026 , "bi-outgoingentitynames-/nns" : 0.04463256329702807 , "bi-outgoingentitynames-fieldlikelihood" : 0.08055437770160885 , "bi-similarentitynames-/nns" : 0.06502642883139652 , "bi-similarentitynames-fieldlikelihood" : 0.12233907603811855 , "name" : "default-best" , "score" : "0.06154215289949137" }
