{ "bi-attributes-/nns" : 0.1126302104914433 , "bi-attributes-fieldlikelihood" : 0.09578770746930759 , "bi-categories-/nns" : 0.1434257735859578 , "bi-categories-fieldlikelihood" : 0.1152751513861062 , "bi-names-/nns" : 0.10780935251684345 , "bi-names-fieldlikelihood" : 0.09845969231043897 , "bi-outgoingentitynames-/nns" : 0.14669783638889694 , "bi-outgoingentitynames-fieldlikelihood" : 0.0 , "bi-similarentitynames-/nns" : 0.11246371102503083 , "bi-similarentitynames-fieldlikelihood" : 0.06745056482597471 , "name" : "default-best" , "score" : "0.059592538551011355" }
