{ "bi-attributes-/nns" : 0.028497568410580678 , "bi-attributes-fieldlikelihood" : 0.16330939192841673 , "bi-categories-/nns" : 0.18351492491801538 , "bi-categories-fieldlikelihood" : 0.19451041111436643 , "bi-names-/nns" : 0.062178891794712116 , "bi-names-fieldlikelihood" : 0.013208016125957022 , "bi-outgoingentitynames-/nns" : 0.025154533687549847 , "bi-outgoingentitynames-fieldlikelihood" : 0.09783190628246863 , "bi-similarentitynames-/nns" : 0.07717422131234869 , "bi-similarentitynames-fieldlikelihood" : 0.15462013442558445 , "name" : "default-best" , "score" : "0.0555397461430581" }
