{ "bi-attributes-/nns" : 0.0 , "bi-attributes-fieldlikelihood" : 0.21528083595176897 , "bi-categories-/nns" : 0.16719577020396095 , "bi-categories-fieldlikelihood" : 0.34662731799846236 , "bi-names-/nns" : 0.0 , "bi-names-fieldlikelihood" : 0.0 , "bi-outgoingentitynames-/nns" : 0.0 , "bi-outgoingentitynames-fieldlikelihood" : 0.21861048994364524 , "bi-similarentitynames-/nns" : 0.05228558590216251 , "bi-similarentitynames-fieldlikelihood" : 0.0 , "name" : "default-best" , "score" : "0.16652384148157023" }
