{ "bi-attributes-/nns" : 0.0 , "bi-attributes-fieldlikelihood" : 0.1856641931742176 , "bi-categories-/nns" : 0.29989834003445154 , "bi-categories-fieldlikelihood" : 0.25330354302042135 , "bi-names-/nns" : 0.0 , "bi-names-fieldlikelihood" : 0.0 , "bi-outgoingentitynames-/nns" : 0.0010718143306701247 , "bi-outgoingentitynames-fieldlikelihood" : 0.1853556551714647 , "bi-similarentitynames-/nns" : 0.019001350771268452 , "bi-similarentitynames-fieldlikelihood" : 0.05570510349750617 , "name" : "default-best" , "score" : "0.16925847696870996" }
