{ "bi-attributes-/nns" : 0.07241048622951353 , "bi-attributes-fieldlikelihood" : 0.2175380953917435 , "bi-categories-/nns" : 0.3445117874890141 , "bi-categories-fieldlikelihood" : 0.20906554732486768 , "bi-names-/nns" : 0.0 , "bi-names-fieldlikelihood" : 0.0 , "bi-outgoingentitynames-/nns" : 0.0 , "bi-outgoingentitynames-fieldlikelihood" : 0.08906052602424588 , "bi-similarentitynames-/nns" : 0.005383009072110462 , "bi-similarentitynames-fieldlikelihood" : 0.062030548468504865 , "name" : "default-best" , "score" : "0.17510520249509334" }
