{ "bi-attributes-/nns" : 0.09881088268587702 , "bi-attributes-fieldlikelihood" : 0.1250724555028261 , "bi-categories-/nns" : 0.30933153526087015 , "bi-categories-fieldlikelihood" : 0.2007269220212565 , "bi-names-/nns" : 0.0 , "bi-names-fieldlikelihood" : 0.0 , "bi-outgoingentitynames-/nns" : 0.02892131353649249 , "bi-outgoingentitynames-fieldlikelihood" : 0.1438743690923161 , "bi-similarentitynames-/nns" : 0.09326252190036168 , "bi-similarentitynames-fieldlikelihood" : 0.0 , "name" : "default-best" , "score" : "0.18132923538976223" }
