{ "bi-attributes-/nns" : 0.05247744786678448 , "bi-attributes-fieldlikelihood" : 0.0864113814688589 , "bi-categories-/nns" : 0.3286596954794646 , "bi-categories-fieldlikelihood" : 0.262744230751882 , "bi-names-/nns" : 0.0 , "bi-names-fieldlikelihood" : 0.021269651277319647 , "bi-outgoingentitynames-/nns" : 0.04661847992486998 , "bi-outgoingentitynames-fieldlikelihood" : 0.14732819518625476 , "bi-similarentitynames-/nns" : 0.05449091804456559 , "bi-similarentitynames-fieldlikelihood" : 0.0 , "name" : "default-best" , "score" : "0.15538082781562493" }
