{ "bi-attributes-/nns" : 0.0 , "bi-attributes-fieldlikelihood" : 0.10939310431364362 , "bi-categories-/nns" : 0.29788541705236504 , "bi-categories-fieldlikelihood" : 0.30028611432049174 , "bi-names-/nns" : 0.0 , "bi-names-fieldlikelihood" : 0.0029243895120524776 , "bi-outgoingentitynames-/nns" : 0.04958544785912286 , "bi-outgoingentitynames-fieldlikelihood" : 0.15031589771390858 , "bi-similarentitynames-/nns" : 0.05484546244310586 , "bi-similarentitynames-fieldlikelihood" : 0.03476416678530983 , "name" : "default-best" , "score" : "0.16433544567322717" }
