{ "bi-attributes-/nns" : 0.0 , "bi-attributes-fieldlikelihood" : 0.2073414025351581 , "bi-categories-/nns" : 0.29160941551306085 , "bi-categories-fieldlikelihood" : 0.1691624228739936 , "bi-names-/nns" : 0.04106201498106602 , "bi-names-fieldlikelihood" : 0.0 , "bi-outgoingentitynames-/nns" : 0.060787367723822545 , "bi-outgoingentitynames-fieldlikelihood" : 0.19139289977586113 , "bi-similarentitynames-/nns" : 0.021458193332135684 , "bi-similarentitynames-fieldlikelihood" : 0.01718628326490198 , "name" : "default-best" , "score" : "0.15212107609868383" }
