{ "bi-attributes-/nns" : 0.04254468403318573 , "bi-attributes-fieldlikelihood" : 0.04052837224684043 , "bi-categories-/nns" : 0.2837512775278677 , "bi-categories-fieldlikelihood" : 0.15349080044598848 , "bi-names-/nns" : 0.0 , "bi-names-fieldlikelihood" : 0.006436863006725884 , "bi-outgoingentitynames-/nns" : 0.15298158250644517 , "bi-outgoingentitynames-fieldlikelihood" : 0.046538564179548665 , "bi-similarentitynames-/nns" : 0.273727856053398 , "bi-similarentitynames-fieldlikelihood" : 0.0 , "name" : "default-best" , "score" : "0.12267421653591803" }
