{ "bi-attributes-/nns" : 0.041238219287813634 , "bi-attributes-fieldlikelihood" : 0.0762088433700594 , "bi-categories-/nns" : 0.21354052652460667 , "bi-categories-fieldlikelihood" : 0.04134157322086581 , "bi-names-/nns" : 0.1751434501857433 , "bi-names-fieldlikelihood" : 0.08154977600775873 , "bi-outgoingentitynames-/nns" : 0.17513799820199474 , "bi-outgoingentitynames-fieldlikelihood" : 0.0 , "bi-similarentitynames-/nns" : 0.04674729383196058 , "bi-similarentitynames-fieldlikelihood" : 0.14909231936919717 , "name" : "default-best" , "score" : "0.28299182016783886" }
