{ "bi-attributes-/nns" : 0.0075340847687372725 , "bi-attributes-fieldlikelihood" : 0.14212417776867595 , "bi-categories-/nns" : 0.08780224036247017 , "bi-categories-fieldlikelihood" : 0.008954800660267387 , "bi-names-/nns" : 0.0898612973465259 , "bi-names-fieldlikelihood" : 0.15524943524338458 , "bi-outgoingentitynames-/nns" : 0.020526919798067138 , "bi-outgoingentitynames-fieldlikelihood" : 0.0 , "bi-similarentitynames-/nns" : 0.2406266311263336 , "bi-similarentitynames-fieldlikelihood" : 0.24732041292553805 , "name" : "default-best" , "score" : "0.29413704171822874" }
