{ "bi-attributes-/nns" : 0.0928277492808265 , "bi-attributes-fieldlikelihood" : 0.07533177795395982 , "bi-categories-/nns" : 0.1635761451333196 , "bi-categories-fieldlikelihood" : 0.04593446070996622 , "bi-names-/nns" : 0.1767956999584463 , "bi-names-fieldlikelihood" : 0.07409832131137248 , "bi-outgoingentitynames-/nns" : 0.03246139115550412 , "bi-outgoingentitynames-fieldlikelihood" : 0.0 , "bi-similarentitynames-/nns" : 0.22329235084353033 , "bi-similarentitynames-fieldlikelihood" : 0.11568210365307453 , "name" : "default-best" , "score" : "0.2728777553920502" }
