{ "name" : "default-best-best" , "od-/const" : 0.035638594485344774 , "od-/google-ngrams-word-invcount" : 0.02518541277618006 , "od-/nnp" : -0.050498951710793154 , "od-/nns" : -0.052631578947368404 , "od-/np-part" : 0.0 , "score" : "0.1458276834811389" , "uni-/const" : 0.16739590574542765 , "uni-/google-ngrams-word-invcount" : 0.20299466311454903 , "uni-/jjs" : 0.050072228860376156 , "uni-/nn" : 0.11639599988268552 , "uni-/nnp" : 0.20118072460585973 , "uni-/nns" : 0.1102360093363836 , "uww-/const" : 0.011226289390800592 , "uww-/google-ngrams-word-invcount" : 0.03275863694072404 , "uww-/nnp" : 0.07167632655666772 , "uww-/nns" : 0.018235834842164383 , "uww-/np-part" : 0.06013390412099799 }
