{ "name" : "default-best-best" , "od-/const" : 0.024545696802924472 , "od-/google-ngrams-word-invcount" : 0.01534952765429344 , "od-/nnp" : 0.0 , "od-/nns" : 0.0 , "od-/np-part" : 0.02361805870658763 , "score" : "0.1272987530634754" , "uni-/const" : 0.17794406010599997 , "uni-/google-ngrams-word-invcount" : 0.16938757187996845 , "uni-/jjs" : 0.18002889541677602 , "uni-/nn" : 0.12141994859093702 , "uni-/nnp" : 0.08632871237752394 , "uni-/nns" : 0.13270396735763929 , "uww-/const" : 0.04762448513718645 , "uww-/google-ngrams-word-invcount" : 0.021049075970163256 , "uww-/nnp" : 0.0 , "uww-/nns" : 0.0 , "uww-/np-part" : 0.0 }
