{ "name" : "default-best-best" , "od-/const" : 0.0 , "od-/google-ngrams-word-invcount" : 0.05741687859629295 , "od-/nnp" : 0.014559869832993724 , "od-/nns" : 0.06297465400182713 , "od-/np-part" : 0.0 , "score" : "0.13319948665254716" , "uni-/const" : 0.22134042956443908 , "uni-/google-ngrams-word-invcount" : 0.15549315604971772 , "uni-/jjs" : 0.15349288286417145 , "uni-/nn" : 0.06723924561774085 , "uni-/nnp" : 0.1739859186056604 , "uni-/nns" : 0.019042489430446674 , "uww-/const" : 0.019925212659844403 , "uww-/google-ngrams-word-invcount" : 0.046786123095380536 , "uww-/nnp" : -0.04993668104846796 , "uww-/nns" : 0.057679820729953216 , "uww-/np-part" : 0.0 }
