{ "name" : "default-best-best" , "od-/const" : 0.06276446382328989 , "od-/google-ngrams-word-invcount" : 0.010313606011506658 , "od-/nnp" : 0.0690280827247871 , "od-/nns" : 0.0 , "od-/np-part" : -0.06926851219641081 , "score" : "0.23162188679607323" , "uni-/const" : 0.18313838180302522 , "uni-/google-ngrams-word-invcount" : 0.11297603488192169 , "uni-/jjs" : 0.06276446382328989 , "uni-/nn" : 0.06276446382328989 , "uni-/nnp" : 0.0 , "uni-/nns" : 0.1651009023789052 , "uww-/const" : 0.026076366870416836 , "uww-/google-ngrams-word-invcount" : 0.11562377453203795 , "uww-/nnp" : 0.07198921304889949 , "uww-/nns" : 0.009098147836088664 , "uww-/np-part" : 0.11763061063895226 }
