{ "name" : "default-best-best" , "od-/const" : 0.0 , "od-/google-ngrams-word-invcount" : 0.0 , "od-/nnp" : 0.10152738919493927 , "od-/nns" : 0.04590134788168721 , "od-/np-part" : 0.0 , "score" : "0.2257941241644103" , "uni-/const" : 0.2642972521442291 , "uni-/google-ngrams-word-invcount" : 0.051410704089161874 , "uni-/jjs" : -0.24992302011438675 , "uni-/nn" : -0.12151132479362022 , "uni-/nnp" : 0.17779260448875575 , "uni-/nns" : 0.17097857992403553 , "uww-/const" : 0.04974487586180427 , "uww-/google-ngrams-word-invcount" : 0.04761048997668447 , "uww-/nnp" : 0.21284443263421218 , "uww-/nns" : 0.0 , "uww-/np-part" : 0.2493266687124975 }
