{ "name" : "default-best-best" , "od-/const" : 0.021470058522762795 , "od-/google-ngrams-word-invcount" : 0.11739707266163348 , "od-/nnp" : 0.0 , "od-/nns" : 0.013597052109799368 , "od-/np-part" : 0.01087164133051828 , "score" : "0.25018809333233166" , "uni-/const" : 0.17181498682049864 , "uni-/google-ngrams-word-invcount" : 0.05720589501514672 , "uni-/jjs" : 0.0314359428024185 , "uni-/nn" : 0.010624892973515421 , "uni-/nnp" : 0.12029893672569772 , "uni-/nns" : 0.12289126189560573 , "uww-/const" : 0.007714823116104535 , "uww-/google-ngrams-word-invcount" : 0.05729676722061314 , "uww-/nnp" : 0.17206520983527102 , "uww-/nns" : 0.02152356076674398 , "uww-/np-part" : 0.06379189820367072 }
