{ "name" : "default-best-best" , "od-/const" : 0.21102383344607825 , "od-/google-ngrams-word-invcount" : 0.10289269161723168 , "od-/nnp" : 0.05364350323688323 , "od-/nns" : -0.05540166204986154 , "od-/np-part" : -0.06818918005011564 , "score" : "0.21168263717555827" , "uni-/const" : 0.07730805467183005 , "uni-/google-ngrams-word-invcount" : 0.22150363806212967 , "uni-/jjs" : 0.0 , "uni-/nn" : 0.054399842259097324 , "uni-/nnp" : 0.023593012138895437 , "uni-/nns" : 0.20418119480116503 , "uww-/const" : 0.03269730170768663 , "uww-/google-ngrams-word-invcount" : 0.029294509540889333 , "uww-/nnp" : 0.030258266241345116 , "uww-/nns" : 0.08279499437674578 , "uww-/np-part" : 0.0 }
