{ "name" : "default-best-best" , "od-/const" : 0.2668879823838711 , "od-/google-ngrams-word-invcount" : 0.09057501003272844 , "od-/nnp" : 0.04060937154505667 , "od-/nns" : -0.06476337628507649 , "od-/np-part" : 0.0 , "score" : "0.26212233087839265" , "uni-/const" : 0.2612620787254936 , "uni-/google-ngrams-word-invcount" : 0.303799525172123 , "uni-/jjs" : 0.014852232788285057 , "uni-/nn" : -0.05263157894736842 , "uni-/nnp" : 0.2446733308016615 , "uni-/nns" : -0.08449372021643856 , "uww-/const" : 0.1539025995563816 , "uww-/google-ngrams-word-invcount" : 0.15742428174382625 , "uww-/nnp" : -0.15020656121390547 , "uww-/nns" : -0.11371920104971572 , "uww-/np-part" : -0.06817197503692263 }
