{ "name" : "default-best-best" , "od-/const" : 0.0041385582104780634 , "od-/google-ngrams-word-invcount" : 0.02635315333779591 , "od-/nnp" : 0.1144325388844217 , "od-/nns" : 0.0 , "od-/np-part" : 0.0 , "score" : "0.4277109900077866" , "uni-/const" : 0.2025930017066337 , "uni-/google-ngrams-word-invcount" : 0.0 , "uni-/jjs" : 0.2056121246720587 , "uni-/nn" : 0.05329528995166555 , "uni-/nnp" : 0.0 , "uni-/nns" : 0.050933841503948134 , "uww-/const" : 0.13436116579637916 , "uww-/google-ngrams-word-invcount" : 0.019187444687420018 , "uww-/nnp" : 0.13420037793367154 , "uww-/nns" : 0.0 , "uww-/np-part" : 0.05489250331552731 }
