{ "name" : "default-best" , "score" : "0.03901454509480139" , "uni-content-/nnp" : 0.3423878036080865 , "uni-content-/nns" : 0.3438927565803103 , "uni-content-fieldlikelihood" : 0.2966404040821909 , "uni-title-/nnp" : 0.013173899107556375 , "uni-title-/nns" : -0.05012531328320803 , "uni-title-fieldlikelihood" : 0.05403044990506389 }
