{ "name" : "default-best" , "score" : "0.04043519460581024" , "uni-content-/nnp" : 0.2796146056700953 , "uni-content-/nns" : 0.46540909216787185 , "uni-content-fieldlikelihood" : 0.19447359528047584 , "uni-title-/nnp" : 0.07424373454227784 , "uni-title-/nns" : -0.050125313283208024 , "uni-title-fieldlikelihood" : 0.036384285622487265 }
