{ "name" : "default-best" , "score" : "0.03739342001334196" , "uni-content-/nnp" : 0.4564004797764898 , "uni-content-/nns" : 0.2290782578674555 , "uni-content-fieldlikelihood" : 0.27371964514497993 , "uni-title-/nnp" : 0.11663520914685782 , "uni-title-/nns" : -0.13253166717630271 , "uni-title-fieldlikelihood" : 0.05669807524051959 }
