{ "name" : "default-best" , "score" : "0.028993488703891113" , "uni-content-/nnp" : 0.20967867160341938 , "uni-content-/nns" : 0.34694893681884914 , "uni-content-fieldlikelihood" : 0.3800272091627111 , "uni-title-/nnp" : 0.0 , "uni-title-/nns" : 5.961208628512683E-4 , "uni-title-fieldlikelihood" : 0.06274906155216915 }
