{ "name" : "default-best" , "score" : "0.0367744566764823" , "uni-content-/nnp" : 0.1909153476166489 , "uni-content-/nns" : 0.3642504477300445 , "uni-content-fieldlikelihood" : 0.30753365066831906 , "uni-title-/nnp" : 0.12143419584467709 , "uni-title-/nns" : 0.0 , "uni-title-fieldlikelihood" : 0.015866358140310476 }
