{ "name" : "default-best" , "score" : "0.06015835011885867" , "uni-content-/nnp" : 0.3130754228443392 , "uni-content-/nns" : 0.384973687008406 , "uni-content-fieldlikelihood" : 0.28424720380940205 , "uni-title-/nnp" : -0.1012848464458354 , "uni-title-/nns" : 0.11195873661448572 , "uni-title-fieldlikelihood" : 0.007029796169202532 }
