{ "name" : "default-best" , "score" : "0.05990671016058812" , "uni-content-/nnp" : 0.12044873343381649 , "uni-content-/nns" : 0.49663436548337075 , "uni-content-fieldlikelihood" : 0.38105543311277124 , "uni-title-/nnp" : 0.0 , "uni-title-/nns" : 0.054889765698357046 , "uni-title-fieldlikelihood" : -0.05302829772831554 }
