{ "name" : "default-best" , "score" : "0.053275249792487" , "uni-content-/nnp" : 0.31149595974851557 , "uni-content-/nns" : 0.369467103084423 , "uni-content-fieldlikelihood" : 0.2379204780990781 , "uni-title-/nnp" : -0.055540513333194486 , "uni-title-/nns" : 0.13665697240117766 , "uni-title-fieldlikelihood" : 0.0 }
