{ "name" : "default-best" , "score" : "0.04061461118228015" , "uni-content-/nnp" : 0.3457665187189679 , "uni-content-/nns" : 0.3515858239577051 , "uni-content-fieldlikelihood" : 0.07654072785987112 , "uni-title-/nnp" : -0.052450958316641386 , "uni-title-/nns" : 0.27855788778009727 , "uni-title-fieldlikelihood" : 0.0 }
