{ "name" : "default-best" , "score" : "0.05608781805727439" , "uni-content-/nnp" : 0.48636462618378745 , "uni-content-/nns" : 0.16016619790401151 , "uni-content-fieldlikelihood" : 0.3958600591951875 , "uni-title-/nnp" : -0.1528951943907848 , "uni-title-/nns" : 0.09112655199908874 , "uni-title-fieldlikelihood" : 0.01937775910870942 }
