{ "name" : "default-best" , "score" : "0.03789433723648281" , "uni-content-/nnp" : 0.33122325313602746 , "uni-content-/nns" : 0.3338632260102644 , "uni-content-fieldlikelihood" : 0.2839689457682693 , "uni-title-/nnp" : 0.0 , "uni-title-/nns" : 0.050944575085438815 , "uni-title-fieldlikelihood" : 0.0 }
