{ "name" : "default-best" , "score" : "0.036320736925569135" , "uni-content-/nnp" : 0.2883626920261478 , "uni-content-/nns" : 0.28845679663929913 , "uni-content-fieldlikelihood" : 0.2891560520738257 , "uni-title-/nnp" : 0.0 , "uni-title-/nns" : 0.11738460587980443 , "uni-title-fieldlikelihood" : 0.01663985338092294 }
