{ "name" : "default-best" , "score" : "0.023702038736898835" , "uni-content-/nnp" : 0.3500947424139745 , "uni-content-/nns" : 0.2138996286616709 , "uni-content-fieldlikelihood" : 0.3054724492365118 , "uni-title-/nnp" : 0.0 , "uni-title-/nns" : 0.11336831381136533 , "uni-title-fieldlikelihood" : 0.017164865876477503 }
