{ "name" : "default-best" , "score" : "0.04121396086062289" , "uni-content-/nnp" : 0.3498543824022269 , "uni-content-/nns" : 0.22317885096011905 , "uni-content-fieldlikelihood" : 0.3787552503318836 , "uni-title-/nnp" : 0.0 , "uni-title-/nns" : 0.04821151630577045 , "uni-title-fieldlikelihood" : 0.0 }
