{ "name" : "default-best" , "score" : "0.03448441887266106" , "uni-content-/nnp" : 0.2709491214225893 , "uni-content-/nns" : 0.47447809683341785 , "uni-content-fieldlikelihood" : 0.2705471113098951 , "uni-title-/nnp" : -0.1710001121024828 , "uni-title-/nns" : 0.10981152577238378 , "uni-title-fieldlikelihood" : 0.0452142567641968 }
