{ "name" : "default-best" , "score" : "0.1628649752514577" , "uni-content-/nnp" : 0.19575512120879443 , "uni-content-/nns" : 0.2456931125500346 , "uni-content-fieldlikelihood" : 0.3119617630869479 , "uni-title-/nnp" : 0.09106114004555341 , "uni-title-/nns" : 0.09161617838537194 , "uni-title-fieldlikelihood" : 0.06391268472329766 }
