{ "name" : "default-best" , "score" : "0.1536432385667758" , "uni-content-/nnp" : 0.19807052197683442 , "uni-content-/nns" : 0.20108016650639415 , "uni-content-fieldlikelihood" : 0.3674649375247218 , "uni-title-/nnp" : 0.09961767538008089 , "uni-title-/nns" : 0.06806982568773572 , "uni-title-fieldlikelihood" : 0.06569687292423308 }
