{ "name" : "default-best" , "score" : "0.1507212169760043" , "uni-content-/nnp" : 0.3341611768576394 , "uni-content-/nns" : 0.15566798528494458 , "uni-content-fieldlikelihood" : 0.14023038133906385 , "uni-title-/nnp" : 0.10075703761696707 , "uni-title-/nns" : 0.24501201044075593 , "uni-title-fieldlikelihood" : 0.02417140846062919 }
