{ "name" : "default-best" , "score" : "0.1280227040619712" , "uni-content-/nnp" : 0.3005408814291726 , "uni-content-/nns" : 0.2319169292137948 , "uni-content-fieldlikelihood" : 0.25845651384487794 , "uni-title-/nnp" : 0.11394532334523315 , "uni-title-/nns" : 0.05276348766653475 , "uni-title-fieldlikelihood" : 0.04237686450038662 }
