{ "name" : "default-best" , "score" : "0.14705535448393778" , "uni-content-/nnp" : 0.2555983710325972 , "uni-content-/nns" : 0.34890577502531833 , "uni-content-fieldlikelihood" : 0.1659491141155895 , "uni-title-/nnp" : 0.1042269806578986 , "uni-title-/nns" : 0.09640238131399874 , "uni-title-fieldlikelihood" : 0.028917377854597585 }
