{ "name" : "default-best" , "score" : "0.13236812314704688" , "uni-attributes" : 0.3649901968728143 , "uni-categories" : 0.3533194840554541 , "uni-names" : 0.03787879181543965 , "uni-outgoingentitynames" : 0.21209486670525163 , "uni-similarentitynames" : 0.031716660551040415 }
