{ "name" : "default-best" , "score" : "0.1487954700640115" , "uni-attributes" : 0.3749256202479681 , "uni-categories" : 0.009951185463648602 , "uni-names" : 0.4256395084584625 , "uni-outgoingentitynames" : 0.015248742144471075 , "uni-similarentitynames" : 0.17423494368544973 }
