{ "name" : "default-best" , "score" : "0.114013317446078" , "uni-attributes" : 0.13536463234170043 , "uni-categories" : 0.054478720239533845 , "uni-names" : 0.6696045223223566 , "uni-outgoingentitynames" : 0.0 , "uni-similarentitynames" : 0.14055212509640905 }
