{ "name" : "default-best" , "score" : "0.11995892546308838" , "uni-attributes" : 0.07595203632760239 , "uni-categories" : 0.11753595587638713 , "uni-names" : 0.6525990603184335 , "uni-outgoingentitynames" : 0.013644021891559461 , "uni-similarentitynames" : 0.14026892558601745 }
