{ "name" : "default-best" , "score" : "0.12866454972459437" , "uni-attributes" : 0.12866719316307734 , "uni-categories" : 0.07684484640358069 , "uni-names" : 0.637769995726083 , "uni-outgoingentitynames" : 6.210831469485177E-4 , "uni-similarentitynames" : 0.1560968815603105 }
