{ "name" : "default-best" , "score" : "0.15206312037864256" , "uni-attributes" : 0.4051928562193178 , "uni-categories" : 0.0 , "uni-names" : 0.3930390490864151 , "uni-outgoingentitynames" : 0.0 , "uni-similarentitynames" : 0.20176809469426701 }
