{ "name" : "default-best" , "score" : "0.1559736201652518" , "uni-attributes" : 0.3878141906935253 , "uni-categories" : 0.028781529098724966 , "uni-names" : 0.4063850588701971 , "uni-outgoingentitynames" : 0.0 , "uni-similarentitynames" : 0.17701922133755257 }
