{ "name" : "default-best" , "score" : "0.08627976627494037" , "uni-attributes" : 0.419864232772612 , "uni-categories" : 0.12501936674301034 , "uni-names" : 0.34413937369971836 , "uni-outgoingentitynames" : 0.053176375559344964 , "uni-similarentitynames" : 0.057800651225314414 }
