{ "name" : "default-best" , "score" : "0.135615885243974" , "uni-attributes" : 0.41080943895518784 , "uni-categories" : 0.45652670418067204 , "uni-names" : 0.0 , "uni-outgoingentitynames" : 0.1326638568641401 , "uni-similarentitynames" : 0.0 }
