{ "name" : "default-best" , "score" : "0.13223436578887085" , "uni-attributes" : 0.4001844867929785 , "uni-categories" : 0.0 , "uni-names" : 0.39023612473446095 , "uni-outgoingentitynames" : 0.0 , "uni-similarentitynames" : 0.20957938847256039 }
