{ "name" : "default-best" , "score" : "0.1540561790054594" , "uni-attributes" : 0.35551582498840917 , "uni-categories" : 0.4591706785688874 , "uni-names" : 0.06113083075389621 , "uni-outgoingentitynames" : 0.1241826656888072 , "uni-similarentitynames" : 0.0 }
