{ "name" : "default-best" , "score" : "0.12944291583746814" , "uni-attributes" : 0.23280928412560226 , "uni-categories" : 0.04733274385482504 , "uni-names" : 0.4880511931449613 , "uni-outgoingentitynames" : 0.0 , "uni-similarentitynames" : 0.23180677887461143 }
