{ "name" : "default-best" , "score" : "0.13482561550428063" , "uni-attributes" : 0.5674481374739428 , "uni-categories" : 0.27163441460658766 , "uni-names" : 0.0 , "uni-outgoingentitynames" : 0.16091744791946944 , "uni-similarentitynames" : 0.0 }
