{ "name" : "default-best" , "score" : "0.13082639906035898" , "uni-attributes" : 0.1286234563619252 , "uni-categories" : 0.0946861879612613 , "uni-names" : 0.6414757722607997 , "uni-outgoingentitynames" : 0.0 , "uni-similarentitynames" : 0.1352145834160139 }
