{ "name" : "default-best" , "score" : "0.1292983328257346" , "uni-attributes" : 0.3522866277327405 , "uni-categories" : 0.355385416324472 , "uni-names" : 0.11923030068592146 , "uni-outgoingentitynames" : 0.17309765525686605 , "uni-similarentitynames" : 0.0 }
